timeSeconds,distanceMeters,prxDbm,snrDb,worldX,worldY,worldZ,txGainDbi,pathLossDb,buildingCollisions
0,46.6146469,-84.33987,19.6601315,94.67,8.592,-110.69,-22.2148857,95.1249847,2
0.06705856,46.6146469,-84.33987,19.6601315,94.67,8.592,-110.69,-22.2148857,95.1249847,2
0.117107391,45.90855,-82.46702,21.53298,93.82619,8.603926,-111.0458,-20.4746132,94.99241,2
0.169063568,45.58624,-82.11156,21.8884449,93.43802,8.609402,-111.20945,-20.1803436,94.93121,2
0.219182968,45.2605553,-82.04928,21.9507236,93.0437851,8.61496,-111.375633,-20.1803436,94.8689346,2
0.270433426,44.95194,-80.6179657,23.3820362,92.66828,8.620252,-111.533928,-18.80846,94.8095,2
0.322265625,44.6356354,-80.55663,23.44337,92.28141,8.625702,-111.697006,-18.80846,94.74817,2
0.3788643,44.2875175,-80.4886246,23.5113773,91.8531647,8.631734,-111.877533,-18.80846,94.68016,2
0.4293251,43.97736,-79.4083252,24.5916748,91.46936,8.637139,-112.039322,-17.7892075,94.61912,2
0.479923248,43.6425171,-79.2446,24.7554016,91.052536,8.643008,-112.215019,-17.6918678,94.5527344,2
0.530637741,43.3344345,-78.3984451,25.601553,90.66664,8.648441,-112.3777,-16.90725,94.4911957,2
0.5812874,43.0323334,-78.3376846,25.6623173,90.28595,8.653801,-112.538185,-16.90725,94.4304352,2
0.6332817,42.7124939,-78.27288,25.7271156,89.8803253,8.659512,-112.709167,-16.90725,94.36563,2
0.6839638,42.41505,-77.619545,26.3804512,89.5006256,8.664857,-112.869217,-16.3146133,94.30493,2
0.7400074,42.0650444,-77.64143,26.3585644,89.05063,8.671191,-113.058907,-16.408474,94.23296,2
0.8004055,41.73888,-77.1658249,26.834177,88.62803,8.67714,-113.237053,-16.000473,94.16535,2
0.858301163,41.37864,-77.09053,26.9094677,88.15745,8.6837635,-113.435425,-16.000473,94.09006,2
0.9171715,41.05032,-77.02134,26.97866,87.724884,8.689854,-113.617775,-16.000473,94.02087,2
0.984205246,40.7054558,-77.16223,26.83777,87.26655,8.696305,-113.810989,-16.2146416,93.9475861,2
1.03425217,40.35279,-76.95966,27.0403385,86.7934,8.702966,-114.010437,-16.0876541,93.87201,2
1.08487511,40.0938072,-76.90373,27.0962639,86.44294,8.707899,-114.15818,-16.0876541,93.81608,2
1.13492584,39.807972,-76.84159,27.15841,86.05303,8.71338749,-114.322556,-16.0876541,93.75394,2
1.19143486,39.4752426,-76.74074,27.259264,85.5948639,8.719837,-114.5157,-16.0597038,93.68103,2
1.24716,39.1879158,-78.23027,25.7697315,85.1953,8.725462,-114.684135,-17.61269,93.61758,2
1.30266953,38.86626,-78.19491,25.8050919,84.74345,8.731822,-114.8746,-17.6489182,93.54599,2
1.3535881,38.5894165,-78.13282,25.8671818,84.35049,8.737352,-115.040253,-17.6489182,93.4839,2
1.40462112,38.30669,-78.1739349,25.826067,83.94509,8.743059,-115.211143,-17.7539063,93.42003,2
1.45610619,38.03935,-83.02267,20.9773369,83.5577545,8.748512,-115.374428,-22.6634674,93.3592,2
1.50784683,37.7905121,-82.9034958,21.0965023,83.19354,8.753639,-115.527969,-22.6013069,93.30219,2
1.56054688,37.49481,-82.76029,21.239706,82.75587,8.759799,-115.712463,-22.5263367,93.2339554,2
1.61639786,37.214592,-82.69514,21.304863,82.3359451,8.76571,-115.889488,-22.5263367,93.1688,2
1.66789818,36.9522171,-82.57275,21.42725,81.93793,8.771313,-116.057274,-22.4654045,93.1073456,2
1.72064209,36.6912537,-89.29953,14.7004719,81.53713,8.776954,-116.226219,-29.2537422,93.045784,2
1.77787971,36.4067764,-89.2506256,14.7493744,81.09428,8.783188,-116.41291,-29.2724457,92.97818,2
1.82795906,36.16141,-89.19189,14.8081121,80.707,8.788639,-116.57618,-29.2724457,92.91944,2
1.8823185,35.9176979,-88.8307953,15.1692028,80.31718,8.79412651,-116.740509,-28.9700928,92.8607,2
1.93971062,35.6387825,-84.81046,19.1895351,79.8643,8.800501,-116.931427,-25.0174713,92.79299,2
1.99016953,35.4141045,-84.75553,19.2444687,79.49391,8.805715,-117.087563,-25.0174713,92.73806,2
2.04525,35.1402168,-85.1276855,18.8723145,79.03518,8.812172,-117.28093,-25.4570618,92.67062,2
2.09861565,34.9205933,-86.44244,17.5575619,78.66119,8.817436,-117.4386,-26.8262711,92.6161652,2
2.15730858,34.66158,-85.376236,18.6237679,78.21258,8.8237505,-117.6277,-25.82473,92.551506,2
2.2074604,34.4410858,-88.95999,15.0400076,77.82376,8.829224,-117.791611,-29.46392,92.49607,2
2.26291847,34.1891747,-94.79684,9.203164,77.37113,8.835595,-117.982422,-35.36453,92.4323044,2
2.31520271,33.97572,-93.72093,10.2790661,76.9800339,8.841101,-118.147285,-34.3430252,92.37791,2
2.374712,33.7351379,-93.65921,10.34079,76.5301743,8.847433,-118.336937,-34.3430252,92.316185,2
2.43602562,33.49658,-87.91915,16.08085,76.0738144,8.853857,-118.529312,-28.6646042,92.25455,2
2.49492455,33.2561073,-84.39249,19.6075134,75.60241,8.860493,-118.728035,-25.2005234,92.19196,2
2.54494286,33.0619545,-82.14455,21.8554535,75.21268,8.865978,-118.892326,-23.00344,92.1411057,2
2.59500313,32.87296,-80.6447754,23.3552265,74.82473,8.871439,-119.05587,-21.553463,92.09131,2
2.65445137,32.6684036,-80.3421249,23.6578751,74.39445,8.877496,-119.237251,-21.30503,92.0370941,2
2.7048893,32.4822578,-79.23758,24.7624226,73.99258,8.883153,-119.406654,-20.2501183,91.98746,2
2.75787926,32.30076,-78.4516,25.5484,73.59032,8.888815,-119.576233,-19.51281,91.93879,2
2.81518745,32.1068954,-77.88681,26.11319,73.1481,8.89504,-119.76265,-19.000309,91.8865051,2
2.865488,31.9389229,-77.4914856,26.5085125,72.7532959,8.900597,-119.929092,-18.650547,91.84094,2
2.924593,31.7606773,-77.041626,26.9583759,72.32117,8.906679,-120.111267,-18.2492943,91.79233,2
2.97537041,31.59888,-76.83272,27.167284,71.9157944,8.912385,-120.282158,-18.0847473,91.74797,2
3.02871513,31.457571,-76.7937851,27.206213,71.55032,8.91753,-120.436226,-18.0847473,91.70904,2
3.080904,31.2838821,-76.6464,27.3535976,71.08466,8.924085,-120.632523,-17.9854546,91.66095,2
3.132597,31.1530151,-76.56649,27.4335117,70.72028,8.929214,-120.786133,-17.9419518,91.6245346,2
3.18295479,31.0093422,-76.51538,27.4846172,70.305,8.93506,-120.9612,-17.9309959,91.58439,2
3.23384285,30.891922,-76.5263443,27.4736557,69.95218,8.940025,-121.109932,-17.97491,91.55144,2
3.289957,30.7433662,-76.5803452,27.4196548,69.48589,8.94658852,-121.306496,-18.0707817,91.50957,2
3.35167885,30.6129932,-76.6949844,27.3050137,69.05537,8.952648,-121.487984,-18.2223358,91.47265,2
3.41000938,30.4806557,-76.88041,27.1195927,68.59418,8.95914,-121.682388,-18.445385,91.43502,2
3.46651268,30.3551464,-77.14811,26.85189,68.12971,8.965677,-121.878189,-18.7489281,91.3991852,2
3.52171135,30.25434,-77.51769,26.4823036,67.7336349,8.971252,-122.045151,-19.1474075,91.370285,2
3.574175,30.1514912,-77.96429,26.0357151,67.30377,8.9773035,-122.226364,-19.6235733,91.34071,2
3.63718224,30.0584068,-79.2376556,24.7623444,66.88727,8.983167,-122.401939,-20.9238014,91.31385,2
3.69285774,29.9570961,-79.8697,24.1303,66.39642,8.990076,-122.608856,-21.58517,91.28453,2
3.74331856,29.8872433,-80.32838,23.671627,66.02896,8.995248,-122.763763,-22.0641212,91.26425,2
3.79630852,29.8161831,-80.44199,23.5580025,65.62356,9.000955,-122.934669,-22.1984215,91.243576,2
3.84720421,29.7510147,-80.1469955,23.8530045,65.2152939,9.006701,-123.106766,-21.9224243,91.22457,2
3.90482521,29.6948967,-79.5428162,24.4571838,64.82594,9.012182,-123.2709,-21.3346443,91.20817,2
3.96013832,29.6358433,-78.79218,25.2078171,64.3627,9.018703,-123.466179,-20.6013031,91.19088,2
4.01143456,29.59141,-78.04942,25.950573,63.960537,9.024364,-123.635719,-19.8715782,91.17785,2
4.068014,29.5492554,-77.39514,26.6048546,63.5106163,9.030698,-123.825378,-19.22968,91.16547,2
4.127367,29.5166359,-76.44251,27.5574913,63.083107,9.03671551,-124.0056,-18.2866364,91.1558762,2
4.183958,29.4895954,-76.12007,27.8799286,62.62203,9.043206,-124.199966,-17.97216,91.14791,2
4.24391,29.4718742,-75.88729,28.1127071,62.1878662,9.049317,-124.38298,-17.7446022,91.14269,2
4.30790138,29.4614353,-75.71615,28.2838478,61.7362366,9.05567551,-124.573372,-17.5765381,91.13961,2
4.64123344,29.4600544,-75.715744,28.284256,61.6189,9.057327,-124.622833,-17.5765381,91.1392059,2
4.70609474,29.56666,-75.41876,28.5812359,59.0605,9.09334,-125.70134,-17.2481842,91.17058,2
4.75882149,29.6597977,-75.4583359,28.5416641,58.2087669,9.10532951,-126.060394,-17.260437,91.1979,2
4.811487,29.70996,-75.47481,28.5251942,57.83285,9.110621,-126.218864,-17.26223,91.21258,2
4.86258125,29.7710171,-75.4873,28.5127068,57.4224472,9.116399,-126.391876,-17.2568855,91.23041,2
4.91818428,29.8445053,-75.57681,28.4231834,56.9779472,9.122656,-126.579262,-17.3249931,91.25182,2
4.97162056,29.9154453,-75.57512,28.4248829,56.5868645,9.12815952,-126.744125,-17.3026733,91.2724457,2
5.02232552,29.99111,-75.56707,28.4329319,56.20124,9.133587,-126.906685,-17.2726822,91.29439,2
5.074442,30.0785122,-75.55955,28.44045,55.7877121,9.139408,-127.081009,-17.2398872,91.319664,2
5.13025856,30.1766624,-75.5583649,28.4416332,55.35574,9.145489,-127.2631,-17.2104073,91.34796,2
5.183607,30.2759552,-75.56522,28.4347763,54.9469261,9.151244,-127.43544,-17.1887321,91.3764954,2
5.234331,30.3757381,-75.57975,28.4202538,54.5594635,9.156697,-127.59877,-17.174675,91.4050751,2
5.28441429,30.4812126,-75.6247559,28.3752441,54.17124,9.162162,-127.762428,-17.1895752,91.43518,2
5.341467,30.59689,-75.6412048,28.3587971,53.7454376,9.167955,-127.93396,-17.1731224,91.46808,2
5.39263725,30.70607,-75.6386642,28.36134,53.3385048,9.173256,-128.088531,-17.13964,91.49902,2
5.44349861,30.81834,-75.60916,28.3908386,52.9408226,9.178437,-128.2396,-17.0784416,91.53072,2
5.49414635,30.9327469,-75.64135,28.358654,52.5540123,9.18347549,-128.3865,-17.0784416,91.5629044,2
5.544771,31.054657,-75.57945,28.42055,52.1596,9.188614,-128.536316,-16.98238,91.59707,2
5.606558,31.19706,-75.73879,28.2612057,51.7188721,9.194355,-128.7037,-17.1019859,91.63681,2
5.66581535,31.3624649,-75.5825958,28.4174042,51.23027,9.200719,-128.889282,-16.8998566,91.68274,2
5.71644,31.50108,-75.3801346,28.6198673,50.8374748,9.205836,-129.038452,-16.6590881,91.72105,2
5.767645,31.6195984,-75.13976,28.86024,50.5122948,9.21007252,-129.161942,-16.386097,91.75366,2
6.10989571,31.7011,-75.16212,28.8378811,50.29388,9.212917,-129.244888,-16.386097,91.7760239,2
6.162775,32.94812,-73.75904,30.2409573,47.3365631,9.25144,-130.367889,-14.6478939,92.111145,2
6.215616,33.1305542,-73.4250259,30.574976,46.9487419,9.256492,-130.515121,-14.2659149,92.15911,2
6.2729435,33.34769,-73.10836,30.8916435,46.4983025,9.262359,-130.686157,-13.8925056,92.21585,2
6.33033943,33.5733223,-74.24442,29.7555733,46.04191,9.268304,-130.859451,-14.970005,92.27442,2
6.39551353,33.797802,-74.30231,29.697691,45.59859,9.274077,-131.027786,-14.970005,92.3323059,2
6.4495945,34.0456467,-74.17583,29.824173,45.1204948,9.280305,-131.209335,-14.78006,92.39577,2
6.507799,34.2784157,-75.87655,28.1234531,44.6813736,9.286024,-131.376068,-16.4215965,92.45495,2
6.558031,34.4974,-75.8353653,28.1646385,44.2763329,9.291301,-131.529861,-16.3251,92.51026,2
6.609602,34.706604,-75.88788,28.1121235,43.8961525,9.296254,-131.67421,-16.3251,92.5627747,2
6.66599846,34.96425,-75.86467,28.1353283,43.436367,9.302243,-131.84877,-16.2376518,92.62702,2
6.99163246,35.18905,-72.41118,31.5888176,43.0423164,9.307376,-131.9984,-12.7284966,92.6826859,2
7.04598045,36.7488251,-69.8555145,34.1444855,40.4585571,9.341034,-132.979446,-9.796108,93.0594,2
7.097563,36.9859734,-69.61173,34.3882675,40.085022,9.3459,-133.121277,-9.496456,93.11527,2
7.14872932,37.2497673,-69.40813,34.59187,39.6745872,9.351247,-133.277145,-9.231123,93.17701,2
7.20614052,37.5290947,-68.43477,35.56523,39.2454033,9.356837,-133.4401,-8.192871,93.2419,2
7.261915,37.8257065,-68.1674,35.8326035,38.7954865,9.362699,-133.610947,-7.85712051,93.31028,2
7.325613,38.0657539,-68.22234,35.7776566,38.4354553,9.367389,-133.747635,-7.85712051,93.36523,2
7.38410759,38.45758,-67.4273453,36.5726547,37.8552475,9.374947,-133.967926,-6.973171,93.45418,2
7.434614,38.7334671,-67.48943,36.5105667,37.4519539,9.3802,-134.121063,-6.973171,93.5162659,2
7.49419975,39.0406876,-67.25507,36.7449265,37.00759,9.385988,-134.289764,-6.670189,93.5848846,2
7.545183,39.3496933,-67.32355,36.67645,36.56546,9.391747,-134.457626,-6.670189,93.65336,2
7.595686,39.6128349,-67.0821457,36.91786,36.19255,9.396605,-134.599213,-6.37088966,93.71125,2
7.64679146,39.8814964,-66.94902,37.05098,35.8150978,9.401521,-134.742538,-6.179056,93.7699661,2
7.697874,40.1843567,-66.72833,37.2716675,35.393364,9.407015,-134.9027,-5.892658,93.83568,2
7.75042534,40.4828148,-66.79261,37.2073936,34.9814262,9.412381,-135.059082,-5.892658,93.89995,2
7.81031227,40.80837,-66.58018,37.4198227,34.5361061,9.418184,-135.228165,-5.61065674,93.96952,2
7.86108971,41.095417,-66.92385,37.07615,34.1467552,9.423258,-135.375992,-5.893448,94.0304,2
7.911913,41.3794975,-66.98369,37.01631,33.7643471,9.428239,-135.5212,-5.893448,94.09024,2
7.967886,41.7390175,-66.80264,37.1973572,33.28433,9.434491,-135.703445,-5.63726425,94.16538,2
8.024401,42.07353,-66.87198,37.12802,32.8414764,9.440259,-135.871582,-5.63726425,94.23471,2
8.076132,42.3767166,-66.6959839,37.30402,32.44312,9.445449,-136.022842,-5.398899,94.29708,2
8.126841,42.6835442,-68.00986,35.99014,32.04276,9.45066452,-136.174866,-6.650116,94.35974,2
8.184347,43.0171928,-67.90916,36.0908432,31.6104374,9.456295,-136.33902,-6.481781,94.4273758,2
8.238245,43.33943,-67.97398,36.02602,31.19578,9.461697,-136.49646,-6.481781,94.4922,2
8.288698,43.6359978,-68.03321,35.9667854,30.8165646,9.466636,-136.640457,-6.481781,94.55143,2
8.340132,43.9771957,-67.9432144,36.05678,30.383007,9.472283,-136.805084,-6.324131,94.61909,2
8.394159,44.3113976,-73.24249,30.75751,29.9610519,9.477779,-136.9653,-11.5576458,94.684845,2
8.446978,44.62708,-73.30415,30.69585,29.564846,9.482941,-137.115738,-11.5576458,94.7465057,2
8.497156,44.9318237,-73.32379,30.6762085,29.184473,9.487894,-137.260162,-11.5181751,94.80562,2
8.555384,45.28997,-73.39275,30.6072483,28.73999,9.493684,-137.42894,-11.5181751,94.87457,2
8.613596,45.66555,-73.4644852,30.5355167,28.2767029,9.499719,-137.604858,-11.5181751,94.94631,2
8.663645,45.9930725,-79.4830246,24.5169735,27.874958,9.504952,-137.7574,-17.4746437,95.0083847,2
8.7151165,46.33208,-79.546814,24.4531841,27.4612579,9.510342,-137.914474,-17.4746437,95.0721741,2
8.772127,46.6898232,-79.6136246,24.3863773,27.0269527,9.515999,-138.079346,-17.4746437,95.13898,2
8.822672,47.0064774,-79.66391,24.3360939,26.6444378,9.520982,-138.2246,-17.466217,95.19769,2
8.881521,47.3742752,-79.7316055,24.2683964,26.2022762,9.526742,-138.392487,-17.466217,95.26539,2
8.931658,47.711544,-68.638916,35.361084,25.7987518,9.532,-138.5457,-6.31191254,95.327,2
8.987558,48.0907555,-68.5980759,35.40192,25.3472,9.537881,-138.717163,-6.20231247,95.39577,2
9.038855,48.43285,-68.6596451,35.34035,24.94171,9.543163,-138.871124,-6.20231247,95.45734,2
9.09823,48.79379,-68.72414,35.2758636,24.5157433,9.548711,-139.032852,-6.20231247,95.52183,2
9.155626,49.19894,-68.69135,35.3086433,24.039793,9.55491,-139.213562,-6.097706,95.59365,2
9.214075,49.57276,-68.7571,35.242897,23.6026344,9.560604,-139.379547,-6.097706,95.6594,2
9.272043,49.95952,-65.61769,38.3823128,23.152277,9.566471,-139.550537,-2.890789,95.7269,2
9.326502,50.2946548,-65.67576,38.3242378,22.76358,9.571534,-139.698135,-2.890789,95.78497,2
9.381201,50.6842728,-65.5176,38.4824,22.313406,9.577398,-139.869049,-2.66559982,95.852,2
9.440157,51.09723,-65.58808,38.41192,21.8382435,9.583589,-140.049469,-2.66559982,95.9224854,2
9.498674,51.4818077,-65.65321,38.34679,21.3974915,9.58933,-140.216827,-2.66559982,95.98761,2
9.549768,51.8571548,-65.49759,38.5024071,20.96889,9.59491348,-140.379562,-2.44688225,96.05071,2
9.604956,52.24503,-64.1972351,39.8027649,20.5275764,9.600662,-140.547134,-1.08179855,96.11543,2
9.664385,52.583725,-64.2533646,39.74664,20.1434937,9.605665,-140.692978,-1.08179855,96.17156,2
9.717737,53.00816,-64.32319,39.67681,19.66381,9.611914,-140.875122,-1.08179855,96.24139,2
9.769388,53.35785,-64.12605,39.8739471,19.2699127,9.617046,-141.024689,-0.8275528,96.2985,2
9.827982,53.7605858,-64.19137,39.80863,18.8176823,9.622938,-141.1964,-0.8275528,96.3638153,2
9.877996,54.1102142,-64.24767,39.752327,18.4262943,9.628036,-141.345,-0.8275528,96.42012,2
9.935717,54.5166626,-64.3126755,39.68733,17.972662,9.63394451,-141.517242,-0.8275528,96.48512,2
9.993334,54.92528,-63.53739,40.46261,17.5180283,9.639868,-141.68985,0.012588501,96.54998,2
10.0438023,55.2588921,-63.58999,40.41001,17.1479,9.644689,-141.8304,0.012588501,96.60258,2
10.0942364,55.6274033,-63.64772,40.35228,16.7401028,9.650001,-141.985245,0.012588501,96.66031,2
10.1522465,56.0342369,-63.7110176,40.2889824,16.2911282,9.655849,-142.155716,0.012588501,96.7236,2
10.2106533,56.4512863,-63.775425,40.224575,15.8322058,9.661827,-142.329971,0.012588501,96.78801,2
10.2665081,56.8659935,-63.5804558,40.4195442,15.3771267,9.667755,-142.502747,0.271133423,96.8515854,2
10.321661,57.19923,-63.6312065,40.3687935,15.0123606,9.672506,-142.641251,0.271133423,96.9023361,2
10.377161,57.654438,-63.7745132,40.2254868,14.5153236,9.678983,-142.829956,0.196676254,96.97119,2
10.427927,58.01549,-63.82874,40.17126,14.1221046,9.684104,-142.979248,0.196676254,97.02541,2
10.487257,58.4118729,-63.8878822,40.1121178,13.6914129,9.68971348,-143.142776,0.196676254,97.08456,2
10.5454845,58.8350677,-63.71661,40.28339,13.2327061,9.695688,-143.31694,0.4306507,97.14726,2
10.595892,59.1980324,-63.77003,40.22997,12.8401928,9.700801,-143.465988,0.4306507,97.20068,2
10.6531277,59.62701,-63.8327446,40.1672554,12.3773174,9.706831,-143.641739,0.4306507,97.2634,2
10.70682,60.0061226,-63.8877945,40.1122055,11.9691677,9.712149,-143.796722,0.4306507,97.31844,2
10.761301,60.4122124,-63.94638,40.05362,11.53289,9.717832,-143.962372,0.4306507,97.37703,2
10.8119221,60.7791824,-64.62578,39.3742256,11.1394548,9.722957,-144.111771,-0.1961422,97.4296341,2
10.86931,61.1938324,-64.68483,39.31517,10.695775,9.728737,-144.280228,-0.1961422,97.4886856,2
10.9240208,61.5561867,-64.7361145,39.26389,10.308816,9.733777,-144.427155,-0.1961422,97.53997,2
10.9802876,61.9831429,-64.79615,39.20385,9.853757,9.739704,-144.599945,-0.1961422,97.6000061,2
11.031332,62.35907,-64.84867,39.15133,9.453864,9.744913,-144.7518,-0.1961422,97.65253,2
11.0901585,62.79649,-64.9093857,39.0906143,8.989427,9.750963,-144.928146,-0.1961422,97.71324,2
11.1469364,63.2297058,-64.7856,39.2144,8.53036,9.756944,-145.102432,-0.0126419067,97.77296,2
11.2060566,63.6479836,-64.84287,39.15713,8.08797,9.762706,-145.2704,-0.0126419067,97.83023,2
11.256319,64.01893,-67.06899,36.9310074,7.69629765,9.767808,-145.419083,-2.18828773,97.88071,2
11.3064709,64.39023,-67.1192245,36.88078,7.30489445,9.772906,-145.567688,-2.18828773,97.93093,2
11.3651752,64.82612,-67.1778259,36.8221779,6.84616947,9.778882,-145.741852,-2.18828773,97.98953,2
11.4155712,65.19171,-67.22667,36.77333,6.46206474,9.783885,-145.8877,-2.18828773,98.03838,2
11.4658794,65.55511,-67.2749557,36.7250481,6.088073,9.788794,-146.040344,-2.18828773,98.08666,2
11.5225315,66.0102158,-67.23197,36.76803,5.625351,9.794892,-146.2367,-2.08521271,98.14676,2
11.59321,66.39209,-67.282074,36.717926,5.237632,9.800003,-146.40123,-2.08521271,98.19686,2
11.6493053,66.97039,-67.35741,36.6425972,4.65140533,9.807732,-146.650024,-2.08521271,98.2721939,2
11.70125,67.378006,-67.41011,36.58989,4.23886156,9.81316948,-146.825134,-2.08521271,98.3249,2
11.7521,67.7578354,-67.45894,36.54106,3.85488987,9.818232,-146.9881,-2.08521271,98.3737259,2
11.805891,68.16209,-71.0832,32.9167976,3.446737,9.823614,-147.161346,-5.6578083,98.42539,2
11.8604259,68.57835,-71.1360855,32.8639145,3.026954,9.829147,-147.339523,-5.6578083,98.47828,2
11.9190426,68.99584,-71.15084,32.84916,2.60645413,9.83469,-147.518021,-5.61984634,98.53099,2
11.9694195,69.37556,-71.19851,32.801487,2.22443914,9.83972549,-147.680191,-5.61984634,98.57867,2
12.0199337,69.74901,-71.24514,32.7548561,1.84911072,9.844674,-147.839508,-5.61984634,98.6253,2
12.0775471,70.21895,-71.30347,32.6965332,1.37737679,9.850893,-148.03978,-5.61984634,98.6836243,2
12.1336727,70.67096,-71.3592,32.6407967,0.9241896,9.856869,-148.232162,-5.61984634,98.73936,2
12.18915,71.09448,-71.4111,32.5889,0.5000489,9.862461,-148.4122,-5.61984634,98.79125,2
12.2425175,71.46029,-71.45567,32.544323,0.1340791,9.867285,-148.567551,-5.61984634,98.83583,2
12.2990665,71.93066,-71.5126648,32.48734,-0.336005062,9.873481,-148.7671,-5.61984634,98.8928146,2
12.3519306,72.34737,-71.52812,32.47188,-0.751988232,9.878964,-148.94371,-5.585129,98.94299,2
12.4040127,72.73158,-70.00085,33.999157,-1.13516915,9.884016,-149.106384,-4.01184845,98.989,2
12.4560719,73.09204,-70.0437851,33.9562149,-1.49434507,9.888751,-149.25885,-4.01184845,99.03194,2
12.5114155,73.5564041,-70.09879,33.901207,-1.956615,9.894845,-149.455078,-4.01184845,99.0869446,2
12.5625706,73.94676,-70.14477,33.8552322,-2.34482479,9.899963,-149.619888,-4.01184845,99.13292,2
12.6125736,74.3548355,-70.1925659,33.80743,-2.750283,9.90531,-149.792023,-4.01184845,99.18072,2
12.6708736,74.7862244,-70.24281,33.7571831,-3.178514,9.910955,-149.973816,-4.01184845,99.2309647,2
12.729044,75.23022,-70.29423,33.70577,-3.61885357,9.91675949,-150.160721,-4.01184845,99.28238,2
12.7934361,75.6715,-70.34503,33.65497,-4.056079,9.922523,-150.346344,-4.01184845,99.33318,2
12.8524761,76.1448,-70.3991852,33.60081,-4.524576,9.928699,-150.545227,-4.01184845,99.38734,2
12.9047146,76.6124039,-70.40957,33.5904274,-4.98700237,9.934794,-150.741531,-3.96905518,99.44051,2
12.9583988,77.0020752,-70.4536362,33.54636,-5.372014,9.939871,-150.905,-3.96905518,99.48458,2
13.0106754,77.41108,-70.49966,33.5003471,-5.775826,9.945195,-151.076416,-3.96905518,99.5306,2
13.0671253,77.8462,-66.90002,37.0999832,-6.205054,9.950854,-151.258652,-0.320734024,99.5792847,2
13.1184864,78.27578,-66.9478149,37.05218,-6.62846947,9.956437,-151.438416,-0.320734024,99.62708,2
13.17417,78.70353,-66.9951553,37.00485,-7.04975843,9.961989,-151.617249,-0.320734024,99.6744156,2
13.2249737,79.10827,-67.0397,36.9602928,-7.448084,9.967241,-151.786346,-0.320734024,99.71897,2
13.2773724,79.4707642,-67.0794144,36.92058,-7.804588,9.971941,-151.937683,-0.320734024,99.75868,2
13.3338985,79.93911,-67.130455,36.869545,-8.264846,9.978008,-152.133072,-0.320734024,99.80972,2
13.3852711,80.3565445,-67.1757,36.8243065,-8.674759,9.983412,-152.307083,-0.320734024,99.85496,2
13.4364185,80.7376,-67.21679,36.7832146,-9.048699,9.988341,-152.46582,-0.320734024,99.89605,2
13.4965076,81.17448,-67.17439,36.8256073,-9.477113,9.993989,-152.64769,-0.2314663,99.9429245,2
13.5508175,81.64393,-67.22448,36.77552,-9.937129,10.0000544,-152.842972,-0.2314663,99.99301,2
13.6020679,82.03532,-67.26602,36.7339821,-10.3203783,10.0051069,-153.005676,-0.2314663,100.034554,2
13.6525974,82.4263,-67.30732,36.6926842,-10.70299,10.0101509,-153.1681,-0.2314663,100.075851,2
13.7113323,82.8841,-67.35542,36.6445732,-11.1506824,10.0160532,-153.358185,-0.2314663,100.123962,2
13.7614422,83.2598343,-67.3947144,36.6052856,-11.5179024,10.0208931,-153.514069,-0.2314663,100.163246,2
13.8192348,83.71295,-65.5382462,38.4617577,-11.9604568,10.0267267,-153.70195,1.67214584,100.210388,2
13.8763447,84.19083,-65.5876846,38.4123154,-12.4268646,10.0328751,-153.899963,1.67214584,100.259834,2
13.9277821,84.5736847,-65.6271,38.3729057,-12.8003035,10.0377979,-154.0585,1.67214584,100.29924,2
13.994585,85.03674,-65.67452,38.3254776,-13.2516909,10.0437508,-154.250137,1.67214584,100.346664,2
14.0498753,85.5117,-65.7229,38.2771,-13.7143793,10.04985,-154.446548,1.67214584,100.39505,2
14.1055126,85.988266,-65.77117,38.22883,-14.1783209,10.0559673,-154.6435,1.67214584,100.443321,2
14.1610813,86.44331,-65.68967,38.3103333,-14.6210346,10.0618038,-154.831436,1.79949665,100.489166,2
14.2143917,86.8649445,-65.731926,38.26807,-15.0309963,10.0672083,-155.005463,1.79949665,100.531425,2
14.2696705,87.25443,-65.77079,38.22921,-15.4095011,10.0721989,-155.166138,1.79949665,100.570282,2
14.32482,87.73192,-65.81819,38.18181,-15.8732567,10.0783119,-155.363,1.79949665,100.617691,2
14.38254,88.16162,-65.86063,38.13937,-16.29036,10.0838108,-155.54007,1.79949665,100.660126,2
14.4396915,88.63383,-65.90703,38.09297,-16.7484665,10.08985,-155.734528,1.79949665,100.706528,2
14.4941158,88.9612961,-65.939064,38.06094,-17.0659943,10.0940361,-155.869324,1.79949665,100.738556,2
14.5448818,89.4486,-65.98651,38.01349,-17.5382557,10.1002617,-156.069824,1.79949665,100.786,2
14.5952473,89.85767,-66.0261459,37.9738579,-17.93449,10.1054859,-156.238052,1.79949665,100.825638,2
14.6529408,90.30702,-66.0694656,37.93053,-18.3695278,10.1112194,-156.422714,1.79949665,100.868965,2
14.7061138,90.7015152,-66.10733,37.89267,-18.75126,10.1162519,-156.584763,1.79949665,100.906822,2
14.75947,91.17694,-65.56942,38.4305763,-19.2110786,10.1223145,-156.779968,2.3828125,100.952232,2
14.8118114,91.54872,-65.60477,38.3952332,-19.57048,10.1270533,-156.932541,2.3828125,100.987579,2
14.8695087,91.6951141,-65.4938354,38.50617,-19.935854,10.1296368,-156.68895,2.50762558,101.001457,2
14.93342,91.76638,-65.50058,38.49942,-20.27746,10.1313953,-156.344376,2.50762558,101.008209,2
14.9845257,91.8432159,-65.50785,38.49215,-20.6339455,10.1332264,-155.984436,2.50762558,101.01548,2
15.0354671,91.90981,-41.1162071,62.8837929,-20.9338627,10.1347656,-155.68132,2.62556744,76.7417755,0
15.0953045,91.97892,-41.1227341,62.8772659,-21.236969,10.13632,-155.37471,2.62556744,76.7483,0
15.1465778,92.0604,-41.1304245,62.8695755,-21.584322,10.1381,-155.0231,2.62556744,76.756,0
15.1996632,92.1272354,-41.13673,62.86327,-21.8617134,10.13952,-154.742157,2.62556744,76.7623,0
15.2554264,92.21435,-41.0428,62.9572,-22.2139378,10.141325,-154.385208,2.727705,76.77051,0
15.3162365,92.29892,-65.3307648,38.66924,-22.5463982,10.1430273,-154.048141,2.727705,101.058464,2
15.36688,92.3619461,-65.33669,38.6633072,-22.7885437,10.144268,-153.802551,2.727705,101.0644,2
15.4234333,92.46522,-65.25416,38.745842,-23.1755676,10.14625,-153.409927,2.81994438,101.074104,2
15.48081,92.56207,-65.26325,38.7367477,-23.5284424,10.148057,-153.051834,2.81994438,101.0832,2
15.540472,92.6559,-65.27205,38.7279472,-23.8616161,10.1497631,-152.713669,2.81994438,101.091995,2
15.59646,92.7261047,-65.27863,38.7213669,-24.1871986,10.1451836,-152.336014,2.81994438,101.098579,2
15.6473446,92.63318,-65.182724,38.817276,-24.3145885,10.111289,-151.945984,2.90714169,101.089867,2
15.6985722,92.5351944,-65.17353,38.82647,-24.4486179,10.0750437,-151.5314,2.90714169,101.080673,2
15.7563992,92.42904,-65.16356,38.8364372,-24.5945015,10.03508,-151.0766,2.90714169,101.0707,2
15.8088207,92.3353043,-65.07629,38.9237137,-24.7246017,9.999112,-150.6688,2.98560333,101.06189,2
15.866354,92.22492,-65.0658951,38.9341,-24.8800983,9.955841,-150.179611,2.98560333,101.0515,2
15.9229145,92.1228,-65.0562744,38.9437256,-25.0267811,9.914833,-149.717072,2.98560333,101.041878,2
15.9733944,92.03656,-65.70558,38.29442,-25.1531658,9.879402,-149.318024,2.32816029,101.033745,2
16.0373478,91.94041,-65.63549,38.3645134,-25.297163,9.838963,-148.863083,2.38917542,101.024666,2
16.09054,91.84349,-65.62633,38.3736725,-25.4459629,9.797123,-148.392792,2.38917542,101.0155,2
16.1507549,91.76073,-65.6185,38.3815041,-25.5762768,9.760459,-147.980942,2.38917542,101.007675,2
16.2021465,91.6627,-65.55462,38.445385,-25.7348919,9.715818,-147.4797,2.44377136,100.99839,2
16.25308,91.58806,-65.54754,38.4524574,-25.85906,9.680871,-147.087433,2.44377136,100.99131,2
16.3031864,91.5181046,-65.5409,38.459095,-25.9783154,9.647306,-146.71077,2.44377136,100.984673,2
16.3617039,91.43165,-65.53269,38.4673042,-26.12993,9.604636,-146.23204,2.44377136,100.976463,2
16.4199352,91.35003,-65.47335,38.5266457,-26.2777348,9.563048,-145.7655,2.49535465,100.968712,2
16.4795017,91.27255,-65.46599,38.5340157,-26.4226551,9.522276,-145.3082,2.49535465,100.961342,2
16.5316944,91.2084656,-65.4598846,38.5401154,-26.5462837,9.487502,-144.918167,2.49535465,100.955238,2
16.5853367,91.13077,-65.40645,38.59355,-26.7011642,9.443943,-144.429672,2.54138947,100.947838,2
16.63645,91.0699,-65.40064,38.5993576,-26.8267212,9.408636,-144.033737,2.54138947,100.942032,2
16.6873684,91.01345,-65.395256,38.604744,-26.9468288,9.37486649,-143.655045,2.54138947,100.936646,2
16.7451611,90.946785,-65.38889,38.6111069,-27.09368,9.333585,-143.1921,2.54138947,100.930283,2
16.8035488,90.88299,-65.33928,38.660717,-27.23985,9.292498,-142.731339,2.58490562,100.924187,2
16.857439,90.8296051,-65.3341751,38.66582,-27.3669987,9.256762,-142.330612,2.58490562,100.919083,2
16.913496,90.76979,-65.32845,38.6715431,-27.5152969,9.215084,-141.863281,2.58490562,100.913361,2
16.97125,90.71191,-65.28418,38.71582,-27.6655064,9.1728735,-141.389969,2.623642,100.907822,2
17.0233479,90.66738,-65.2799149,38.7200851,-27.7861214,9.138981,-141.0099,2.623642,100.903557,2
17.0805721,90.6144562,-65.27484,38.72516,-27.93618,9.096819,-140.537155,2.623642,100.898483,2
17.1312084,90.57114,-65.27069,38.72931,-28.0651779,9.06057549,-140.130783,2.623642,100.894333,2
17.1872616,90.52446,-65.22956,38.77044,-28.211359,9.019506,-139.670273,2.66029167,100.889854,2
17.2377033,90.48629,-65.2259,38.7741,-28.3373737,8.984103,-139.2733,2.66029167,100.886192,2
17.2936039,90.47327,-65.22465,38.7753525,-28.50592,8.986732,-138.858063,2.66029167,100.884941,2
17.3440037,90.46287,-65.18901,38.8109856,-28.662468,8.98887,-138.4715,2.69492817,100.883942,2
17.3950825,90.45429,-65.1881943,38.81181,-28.8173065,8.990776,-138.088547,2.69492817,100.883118,2
17.44605,90.44789,-65.18758,38.8124237,-28.960886,8.992406,-137.733032,2.69492817,100.882507,2
17.5064,90.44188,-65.187,38.8130035,-29.14692,8.994379,-137.271942,2.69492817,100.881927,2
17.5626163,90.43852,-65.1539841,38.8460159,-29.329277,8.996204,-136.8196,2.72762012,100.881607,2
17.6131687,90.43768,-65.1539,38.846096,-29.4847736,8.997699,-136.4337,2.72762012,100.881523,2
17.665678,90.43871,-65.154,38.8459969,-29.6417961,8.999168,-136.043808,2.72762012,100.881622,2
17.7223377,90.44214,-65.12539,38.87461,-29.8173485,9.000777,-135.607788,2.75656414,100.88195,2
17.7758732,90.4472961,-65.125885,38.87412,-29.9758949,9.002207,-135.213882,2.75656414,100.882446,2
17.8273335,90.45415,-65.12654,38.87346,-30.1290951,9.003574,-134.833191,2.75656414,100.8831,2
17.8850689,90.46489,-65.12757,38.87243,-30.31417,9.005212,-134.373215,2.75656414,100.884132,2
17.9443,90.47813,-65.0997238,38.9002762,-30.49668,9.006816,-133.919571,2.78568172,100.885406,2
18.0021915,90.49421,-65.10127,38.89873,-30.6815929,9.008433,-133.459885,2.78568172,100.886948,2
18.0602436,90.5122,-65.103,38.8970032,-30.8591423,9.009982,-133.0185,2.78568172,100.88868,2
18.1104183,90.52967,-65.0789642,38.92104,-31.0119972,9.01131248,-132.638443,2.81139183,100.89035,2
18.1696377,90.5526657,-65.08117,38.91883,-31.1924,9.01288,-132.18988,2.81139183,100.892563,2
18.2275219,90.57811,-65.08361,38.9163933,-31.3719769,9.014439,-131.743362,2.81139183,100.895,2
18.28211,90.60646,-65.0620956,38.9379,-31.5538063,9.016016,-131.2912,2.83562088,100.89772,2
18.335722,90.6344147,-65.06477,38.9352226,-31.7186432,9.017446,-130.881287,2.83562088,100.9004,2
18.3954868,90.66352,-65.0675659,38.9324341,-31.8782215,9.018827,-130.484451,2.83562088,100.903191,2
18.4487171,90.70151,-65.0712051,38.9287949,-32.0717125,9.020504,-130.0033,2.83562088,100.906822,2
18.50733,90.73693,-65.05327,38.9467278,-32.23998,9.021961,-129.584824,2.856945,100.910217,2
18.5623035,90.76724,-65.0561752,38.94383,-32.37618,9.023142,-129.246124,2.856945,100.913116,2
18.6176281,90.8201141,-65.06123,38.93877,-32.59962,9.025076,-128.690445,2.856945,100.918175,2
18.6692257,90.8569946,-65.04324,38.9567566,-32.7464867,9.026348,-128.3252,2.878459,100.9217,2
18.7194614,90.8995056,-65.04731,38.9526939,-32.908,9.027746,-127.923515,2.878459,100.925766,2
18.770052,90.93991,-65.05117,38.9488335,-33.0547829,9.029017,-127.558464,2.878459,100.929626,2
18.827383,90.99502,-65.03755,38.9624519,-33.2458038,9.03067,-127.08342,2.897338,100.934891,2
18.8843479,91.0042343,-65.03843,38.96157,-33.3620567,9.032663,-126.694679,2.897338,100.935768,2
18.93799,90.95307,-65.03355,38.9664536,-33.44665,9.036414,-126.178894,2.897338,100.930885,2
18.9926167,90.91007,-65.0294342,38.970562,-33.5219269,9.03975,-125.720016,2.897338,100.926773,2
19.0485668,90.87511,-65.00834,38.99166,-33.586422,9.042609,-125.326874,2.91509628,100.923431,2
19.1044636,90.83395,-65.0044,38.9955978,-33.6668625,9.046174,-124.836578,2.91509628,100.9195,2
19.161478,90.79552,-65.0007248,38.99927,-33.74721,9.049734,-124.346794,2.91509628,100.915825,2
19.2125149,90.76553,-64.98233,39.0176659,-33.8141747,9.0527,-123.938545,2.930622,100.912956,2
19.2643681,90.73854,-64.97975,39.0202522,-33.8783836,9.055545,-123.547058,2.930622,100.91037,2
19.3210278,90.70567,-64.9766,39.0234,-33.962822,9.059286,-123.032242,2.930622,100.907227,2
19.3712368,90.6823654,-64.97437,39.02563,-34.0279579,9.062173,-122.635094,2.930622,100.904991,2
19.4242153,90.67488,-64.95903,39.0409737,-34.10623,9.033271,-122.213928,2.94524765,100.904274,2
19.4797611,90.67229,-64.95878,39.04122,-34.20165,8.990838,-121.712013,2.94524765,100.90403,2
19.5404682,90.6725159,-64.9588,39.0412,-34.29157,8.950534,-121.238792,2.94524765,100.904045,2
19.5971622,90.67559,-64.94432,39.0556831,-34.3867836,8.907622,-120.737549,2.96002579,100.904343,2
19.6491985,90.68035,-64.94477,39.0552254,-34.4659424,8.871814,-120.320724,2.96002579,100.9048,2
19.7050571,90.68818,-64.9455261,39.0544777,-34.55561,8.831151,-119.848541,2.96002579,100.905548,2
19.7657146,90.6985245,-67.33337,36.66663,-34.6449165,8.790573,-119.37822,0.573170662,100.90654,2
19.82176,90.71256,-67.33472,36.665287,-34.741333,8.746703,-118.870415,0.573170662,100.907883,2
19.8821163,90.72792,-67.33618,36.66382,-34.8290367,8.706762,-118.408524,0.573170662,100.909355,2
19.9328136,90.7471848,-67.33803,36.661972,-34.9167137,8.685107,-117.979546,0.573170662,100.9112,2
19.9887867,90.7707,-67.3332062,36.6667938,-35.0127335,8.661374,-117.509651,0.580242157,100.913452,2
20.0422649,90.79359,-67.3353958,36.6646042,-35.09766,8.640374,-117.093956,0.580242157,100.915642,2
20.098978,90.82179,-67.3381,36.6619072,-35.19349,8.616667,-116.624817,0.580242157,100.918335,2
20.1506252,90.84712,-67.334404,36.665596,-35.27306,8.596977,-116.235222,0.586356163,100.920761,2
20.2085972,90.88084,-67.33762,36.6623764,-35.37144,8.572625,-115.753471,0.586356163,100.923981,2
20.2673969,90.9164352,-67.34103,36.6589737,-35.4678268,8.548764,-115.281448,0.586356163,100.927383,2
20.317625,90.9527,-67.33876,36.66124,-35.5596275,8.526033,-114.831825,0.592085838,100.930847,2
20.3735142,90.99047,-67.34237,36.65763,-35.6496,8.503753,-114.391113,0.592085838,100.934456,2
20.425478,91.0262756,-67.34579,36.6542168,-35.7303963,8.483743,-113.995331,0.592085838,100.937874,2
20.4839725,91.0732956,-67.35027,36.64973,-35.8309,8.45885,-113.502983,0.592085838,100.942352,2
20.8354549,91.09513,-67.34699,36.6530075,-35.87568,8.447758,-113.283592,0.597444534,100.944435,2
21.017889,91.4104462,-67.37201,36.6279945,-36.4298363,8.310493,-110.568771,0.6024456,100.974449,2
21.08077,91.65197,-67.390274,36.60973,-36.7793922,8.223892,-108.855965,0.607099533,100.997368,2
21.1469784,91.73962,-67.3946,36.6054,-36.8957329,8.195068,-108.285889,0.611074448,101.005676,2
21.2042027,91.8459244,-67.4046555,36.59534,-37.0308228,8.1616,-107.62397,0.611074448,101.015732,2
21.25522,91.9111,-67.41082,36.58918,-37.11074,8.141802,-107.232391,0.611074448,101.0219,2
21.3053722,91.98572,-67.41384,36.58616,-37.1997871,8.119741,-106.796066,0.615100861,101.028946,2
21.358408,92.0567551,-67.42055,36.5794525,-37.2823257,8.099292,-106.391617,0.615100861,101.035652,2
21.4090672,92.13071,-67.42752,36.57248,-37.3661079,8.078535,-105.981094,0.615100861,101.042625,2
21.4596653,92.21293,-67.43156,36.5684433,-37.4568977,8.056042,-105.53624,0.6188164,101.050369,2
21.5172558,92.30042,-67.4398,36.5602074,-37.55099,8.032731,-105.07518,0.6188164,101.058609,2
21.5772533,92.39204,-67.44841,36.55159,-37.6469421,8.008959,-104.605019,0.6188164,101.067223,2
21.63418,92.48884,-67.4575043,36.5424957,-37.7456932,7.984493,-104.121124,0.6188164,101.076324,2
21.68868,92.57395,-67.46235,36.5376472,-37.8304558,7.96349335,-103.705795,0.6219597,101.084312,2
21.7491856,92.67844,-67.47215,36.52785,-37.9320641,7.93832,-103.207916,0.6219597,101.094109,2
21.8021641,92.78006,-67.48167,36.51833,-38.0284843,7.91443062,-102.735428,0.6219597,101.10363,2
21.8524227,92.85255,-67.4853058,36.514698,-38.0959053,7.897727,-102.405067,0.625107765,101.110413,2
21.90647,92.96125,-67.49547,36.50453,-38.1988564,7.890801,-101.919991,0.625107765,101.120575,2
21.9662189,93.0656738,-67.50522,36.49478,-38.29681,7.89002275,-101.464432,0.625107765,101.130325,2
22.0244732,93.1797562,-67.51586,36.4841423,-38.40152,7.88910437,-100.977356,0.625107765,101.140968,2
22.074892,93.2750549,-67.5218658,36.47813,-38.4872475,7.888306,-100.578491,0.6279774,101.149849,2
22.1326466,93.39135,-67.53269,36.467308,-38.5898628,7.88731,-100.101013,0.6279774,101.160667,2
22.1898518,93.5095749,-67.54368,36.45632,-38.6920662,7.88628769,-99.62539,0.6279774,101.171654,2
22.2492847,93.62694,-67.55218,36.4478226,-38.79154,7.885273,-99.16247,0.630372047,101.182549,2
22.3073826,93.7467041,-67.5632858,36.436718,-38.8911438,7.88424158,-98.69891,0.630372047,101.193657,2
22.3637753,93.87635,-67.57529,36.4247131,-38.99692,7.88313627,-98.20655,0.630372047,101.205658,2
22.4154987,93.98954,-67.5857544,36.4142456,-39.08763,7.88218164,-97.7843552,0.630372047,101.216125,2
22.4759159,94.1131058,-67.5948,36.4051933,-39.1850128,7.881152,-97.33108,0.6327324,101.227539,2
22.53018,94.24394,-91.88687,12.11313,-39.2863464,7.88007736,-96.85937,0.6327324,125.5196,4
22.585474,94.36022,-91.89758,12.1024189,-39.3749542,7.879135,-96.44692,0.6327324,125.530312,4
22.6426983,94.50253,-91.90873,12.0912724,-39.48164,7.87800026,-95.9503,0.634676,125.5434,4
22.7011623,94.63861,-91.92123,12.0787745,-39.5819359,7.876931,-95.48345,0.634676,125.5559,4
22.75178,94.76133,-91.93248,12.0675192,-39.6710167,7.875981,-95.06878,0.634676,125.567154,4
22.8056316,94.88612,-91.94391,12.0560875,-39.7603378,7.8750267,-94.65296,0.634676,125.57859,4
22.85724,95.01177,-91.95367,12.0463324,-39.8490334,7.87408,-94.24006,0.6364145,125.59008,4
22.91445,95.1635361,-91.96753,12.0324688,-39.9546,7.87295246,-93.74864,0.6364145,125.603943,4
22.9645443,95.2881,-91.97889,12.0211077,-40.0400162,7.87204,-93.35101,0.6364145,125.615311,4
23.0162182,95.42682,-91.99153,12.0084715,-40.1339,7.87103653,-92.91396,0.6364145,125.627945,4
23.07504,95.5767,-92.00349,11.9965134,-40.23393,7.86996746,-92.44833,0.6380882,125.641571,4
23.1370983,95.72727,-92.01716,11.9828405,-40.3330154,7.868908,-91.9870758,0.6380882,125.655251,4
23.1933575,95.8900757,-92.03192,11.9680815,-40.4386368,7.86777973,-91.49539,0.6380882,125.670006,4
23.2486744,96.04862,-92.04627,11.9537315,-40.540062,7.8666954,-91.02326,0.6380882,125.684357,4
23.3022938,96.1993942,-92.05867,11.941328,-40.6352539,7.86567736,-90.58015,0.6393089,125.697983,4
23.3561382,96.3454056,-92.071846,11.9281549,-40.72632,7.864704,-90.1562347,0.6393089,125.711151,4
23.4074,96.49556,-92.08537,11.914628,-40.81886,7.86371469,-89.7254,0.6393089,125.724678,4
23.45786,96.63856,-92.0982361,11.9017668,-40.90599,7.86278343,-89.31979,0.6393089,125.737541,4
23.5080471,96.78774,-89.66308,14.33692,-40.9958954,7.86182261,-88.9012756,3.087861,125.750938,4
23.55979,96.9324,-89.6760559,14.3239479,-41.08213,7.8609,-88.49984,3.087861,125.763916,4
23.610033,97.07783,-89.68907,14.3109255,-41.167923,7.85998249,-88.10045,3.087861,125.776932,4
23.6610126,97.24325,-89.7038651,14.2961378,-41.26445,7.85895061,-87.65109,3.087861,125.791725,4
23.7130833,97.39659,-89.71597,14.28403,-41.3529663,7.858005,-87.23904,3.08943939,125.805412,4
23.763113,97.55059,-89.72969,14.2703075,-41.4409561,7.85706425,-86.82943,3.08943939,125.81913,4
23.8211842,97.70396,-89.74334,14.2566624,-41.5277138,7.85613632,-86.42555,3.08943939,125.832779,4
23.8723431,97.89156,-89.76,14.2400007,-41.6327057,7.855014,-85.93683,3.08943939,125.849442,4
23.9236927,98.05931,-89.77367,14.2263365,-41.725563,7.8540206,-85.50454,3.0906477,125.864311,4
23.9743977,98.21927,-89.78782,14.21218,-41.81324,7.85308361,-85.096405,3.0906477,125.878471,4
24.0290089,98.3826752,-89.80226,14.1977415,-41.9019661,7.852135,-84.68336,3.0906477,125.892906,4
24.0804729,98.54965,-89.8169861,14.183012,-41.9917755,7.851175,-84.26526,3.0906477,125.907639,4
24.1311245,98.71378,-89.83043,14.1695719,-42.0792465,7.85023975,-83.85806,3.09166145,125.922089,4
24.1819973,98.8892,-89.84585,14.15415,-42.17187,7.84924936,-83.4268951,3.09166145,125.937508,4
24.2344074,99.07096,-89.8618,14.1382,-42.2669334,7.8482337,-82.98432,3.09166145,125.953461,4
24.2866535,99.2404861,-89.87665,14.12335,-42.3547935,7.847295,-82.575325,3.09166145,125.968315,4
24.3374538,99.41709,-89.89209,14.1079063,-42.4455223,7.846325,-82.15295,3.09166145,125.983757,4
24.3922787,99.60766,-89.9079,14.0920982,-42.54254,7.84528828,-81.70131,3.09248734,126.000389,4
24.4503918,99.78032,-89.92294,14.077055,-42.62967,7.84435749,-81.2957,3.09248734,126.015434,4
24.5037136,99.99453,-89.9415741,14.0584288,-42.73678,7.843212,-80.79706,3.09248734,126.034058,4
24.5608,100.196419,-89.95909,14.04091,-42.8363075,7.842374,-80.32951,3.09248734,126.051575,4
24.6118526,100.363144,-89.97295,14.0270462,-42.9165955,7.842291,-79.9411545,3.09306526,126.066017,4
24.6632175,100.559479,-89.98993,14.0100708,-43.0103569,7.842194,-79.48762,3.09306526,126.082993,4
24.71581,100.7455,-90.00598,13.9940186,-43.09843,7.84210348,-79.06159,3.09306526,126.099045,4
24.7666569,100.919113,-90.0209351,13.9790621,-43.17999,7.842019,-78.66711,3.09306526,126.114006,4
24.8209629,101.109283,-90.03695,13.9630518,-43.2686234,7.841928,-78.23837,3.09340668,126.130356,4
24.8755627,101.321831,-90.05519,13.9448118,-43.36686,7.84182644,-77.7632446,3.09340668,126.1486,4
24.9262371,101.511078,-90.0713959,13.9286041,-43.453598,7.841737,-77.34368,3.09340668,126.1648,4
24.9778767,101.694618,-90.08709,13.9129133,-43.5370979,7.841651,-76.9398,3.09340668,126.1805,4
25.0284824,101.887558,-90.10355,13.8964491,-43.6242256,7.841561,-76.51838,3.09340668,126.19696,4
25.0788326,102.071564,-90.11896,13.8810406,-43.7067146,7.84147549,-76.1194,3.09367,126.212631,4
25.138113,102.289635,-90.1375,13.8625031,-43.80373,7.8413744,-75.65015,3.09367,126.231163,4
25.3012028,102.391685,-90.14616,13.8538418,-43.8488655,7.84132767,-75.43186,3.09367,126.23983,4
25.3575039,103.153915,-90.2103958,13.7896051,-44.18079,7.840985,-73.82639,3.093853,126.304245,4
25.4088383,103.360176,-90.2277451,13.772254,-44.2691154,7.84089327,-73.39918,3.093853,126.3216,4
25.464529,103.575142,-90.24579,13.7542076,-44.3605232,7.840799,-72.95705,3.093853,126.339645,4
25.5161343,103.781479,-90.26299,13.7370043,-44.44766,7.840709,-72.53557,3.093936,126.356934,4
25.5731754,104.004395,-90.28163,13.7183676,-44.54116,7.840613,-72.08337,3.093936,126.375565,4
25.62885,104.237007,-90.30103,13.6989632,-44.6380272,7.840513,-71.6148453,3.093936,126.394974,4
25.68273,104.447205,-90.3185349,13.6814651,-44.724968,7.840423,-71.19431,3.093936,126.412468,4
25.7495022,104.687126,-90.33846,13.6615362,-44.8235321,7.840321,-70.7175751,3.093936,126.432396,4
25.80202,104.933876,-90.35887,13.6411276,-44.9241753,7.840217,-70.2307739,3.093976,126.45285,4
25.8613873,105.180771,-90.37929,13.6207151,-45.0241661,7.84011364,-69.7471542,3.093976,126.473259,4
25.91876,105.429779,-90.399826,13.6001759,-45.1243057,7.840011,-69.2627945,3.093976,126.4938,4
25.9766216,105.6703,-90.41962,13.5803833,-45.22038,7.839912,-68.79808,3.093976,126.513596,4
26.0271816,105.877647,-90.43662,13.5633764,-45.3026962,7.839827,-68.39992,3.093996,126.530617,4
26.0840931,106.134781,-114.737694,-10.7376909,-45.4041557,7.83972263,-67.90919,3.093996,150.83168,6
26.1341381,106.358025,-114.755943,-10.7559423,-45.4916878,7.83963156,-67.48579,3.093996,150.849945,6
26.1852055,106.561371,-114.77253,-10.7725325,-45.57098,7.83954954,-67.10224,3.093996,150.866531,6
26.24211,106.821205,-114.793686,-10.7936859,-45.67172,7.83944559,-66.61501,3.093996,150.88768,6
26.29426,107.033432,-114.02092,-10.0209217,-45.75352,7.83936071,-66.21937,3.88399982,150.904922,6
26.3477039,107.253578,-114.038773,-10.0387688,-45.837925,7.83927345,-65.81111,3.88399982,150.922775,6
26.4024525,107.52,-114.060318,-10.060318,-45.93948,7.839169,-65.3199158,3.88399982,150.944321,6
26.46779,107.772789,-114.080719,-10.0807152,-46.0352554,7.83907,-64.8566742,3.88399982,150.964722,6
26.5197086,108.055618,-114.103477,-10.10348,-46.14175,7.83895969,-64.34157,3.88399982,150.987473,6
26.5777912,108.303535,-114.123383,-10.1233845,-46.2345428,7.838864,-63.8927345,3.88400078,151.007385,6
26.6357174,108.559959,-89.86393,14.1360731,-46.3299866,7.838765,-63.43109,3.88400078,126.747925,4
26.6905727,108.827843,-89.88533,14.1146669,-46.4291267,7.83866262,-62.95157,3.88400078,126.769333,4
26.745821,109.07872,-89.9053345,14.0946655,-46.52146,7.83856726,-62.5049477,3.88400078,126.789337,4
26.7972965,109.299751,-89.92292,14.0770836,-46.60241,7.838484,-62.11342,3.88400078,126.806915,4
26.8555889,109.568047,-89.9442139,14.055788,-46.7001724,7.83838272,-61.64055,3.88400078,126.828209,4
26.90608,109.8066,-89.9631042,14.0368977,-46.78665,7.83829355,-61.22226,3.88400078,126.8471,4
26.9632549,110.086189,-89.98519,14.0148106,-46.8874855,7.83819,-60.73455,3.88400078,126.869194,4
27.01423,110.323067,-90.00386,13.9961405,-46.97249,7.83810234,-60.32343,3.88400078,126.887863,4
27.06455,110.54837,-90.02158,13.97842,-47.05297,7.83801937,-59.9341278,3.88400078,126.905579,4
27.1211262,110.833038,-90.04392,13.9560776,-47.1541748,7.837915,-59.444622,3.883997,126.927917,4
27.1723957,111.06459,-65.78205,38.21795,-47.2361,7.83783054,-59.04839,3.883997,102.666046,2
27.2306,111.339874,-65.80355,38.19645,-47.3330421,7.83773041,-58.5794868,3.883997,102.687546,2
27.284502,111.580658,-65.82232,38.1776848,-47.4174423,7.83764362,-58.17125,3.883997,102.706314,2
27.3385639,111.883606,-65.84586,38.1541328,-47.52312,7.83753443,-57.66011,3.883997,102.729866,2
27.390173,112.131195,-65.86508,38.13492,-47.6090736,7.83744526,-57.24437,3.88398075,102.749062,2
27.4416637,112.35054,-65.88206,38.1179428,-47.6849136,7.83736658,-56.87753,3.88398075,102.766037,2
27.4974117,112.644821,-65.90478,38.0952225,-47.78622,7.837262,-56.3874931,3.88398075,102.788757,2
27.555563,112.93264,-65.92694,38.0730553,-47.88483,7.83716059,-55.91055,3.88398075,102.810928,2
27.61468,113.213432,-65.94852,38.051487,-47.9805832,7.83706141,-55.447403,3.88398075,102.8325,2
27.6722775,113.507187,-65.97106,38.02894,-48.0777168,7.83708668,-54.95971,3.88394165,102.855,2
27.7305355,113.790207,-90.27269,13.72731,-48.1698837,7.837161,-54.4900246,3.88394165,127.156631,4
27.78108,114.035065,-90.29136,13.7086391,-48.2492828,7.83722544,-54.085392,3.88394165,127.1753,4
27.83706,114.334038,-90.3141,13.6858969,-48.34581,7.837303,-53.59349,3.88394165,127.198044,4
27.8885441,114.583565,-90.33304,13.6669617,-48.4260254,7.83736753,-53.1847153,3.88394165,127.21698,4
27.9406223,114.829926,-90.35169,13.6483059,-48.5049133,7.837431,-52.7826462,3.88394165,127.235634,4
27.9990864,115.133644,-90.3747253,13.6252747,-48.60177,7.837508,-52.2890739,3.883854,127.258575,4
28.0551472,115.4272,-90.39684,13.6031561,-48.69496,7.837583,-51.8141441,3.883854,127.2807,4
28.1088543,115.672028,-90.4152451,13.584753,-48.772377,7.83764553,-51.41964,3.883854,127.2991,4
28.16533,115.976791,-90.4381,13.5618982,-48.86836,7.8377223,-50.93051,3.883854,127.321953,4
28.2157841,116.244896,-90.45816,13.5418425,-48.952446,7.83779,-50.5019722,3.883854,127.34201,4
28.2665272,116.478325,-90.4757156,13.5242882,-49.0254,7.83784866,-50.1301842,3.88372421,127.359436,4
28.3250332,116.779724,-90.49816,13.5018415,-49.1192474,7.837924,-49.65192,3.88372421,127.381882,4
28.3844776,117.085426,-90.52087,13.4791336,-49.214035,7.8380003,-49.16885,3.88372421,127.404594,4
28.4410229,117.3998,-90.54416,13.455843,-49.3111038,7.838078,-48.67414,3.88372421,127.427879,4
28.49909,117.701851,-90.5664749,13.4335251,-49.4039879,7.83815336,-48.2007942,3.88372421,127.4502,4
28.558073,118.000305,-90.58847,13.4115276,-49.49541,7.838227,-47.7348976,3.88372421,127.4722,4
28.615572,118.303772,-90.6110458,13.3889513,-49.5880051,7.83830166,-47.26302,3.88345718,127.494507,4
28.6746655,118.615379,-90.6338959,13.3661032,-49.68271,7.83837843,-46.780365,3.88345718,127.517357,4
28.73369,118.916794,-90.65594,13.344059,-49.7739677,7.838452,-46.31528,3.88345718,127.5394,4
28.7905254,119.23204,-91.53884,12.4611626,-49.8690529,7.83852863,-45.8307076,3.02355576,127.562393,4
28.8481121,119.541916,-91.5613861,12.4386177,-49.96217,7.838604,-45.3561859,3.02355576,127.584938,4
28.89998,119.817787,-91.5817,12.4182987,-50.0447769,7.83867025,-44.93522,3.02325821,127.604958,4
28.95461,120.131554,-91.6044159,12.3955822,-50.1384125,7.838745,-44.4580727,3.02325821,127.627678,4
29.0089779,120.390381,-91.6231155,12.3768883,-50.21539,7.838806,-44.0657768,3.02325821,127.64637,4
29.0662746,120.717918,-91.64671,12.35329,-50.3124733,7.83888435,-43.57101,3.02325821,127.669968,4
29.1235828,121.03334,-91.66937,12.3306236,-50.405632,7.838959,-43.0962524,3.02325821,127.692635,4
29.1823139,121.3507,-91.69212,12.3078785,-50.4990349,7.839034,-42.62027,3.02325821,127.715378,4
29.2331257,121.62468,-91.71215,12.2878456,-50.57941,7.839099,-42.21068,3.0228138,127.73497,4
29.2908764,121.947777,-91.7352,12.264802,-50.67389,7.839175,-41.7292137,3.0228138,127.758011,4
29.344408,122.247337,-91.75651,12.2434921,-50.7611923,7.839246,-41.2842865,3.0228138,127.77932,4
29.3959675,122.529808,-91.77656,12.2234449,-50.84327,7.8393116,-40.8660355,3.0228138,127.79937,4
29.4462833,122.799484,-91.7956543,12.2043486,-50.921402,7.83937454,-40.4678535,3.0228138,127.818466,4
29.5063534,123.026215,-91.811676,12.1883268,-50.986927,7.839427,-40.1339531,3.0228138,127.834488,4
29.5569363,123.432144,-91.8408356,12.1591606,-51.1038628,7.83952141,-39.5380325,3.02226067,127.8631,4
29.6084957,123.725677,-91.86147,12.13853,-51.18812,7.839589,-39.1086159,3.02226067,127.883728,4
29.66744,124.035828,-91.88322,12.1167831,-51.27689,7.83966,-38.6562347,3.02226067,127.905479,4
29.727293,124.355515,-91.90557,12.0944262,-51.36811,7.8397336,-38.1913757,3.02226067,127.927834,4
29.7834644,124.69397,-91.929184,12.0708179,-51.4643822,7.83981133,-37.7007637,3.02226067,127.951447,4
29.8421383,125.017921,-91.95172,12.0482817,-51.55624,7.83988476,-37.2326355,3.02226067,127.973976,4
29.8921757,125.309029,-91.9719238,12.028079,-51.63855,7.83995056,-36.8131638,3.02226067,127.994179,4
29.9481983,125.650841,-91.9963455,12.0036526,-51.7462845,7.838964,-36.3400764,3.021494,128.017838,4
30.0015316,125.96846,-92.01828,11.9817238,-51.849575,7.837728,-35.90705,3.021494,128.039764,4
30.0572224,126.295708,-92.04081,11.9591885,-51.9557343,7.836457,-35.461998,3.021494,128.0623,4
30.1093121,126.543633,-92.0578461,11.9421539,-52.03599,7.83549643,-35.1255569,3.021494,128.079346,4
30.161665,126.905083,-92.08262,11.9173794,-52.15273,7.834099,-34.63616,3.021494,128.104111,4
30.2170315,127.257439,-92.1067047,11.8932962,-52.2662354,7.83274,-34.1603355,3.021494,128.1282,4
30.2701664,127.57296,-67.84821,36.1517868,-52.3676262,7.831525,-33.73528,3.021494,103.869705,2
30.3285427,127.901749,-67.87161,36.12839,-52.4730377,7.830263,-33.2933731,3.02045441,103.892067,2
30.3876629,128.2532,-67.89545,36.1045532,-52.58545,7.82891655,-32.8221321,3.02045441,103.9159,2
30.4425716,128.62114,-67.92033,36.0796738,-52.70284,7.82751131,-32.3300476,3.02045441,103.940781,2
30.4939213,128.9296,-67.94113,36.05887,-52.8010178,7.826335,-31.91845,3.02045441,103.961586,2
30.544199,129.233841,-67.96161,36.0383949,-52.8976555,7.82517767,-31.5133362,3.02045441,103.982063,2
30.60354,129.57666,-67.98462,36.0153847,-53.00631,7.82387638,-31.0578442,3.02045441,104.005074,2
30.6614628,129.928253,-68.0081558,35.991848,-53.11749,7.822545,-30.5917645,3.02045441,104.02861,2
30.7179623,130.296661,-68.03384,35.9661674,-53.2337036,7.821154,-30.1045685,3.01936722,104.0532,2
30.7682438,130.603958,-68.0543,35.9457054,-53.3304329,7.8199954,-29.6990547,3.01936722,104.073662,2
30.81917,130.914139,-68.0749,35.9251022,-53.4278755,7.81882858,-29.2905636,3.01936722,104.094269,2
30.8701611,131.23233,-68.0959854,35.9040146,-53.52764,7.81763458,-28.8723335,3.01936722,104.115349,2
30.9221058,131.528976,-68.1156,35.8844032,-53.62047,7.816523,-28.4831924,3.01936722,104.134964,2
30.9723034,131.837616,-68.1359558,35.8640442,-53.7168655,7.815369,-28.0790672,3.01936722,104.155319,2
31.03087,132.208038,-68.1603241,35.8396759,-53.83232,7.813987,-27.5950718,3.01936722,104.179695,2
31.088541,132.5609,-68.18348,35.8165245,-53.9420624,7.812673,-27.1350079,3.01936722,104.202843,2
31.1487675,132.925034,-68.2088852,35.79112,-54.05507,7.8113203,-26.6612587,3.017788,104.226669,2
31.2020779,133.298019,-68.23322,35.766777,-54.1705742,7.80993652,-26.1770668,3.017788,104.251007,2
31.2536678,133.62355,-68.25441,35.745594,-54.27117,7.808732,-25.7553539,3.017788,104.272194,2
31.3045788,133.917969,-68.27352,35.7264748,-54.362,7.807644,-25.3746014,3.017788,104.291313,2
31.36117,134.29129,-68.29771,35.7022972,-54.476944,7.80626726,-24.8927345,3.017788,104.315491,2
31.42045,134.642914,-71.61715,32.3828545,-54.5849838,7.8049736,-24.4398136,-0.2789421,104.3382,2
31.4709,134.977875,-71.6387253,32.36127,-54.68771,7.803744,-24.0091782,-0.2789421,104.359787,2
31.5304012,135.3314,-71.6622238,32.3377762,-54.7959251,7.80244827,-23.5555229,-0.2797165,104.382507,2
31.58998,135.70842,-71.6863861,32.3136139,-54.9111023,7.80106831,-23.0726814,-0.2797165,104.40667,2
31.64781,136.067444,-71.7093353,32.2906647,-55.0079346,7.799795,-22.596983,-0.2797165,104.429619,2
31.6979885,136.379089,-71.72921,32.2707939,-55.0817642,7.798722,-22.1715279,-0.2797165,104.449493,2
31.7482815,136.677155,-71.74817,32.25183,-55.1522331,7.79769754,-21.76548,-0.2797165,104.468452,2
31.7989864,137.003021,-71.76885,32.231144,-55.2291222,7.79658031,-21.3224487,-0.2797165,104.489136,2
31.8540134,137.333252,-71.7897644,32.2102356,-55.3068733,7.79545,-20.87448,-0.2797165,104.510048,2
31.904562,137.641266,-71.80923,32.1907768,-55.3792458,7.79439831,-20.45751,-0.2797165,104.52951,2
31.9559,137.943832,-71.82928,32.170723,-55.4502,7.793368,-20.0487041,-0.280694962,104.548584,2
32.015358,138.293945,-71.8512955,32.14871,-55.53214,7.792177,-19.5766659,-0.280694962,104.570595,2
32.071,138.651917,-71.87375,32.12625,-55.61573,7.7909627,-19.0950871,-0.280694962,104.593056,2
32.1209946,138.964157,-71.89329,32.1067123,-55.68849,7.78990555,-18.6759129,-0.280694962,104.612595,2
32.173027,139.255112,-71.91145,32.0885468,-55.7561722,7.78892231,-18.28604,-0.280694962,104.63076,2
32.2310333,139.621292,-71.9342651,32.0657349,-55.84118,7.787687,-17.7963276,-0.280694962,104.653572,2
32.2810364,139.936432,-71.95384,32.046154,-55.91419,7.786626,-17.3757629,-0.280694962,104.673149,2
32.3336029,140.239975,-71.9726639,32.0273323,-55.9843864,7.785606,-16.9713936,-0.280694962,104.691971,2
32.3940735,140.600876,-71.99609,32.0039024,-56.06768,7.78439569,-16.4915752,-0.281801224,104.714294,2
32.45079,140.974762,-72.019165,31.9808369,-56.15379,7.78314447,-15.9955339,-0.281801224,104.737366,2
32.50184,141.2903,-72.03858,31.9614162,-56.22631,7.78209066,-15.5777493,-0.281801224,104.756783,2
32.5585022,141.647354,-72.06051,31.9394932,-56.3082275,7.78090048,-15.1058769,-0.281801224,104.7787,2
32.6095428,141.947388,-72.07889,31.9211159,-56.3567963,7.77879333,-14.6856136,-0.281801224,104.797081,2
32.66024,142.218124,-72.0954361,31.9045639,-56.3791466,7.775719,-14.2812195,-0.281801224,104.813637,2
32.7166443,142.551788,-72.11579,31.88421,-56.40661,7.771939,-13.7841091,-0.281801224,104.833992,2
32.7772141,142.8664,-72.13494,31.86506,-56.43243,7.768384,-13.3167048,-0.281801224,104.853134,2
32.83338,143.210129,-72.15705,31.84295,-56.460556,7.76451,-12.8074446,-0.2830391,104.874008,2
32.8840027,143.4919,-72.17412,31.8258781,-56.48356,7.76134253,-12.3910732,-0.2830391,104.891083,2
32.93419,143.776138,-72.19131,31.80869,-56.5067024,7.758155,-11.9720306,-0.2830391,104.908272,2
32.9842453,144.044235,-72.20749,31.79251,-56.528492,7.75515556,-11.5776873,-0.2830391,104.924454,2
33.04032,144.38295,-72.22789,31.7721081,-56.55595,7.75137424,-11.0806789,-0.2830391,104.944855,2
33.0921478,144.666565,-72.2449341,31.7550621,-56.5788879,7.748215,-10.6655674,-0.2830391,104.9619,2
33.1532,144.98851,-72.2642441,31.735754,-56.604866,7.74463844,-10.1954794,-0.2830391,104.981209,2
33.2089539,145.333374,-72.2862549,31.7137451,-56.6326332,7.740817,-9.693255,-0.284412384,105.001839,2
33.26052,145.609726,-72.30276,31.6972446,-56.6548233,7.73776245,-9.291761,-0.284412384,105.018341,2
33.31141,145.8984,-72.31996,31.6800423,-56.67796,7.734578,-8.8732605,-0.284412384,105.035545,2
33.3670044,146.247971,-72.340744,31.659256,-56.7059021,7.73073149,-8.367708,-0.284412384,105.056335,2
33.4195023,146.52182,-72.3569946,31.6430073,-56.7277451,7.727725,-7.972611,-0.284412384,105.072578,2
33.47294,146.772049,-72.37181,31.6281853,-56.6504,7.726586,-7.50098276,-0.284412384,105.0874,2
33.52549,146.978516,-72.3840256,31.6159744,-56.5568161,7.7261467,-7.079272,-0.284412384,105.099609,2
33.5771332,147.169556,-96.67531,7.32469368,-56.4707146,7.725741,-6.690955,-0.284412384,129.3909,4
33.6341858,147.402908,-96.6907349,7.309262,-56.36613,7.72524738,-6.219004,-0.286083221,129.404648,4
33.6899643,147.647812,-96.7051544,7.29484224,-56.25703,7.724731,-5.726386,-0.286083221,129.419067,4
33.74205,147.853775,-96.71726,7.282734,-56.1657753,7.72429848,-5.31418,-0.286083221,129.431183,4
33.79306,148.047882,-96.72866,7.271339,-56.0801735,7.723893,-4.92742729,-0.286083221,129.442581,4
33.85092,148.289917,-96.74285,7.25715,-55.97395,7.723389,-4.44740725,-0.286083221,129.456772,4
33.9015961,148.489334,-96.7545242,7.245478,-55.8868561,7.72297573,-4.0537715,-0.286083221,129.468445,4
33.95623,148.734833,-96.770546,7.229456,-55.7801476,7.72246933,-3.57139063,-0.287755966,129.482788,4
34.00843,148.955017,-96.7833939,7.21660757,-55.6849174,7.722017,-3.14084768,-0.287755966,129.495636,4
34.0588837,149.149567,-96.79473,7.20527,-55.6011238,7.721619,-2.76198578,-0.287755966,129.506973,4
34.11846,149.395279,-96.80903,7.19097233,-55.4957657,7.721119,-2.28560615,-0.287755966,129.521271,4
34.1732025,149.646042,-96.82359,7.17640543,-55.38879,7.72061,-1.80183113,-0.287755966,129.535843,4
34.22818,149.85347,-96.8356247,7.164374,-55.30069,7.720191,-1.40340853,-0.287755966,129.547867,4
34.2837067,150.118286,-96.85096,7.14903831,-55.18872,7.71965933,-0.897052944,-0.287755966,129.5632,4
34.34339,150.348663,-96.8661041,7.1338954,-55.091774,7.7191987,-0.458596826,-0.2895794,129.576523,4
34.3980026,150.071732,-72.57009,31.4299068,-54.61373,7.721383,-0.3630307,-0.2895794,105.28051,2
34.4505463,149.822678,-72.5556641,31.444334,-54.1819763,7.72335529,-0.276525,-0.2895794,105.266083,2
34.50125,149.60257,-72.54289,31.4571037,-53.7989922,7.72510433,-0.1996752,-0.2895794,105.253319,2
34.5570679,149.32077,-72.52652,31.4734821,-53.3067245,7.727352,-0.100781895,-0.2895794,105.236938,2
34.60901,149.08548,-72.512825,31.4871788,-52.89408,7.72923565,-0.0178147387,-0.2895794,105.223244,2
34.6598663,148.854156,-72.49934,31.5006657,-52.48692,7.73109436,0.06409305,-0.2895794,105.209755,2
34.711,148.632751,-72.48859,31.5114136,-52.09586,7.73287964,0.142789274,-0.2917614,105.196823,2
34.7612,148.40477,-72.47525,31.5247459,-51.69178,7.73472357,0.2241242,-0.2917614,105.183495,2
34.81806,148.133026,-72.4593353,31.5406666,-51.2082558,7.736931,0.321468085,-0.2917614,105.167572,2
34.87552,147.860443,-72.44334,31.5566635,-50.72118,7.73915339,0.419536769,-0.2917614,105.151573,2
34.9343643,147.600479,-96.70805,7.29194927,-50.2546768,7.74128151,0.5134703,-0.2917614,129.41629,4
34.99424,147.342682,-96.69286,7.307133,-49.79015,7.74340153,0.607005656,-0.2917614,129.401108,4
35.04886,147.067413,-96.67877,7.32122564,-49.2919846,7.74567366,0.7073161,-0.29391098,129.384857,4
35.1008835,146.852066,-96.6660461,7.33395433,-48.9006577,7.74746037,0.7861116,-0.29391098,129.372131,4
35.152,146.628754,-96.6528244,7.347172,-48.4934158,7.749318,0.868111551,-0.29391098,129.358917,4
35.2083664,146.3556,-96.6366348,7.36336756,-47.9931755,7.7516,0.9688339,-0.29391098,129.342728,4
35.2583923,146.13681,-96.6236343,7.37636232,-47.590786,7.753436,1.04985309,-0.29391098,129.329727,4
35.3161163,145.884964,-96.60866,7.39134455,-47.1257057,7.755558,1.1434927,-0.29391098,129.314743,4
35.3674,145.6541,-96.5949,7.405101,-46.6975937,7.757512,1.22968721,-0.29391098,129.301,4
35.4283752,145.4074,-96.58273,7.41726971,-46.2373657,7.75853348,1.32271183,-0.296466827,129.28627,4
35.48436,145.154968,-96.56764,7.432361,-45.75853,7.75142,1.42225373,-0.296466827,129.271179,4
35.5370178,144.937271,-96.5546,7.445398,-45.3437271,7.745244,1.50846338,-0.296466827,129.258133,4
35.59494,144.68689,-96.53958,7.46041536,-44.8645134,7.738098,1.60804367,-0.296466827,129.243118,4
35.64753,144.465164,-72.24626,31.7537346,-44.43818,7.73173332,1.69662809,-0.296466827,104.9498,2
35.7044754,144.220764,-72.23156,31.7684422,-43.96607,7.72467947,1.79471493,-0.296466827,104.935089,2
35.75508,144.002258,-72.2208939,31.77911,-43.541996,7.71834,1.88281846,-0.298969269,104.921921,2
35.8110123,143.754349,-72.205925,31.794075,-43.0585747,7.711109,1.98324966,-0.298969269,104.906952,2
35.866806,143.534515,-72.1926346,31.8073673,-42.62781,7.704665,2.07273984,-0.298969269,104.893661,2
35.9181137,143.316132,-72.1794052,31.8205948,-42.1978951,7.698232,2.162053,-0.298969269,104.88044,2
35.97637,143.085587,-72.16542,31.8345776,-41.74187,7.69140768,2.25679088,-0.298969269,104.866455,2
36.0273438,142.876556,-72.1527252,31.8472767,-41.32642,7.68518972,2.34310031,-0.298969269,104.853752,2
36.08481,142.636673,-72.13813,31.8618717,-40.8472824,7.67801762,2.4426403,-0.298969269,104.839157,2
36.1351,142.436935,-72.1289139,31.871088,-40.44638,7.672016,2.52592754,-0.301923752,104.826988,2
36.1971741,142.231522,-72.11638,31.8836231,-40.032177,7.66581535,2.61198,-0.301923752,104.814453,2
36.2507,141.961151,-72.0998459,31.90015,-39.484024,7.657609,2.72585917,-0.301923752,104.797928,2
36.3117752,141.730347,-72.08572,31.9142838,-39.0133362,7.650563,2.82364631,-0.301923752,104.783791,2
36.36657,141.49115,-72.0710449,31.9289551,-38.52281,7.643219,2.92555523,-0.301923752,104.769119,2
36.41809,141.293671,-72.0589142,31.9410858,-38.11569,7.637124,3.010137,-0.301923752,104.756989,2
36.474205,141.073013,-72.04822,31.9517841,-37.6584473,7.63027859,3.10513258,-0.304801941,104.743416,2
36.52668,140.8663,-72.03548,31.9645214,-37.22783,7.62383127,3.19459772,-0.304801941,104.730675,2
36.5771332,140.681885,-72.0241,31.9758987,-36.84177,7.618051,3.27480483,-0.304801941,104.7193,2
36.6340637,140.448349,-72.00967,31.99033,-36.3502274,7.610692,3.37692642,-0.304801941,104.704865,2
36.6847229,140.259445,-71.99798,32.00202,-35.9504623,7.604707,3.4599812,-0.304801941,104.693176,2
36.7456436,140.0402,-71.98439,32.0156059,-35.4839973,7.597723,3.55689383,-0.304801941,104.679588,2
36.8013229,139.80629,-96.25325,7.746748,-34.98326,7.59022665,3.660928,-0.30818367,128.945068,4
36.8601074,139.598831,-96.24036,7.759647,-34.53647,7.58353758,3.75375247,-0.30818367,128.932175,4
36.9182358,139.377319,-96.22656,7.77344036,-34.0566,7.576353,3.85344958,-0.30818367,128.918381,4
36.9796143,139.15448,-96.21266,7.78733873,-33.5634346,7.55350161,3.957404,-0.30818367,128.90448,4
37.03736,138.942184,-96.1994,7.8006,-33.08157,7.512702,4.06075048,-0.30818367,128.89122,4
37.09474,138.72464,-68.64783,35.3521729,-32.58429,7.470394,4.167413,2.94978046,104.59761,2
37.15323,138.521164,-68.63508,35.36492,-32.1158638,7.43040657,4.267893,2.94978046,104.584854,2
37.21241,138.3152,-68.6221542,35.3778458,-31.6384621,7.389559,4.37030029,2.94978046,104.57193,2
37.26918,138.10144,-68.60872,35.39128,-31.1394138,7.34678745,4.47735262,2.94978046,104.5585,2
37.3194427,137.935867,-68.5983,35.4017029,-30.7502861,7.31340027,4.5608263,2.94978046,104.54808,2
37.3788528,137.733887,-68.58557,35.41443,-30.2725239,7.272378,4.663312,2.94978046,104.535355,2
37.4367447,137.534225,-68.58093,35.4190674,-29.7968216,7.23150635,4.76535559,2.94181728,104.522751,2
37.49157,137.334579,-68.56831,35.4316826,-29.31765,7.19032049,4.868142,2.94181728,104.510132,2
37.5444565,137.156723,-68.55706,35.44294,-28.8877945,7.15336227,4.96035,2.94181728,104.498878,2
37.5945129,136.999237,-68.54708,35.45292,-28.5047264,7.120421,5.04252052,2.94181728,104.4889,2
37.65239,136.804733,-68.53474,35.46526,-28.0283966,7.07945347,5.14469433,2.94181728,104.476555,2
37.71089,136.608978,-68.5223,35.4776955,-27.54534,7.037904,5.248311,2.94181728,104.464119,2
37.769928,136.4225,-68.5189056,35.48109,-27.0816383,6.99801445,5.34777546,2.93334675,104.452255,2
37.82009,136.247284,-68.5077438,35.4922562,-26.6427135,6.960254,5.44192553,2.93334675,104.441093,2
37.8777924,136.067719,-68.49629,35.5037079,-26.1895752,6.92127037,5.53912258,2.93334675,104.429634,2
37.9298325,135.908875,-68.486145,35.513855,-25.7858486,6.8865366,5.6257205,2.93334675,104.419495,2
37.98433,135.721832,-44.1941833,59.8058167,-25.3068943,6.845329,5.728455,2.93334675,80.12753,0
38.0446167,135.543625,-44.1917648,59.8082352,-24.8468838,6.805751,5.827126,2.9243536,80.11612,0
38.1026,135.362244,-44.1801338,59.8198662,-24.374897,6.76514339,5.92836475,2.9243536,80.1044846,0
38.1618652,135.182449,-44.16859,59.83141,-23.9031544,6.724555,6.02955055,2.9243536,80.09294,0
38.2179031,134.996323,-44.1566238,59.8433762,-23.410614,6.6821785,6.13519764,2.9243536,80.08098,0
38.2714157,134.852112,-44.14734,59.85266,-23.0259762,6.649085,6.2177,2.9243536,80.07169,0
38.3276443,134.662567,-44.13512,59.86488,-22.5162945,6.605233,6.32702351,2.9243536,80.05947,0
38.3872681,134.4985,-44.13317,59.86683,-22.0712452,6.56694126,6.422483,2.91571331,80.04889,0
38.4444427,134.3222,-44.12178,59.87822,-21.596983,6.527406,6.520835,2.91571331,80.03749,0
38.4946136,134.1471,-44.1104469,59.8895531,-21.18163,6.502203,6.581998,2.91571331,80.02616,0
38.5448074,133.979721,-44.0996056,59.9003944,-20.781868,6.4779253,6.64101028,2.91571331,80.01532,0
38.5962,133.808655,-44.08851,59.91149,-20.3705177,6.45292759,6.701854,2.91571331,80.00422,0
38.6513,133.605316,-44.08533,59.91467,-19.87788,6.422975,6.77485228,2.9056797,79.99101,0
38.7019119,133.430756,-44.0739746,59.9260254,-19.4517517,6.39705658,6.83808851,2.9056797,79.97965,0
38.76082,133.251022,-44.0622673,59.9377327,-19.0098114,6.37016964,6.90374565,2.9056797,79.96795,0
38.8130951,133.083832,-44.0513649,59.9486351,-18.5957813,6.344976,6.96531248,2.9056797,79.95705,0
38.86724,132.884949,-44.038372,59.961628,-18.0994835,6.314771,7.0391717,2.9056797,79.94405,0
38.91903,132.721542,-44.0276833,59.9723167,-17.6886215,6.2897644,7.100356,2.9056797,79.9333649,0
38.9696579,132.562042,-44.02884,59.97116,-17.2848034,6.2651844,7.16052151,2.894081,79.92292,0
39.0256653,132.372391,-43.1835251,60.8164749,-16.8010273,6.23573542,7.232631,3.72696114,79.9104843,0
39.0790253,132.217545,-43.17336,60.82664,-16.4030457,6.21150827,7.291975,3.72696114,79.90032,0
39.13362,132.029785,-43.1610146,60.8389854,-15.9167337,6.181904,7.364512,3.72696114,79.88798,0
39.1852646,131.8656,-43.1502037,60.8497963,-15.4880638,6.15580654,7.4284687,3.72696114,79.87717,0
39.23622,131.716553,-43.14038,60.85962,-15.0961075,6.131944,7.48696,3.72696114,79.86734,0
39.29471,131.538361,-43.14216,60.85784,-14.6238623,6.10319376,7.55744553,3.71342659,79.85558,0
39.35087,131.35585,-43.1301,60.8699,-14.1359882,6.073492,7.630275,3.71342659,79.84353,0
39.403595,131.209579,-43.1204224,60.8795776,-13.7418184,6.049494,7.689125,3.71342659,79.83385,0
39.45955,131.027847,-43.1083832,60.8916168,-13.24807,6.0194335,7.76285,3.71342659,79.82181,0
39.5116043,130.872818,-43.0981,60.9019,-12.8232145,5.993567,7.82629347,3.71342659,79.81152,0
39.561615,130.726761,-43.10399,60.89601,-12.4198742,5.96901035,7.886529,3.69783974,79.80183,0
39.6121,130.582565,-43.0944023,60.9055977,-12.0185747,5.94457769,7.94646358,3.69783974,79.792244,0
39.6714172,130.407852,-43.08277,60.91723,-11.5281324,5.914718,8.019716,3.69783974,79.78061,0
39.7264862,130.22113,-43.0703239,60.9296761,-11.0607424,5.887608,8.064369,3.69783974,79.7681656,0
39.7791824,129.924164,-43.0504951,60.9495049,-10.6375484,5.87103844,7.955756,3.69783974,79.74834,0
39.83024,129.657257,-43.0326347,60.9673653,-10.2554407,5.85605526,7.85830736,3.69783974,79.73048,0
39.88684,129.319336,-43.0264359,60.9735641,-9.769448,5.836977,7.7350564,3.68136978,79.7078,0
39.9387054,129.05249,-43.0084953,60.9915047,-9.384026,5.82183456,7.637769,3.68136978,79.6898651,0
39.9951935,128.714554,-42.98572,61.01428,-8.893944,5.80256939,7.514529,3.68136978,79.66709,0
40.0481262,128.43924,-42.96712,61.03288,-8.493063,5.78680468,7.414046,3.68136978,79.64849,0
40.0983124,128.175,-42.949234,61.050766,-8.107027,5.77162027,7.317509,3.68136978,79.6306,0
40.15487,127.855537,-42.92756,61.07244,-7.638604,5.753192,7.2006135,3.68136978,79.6089249,0
40.20585,127.57003,-42.90814,61.09186,-7.218456,5.73666048,7.095955,3.68136978,79.58951,0
40.2635956,127.246796,-42.9034843,61.0965157,-6.741074,5.71787643,6.977218,3.663988,79.5674744,0
40.3191681,126.933716,-42.8820877,61.1179123,-6.27695274,5.699613,6.86193037,3.663988,79.5460739,0
40.3730774,126.663162,-42.8635559,61.1364441,-5.874505,5.68377638,6.76206,3.663988,79.52754,0
40.4313354,126.34256,-42.84154,61.15846,-5.39597273,5.664946,6.6434083,3.663988,79.50553,0
40.4893036,126.030106,-42.820034,61.179966,-4.92787361,5.646526,6.52742958,3.663988,79.484024,0
40.54039,125.741806,-42.8001442,61.1998558,-4.494447,5.62947035,6.4201045,3.663988,79.4641342,0
40.5922623,125.477112,-42.8017273,61.1982727,-4.09520626,5.61376047,6.32128954,3.64410114,79.44582,0
40.6507568,125.161919,-42.77988,61.22012,-3.61816669,5.594989,6.203267,3.64410114,79.42398,0
40.7086334,124.866272,-42.75934,61.24066,-3.1690793,5.577318,6.092199,3.64410114,79.40344,0
40.7671432,124.470924,-42.7317924,61.2682076,-2.79471755,5.56953573,5.830525,3.64410114,79.37589,0
40.824852,123.990227,-43.4502258,60.5497742,-2.50000834,5.57129765,5.432792,2.89206123,79.3422852,0
40.87548,123.586815,-43.421917,60.578083,-2.2517395,5.5727253,5.09938,2.89206123,79.31398,0
40.9277878,123.197113,-43.3944855,60.6055145,-2.011255,5.574071,4.777531,2.89206123,79.2865448,0
40.98362,122.696129,-43.3590927,60.6409073,-1.70133793,5.575766,4.36401939,2.89206123,79.25115,0
41.0391159,122.254471,-43.32777,60.67223,-1.42754948,5.577236,3.99963617,2.89206123,79.21983,0
41.0913925,121.848969,-43.298912,60.701088,-1.17579556,5.57857037,3.66515946,2.89206123,79.19097,0
41.1442337,121.457382,-43.2709541,60.7290459,-0.932401657,5.57985,3.342208,2.89206123,79.16302,0
41.20141,120.989639,-43.23744,60.76256,-0.6413733,5.58137035,2.956472,2.89206123,79.1295,0
41.252327,120.581879,-43.2081146,60.7918854,-0.387440622,5.58269024,2.62019968,2.89206123,79.100174,0
41.3038635,120.164742,-43.1780167,60.8219833,-0.127489582,5.584037,2.27617288,2.89206123,79.070076,0
41.3573532,119.731,-43.1466064,60.8533936,0.1429861,5.585434,1.91841936,2.89206123,79.0386658,0
41.40822,119.338531,-43.1180878,60.8819122,0.3878586,5.58669567,1.594667,2.89206123,79.01015,0
41.4589233,118.880127,-43.08466,60.91534,0.6740087,5.588168,1.21646631,2.89206123,78.97672,0
41.5115662,118.477318,-43.0729752,60.9270248,0.9255793,5.589461,0.8840675,2.87426376,78.94724,0
41.5687943,118.006638,-43.0384026,60.9615974,1.21965873,5.59097147,0.495590776,2.87426376,78.91267,0
41.628624,117.546822,-43.00449,60.99551,1.50707388,5.59244633,0.115992613,2.87426376,78.87875,0
41.68643,117.0641,-42.9687462,61.0312538,1.80892682,5.593995,-0.282610148,2.87426376,78.84301,0
41.74523,116.609917,-42.9349823,61.0650177,2.09304929,5.595452,-0.6577508,2.87426376,78.80924,0
41.8031921,116.157188,-42.9011955,61.0988045,2.17049384,5.607093,-1.13097334,2.87426376,78.77546,0
41.85412,115.763565,-42.87171,61.12829,2.23815823,5.61719751,-1.54244959,2.87426376,78.74597,0
41.91004,115.293869,-42.8186,61.1814,2.3191824,5.62924147,-2.03356814,2.89206123,78.71066,0
41.96177,114.90097,-42.7889481,61.2110519,2.38712358,5.63931,-2.44450831,2.89206123,78.68101,0
42.02066,114.462593,-42.75575,61.24425,2.46305323,5.6505394,-2.90317678,2.89206123,78.64781,0
42.07601,113.999367,-42.7205238,61.2794762,2.54338837,5.66240358,-3.38805723,2.89206123,78.61259,0
42.129097,113.607018,-42.69058,61.30942,2.6114924,5.672454,-3.79893923,2.89206123,78.58264,0
42.1856155,113.154175,-42.6558876,61.3441124,2.69014573,5.684055,-4.273382,2.89206123,78.54795,0
42.23594,112.751106,-42.6248932,61.3751068,2.76019,5.69438457,-4.69587946,2.89206123,78.51695,0
42.2959442,112.306679,-44.956356,59.043644,2.837457,5.705778,-5.161967,0.5262909,78.48265,0
42.3461761,111.905762,-44.925293,59.074707,2.907186,5.71605968,-5.58263254,0.5262909,78.4515839,0
42.4049072,111.44944,-44.8898048,59.1101952,2.98658133,5.72776842,-6.06168175,0.5262909,78.41609,0
42.463356,111.0006,-44.85475,59.14525,3.064706,5.73929,-6.53313637,0.5262909,78.38104,0
42.52207,110.55191,-44.81957,59.18043,3.14283657,5.750815,-7.00469971,0.5262909,78.34586,0
42.57705,110.0829,-44.7826424,59.2173576,3.22453928,5.762867,-7.49790239,0.5262909,78.30894,0
42.62921,109.68103,-44.7508774,59.2491226,3.294575,5.77320051,-7.92073154,0.5262909,78.27717,0
42.6878967,109.24794,-44.706604,59.293396,3.37008452,5.784342,-8.376659,0.536197662,78.2428,0
42.7474823,108.789215,-44.6700554,59.3299446,3.45010066,5.79614925,-8.859853,0.536197662,78.20625,0
42.80443,108.337387,-44.6339073,59.3660927,3.5289526,5.807786,-9.336063,0.536197662,78.170105,0
42.86413,107.888145,-44.5978127,59.4021873,3.6073947,5.819363,-9.809839,0.536197662,78.13401,0
42.9218,107.414795,-44.55962,59.44038,3.69009042,5.831569,-10.3093472,0.536197662,78.09582,0
42.9736176,107.037064,-44.5290222,59.4709778,3.756115,5.84131527,-10.7081814,0.536197662,78.06522,0
43.0298233,106.57547,-44.4914856,59.5085144,3.83684063,5.853232,-11.1958427,0.536197662,78.02768,0
43.0872345,106.122208,-44.454464,59.545536,3.916158,5.864941,-11.6750174,0.536197662,77.99066,0
43.1377029,105.733772,-44.42261,59.57739,3.98416877,5.8749814,-12.0859032,0.536197662,77.95881,0
43.18878,105.344185,-44.39055,59.60945,4.05241537,5.8850565,-12.4982281,0.536197662,77.92675,0
43.24433,104.882881,-44.3524323,59.6475677,4.133275,5.896994,-12.9867678,0.536197662,77.8886261,0
43.296875,104.500626,-44.3207169,59.6792831,4.20376062,5.90691137,-13.389987,0.536197662,77.85691,0
43.34707,104.117569,-44.28882,59.71118,4.281392,5.91689253,-13.7905,0.536197662,77.82502,0
43.4022369,103.656952,-44.2416725,59.7583275,4.3748064,5.92890072,-14.2723579,0.5448322,77.78651,0
43.45262,103.261749,-44.2084923,59.7915077,4.45501232,5.93921,-14.6860247,0.5448322,77.75333,0
43.5044632,102.87899,-44.17624,59.82376,4.53274,5.94919872,-15.0868664,0.5448322,77.72107,0
43.5550079,102.488411,-44.1432,59.8568,4.61210346,5.95939732,-15.4961061,0.5448322,77.6880341,0
43.6127625,102.0325,-44.1044731,59.8955269,4.704804,5.97130871,-15.9740705,0.5448322,77.64931,0
43.66284,101.654083,-48.2315178,55.7684822,4.78179741,5.981201,-16.3710232,-3.61448479,77.6170349,0
43.7214737,101.187065,-48.19152,55.80848,4.876881,5.993417,-16.8612022,-3.61448479,77.577034,0
43.77742,100.731071,-48.15229,55.84771,4.969785,6.005352,-17.3401165,-3.61448479,77.5378,0
43.83983,100.296844,-48.1147652,55.8852348,5.058317,6.01672554,-17.79647,-3.61448479,77.50028,0
43.8959122,99.8332062,-48.07452,55.92548,5.15291071,6.02887535,-18.2840519,-3.61448479,77.46004,0
43.9461746,99.4452744,-48.0407028,55.9592972,5.23211145,6.03904867,-18.6922779,-3.61448479,77.4262161,0
43.9963379,99.04732,-48.0058746,55.9941254,5.313408,6.049491,-19.1112957,-3.61448479,77.39139,0
44.20932,98.63841,-47.9667473,56.0332527,5.3969965,6.06022739,-19.5421143,-3.611288,77.35546,0
44.2647171,96.94771,-47.8165741,56.1834259,5.74318552,6.104693,-21.3263512,-3.611288,77.2052841,0
44.3250961,96.53583,-47.7795944,56.2204056,5.827671,6.11554432,-21.7617569,-3.611288,77.1683044,0
44.3797836,96.05363,-47.7361,56.2639,5.92665434,6.12825727,-22.2718754,-3.611288,77.12481,0
44.43096,95.67635,-47.7019157,56.2980843,6.00415659,6.13821125,-22.6712875,-3.611288,77.09063,0
44.6513138,95.49157,-47.6851234,56.3148766,6.042135,6.14308834,-22.86701,-3.611288,77.07384,0
44.8491974,93.91861,-47.5378456,56.4621544,6.36592,6.18467331,-24.5356426,-3.60827446,76.92957,0
44.908493,92.016,-49.0597076,54.9402924,6.75882,6.235133,-26.560421,-5.307905,76.7518,0
44.95887,91.61544,-49.0218163,54.9781837,6.841721,6.24578047,-26.98764,-5.307905,76.71391,0
45.1582947,91.28805,-48.99072,55.00928,6.90952969,6.254489,-27.3370819,-5.307905,76.6828156,0
45.2083054,89.72441,-48.83888,55.16112,7.23400831,6.29616165,-29.009243,-5.30613136,76.5327454,0
45.3715439,89.64991,-48.831665,55.168335,7.24949455,6.29815054,-29.0890484,-5.30613136,76.5255356,0
45.54557,88.47062,-72.99665,31.0033512,7.49496841,6.329677,-30.3540688,-5.30613136,100.690514,2
45.60498,86.7615051,-72.82721,31.1727924,7.87637329,6.38104153,-32.17637,-5.30613136,100.52108,2
45.6618347,86.31309,-72.782196,31.2178,7.97670746,6.39454842,-32.65559,-5.30613136,100.476067,2
45.7219925,85.92999,-72.74174,31.2582626,8.062507,6.40609741,-33.0653763,-5.304306,100.437431,2
45.934845,85.52555,-68.6287155,35.37129,8.153172,6.418302,-33.498394,-1.23225975,100.396454,2
45.99244,83.81257,-68.45298,35.5470238,8.538151,6.47012234,-35.33698,-1.23225975,100.220718,2
46.0565567,83.4321747,-68.41347,35.5865326,8.623866,6.48165941,-35.7463,-1.23225975,100.181206,2
46.1066437,82.94192,-68.3622742,35.637722,8.734462,6.49654436,-36.27443,-1.23225975,100.13002,2
46.15776,82.56661,-68.32288,35.6771164,8.8192215,6.50795269,-36.6791725,-1.23225975,100.090622,2
46.3565369,82.35885,-68.2970352,35.7029648,8.86618,6.51427269,-36.9034042,-1.22829628,100.068741,2
46.41059,80.63146,-68.11292,35.8870773,9.257615,6.56695557,-38.77258,-1.22829628,99.88463,2
46.4679947,80.21324,-68.06775,35.9322472,9.352673,6.579749,-39.2264824,-1.22829628,99.8394547,2
46.52057,79.81316,-68.02432,35.9756775,9.443715,6.59200144,-39.66121,-1.22829628,99.79603,2
46.5831757,79.46367,-67.9862061,36.0137978,9.523333,6.60271645,-40.04139,-1.22829628,99.7579041,2
46.6351776,78.9860153,-64.99717,39.0028267,9.632281,6.61737967,-40.5616264,1.70836735,99.7055359,2
46.69352,78.53875,-64.9478455,39.05215,9.734443,6.63112926,-41.0494537,1.70836735,99.65621,2
46.75219,78.1105,-64.90035,39.0996437,9.83239651,6.644313,-41.51718,1.70836735,99.60873,2
46.8092728,77.66224,-64.8503647,39.1496353,9.935068,6.65813065,-42.0074348,1.70836735,99.55873,2
46.8605347,77.28057,-64.80757,39.1924248,10.022604,6.669912,-42.4254265,1.70836735,99.5159454,2
46.9110641,76.91072,-64.76591,39.2340927,10.1075335,6.68134165,-42.8309746,1.70836735,99.47427,2
46.9686432,76.48261,-64.71742,39.2825775,10.2059774,6.69459,-43.3010368,1.70836735,99.42579,2
47.0219421,76.09806,-64.6667938,39.33321,10.2945271,6.70650768,-43.72385,1.71521568,99.382,2
47.0770645,75.67287,-64.6181259,39.3818779,10.3925724,6.71970367,-44.1920166,1.71521568,99.3333359,2
47.1278839,75.32756,-64.5784,39.4216,10.4723043,6.73043346,-44.5727348,1.71521568,99.29362,2
47.18535,74.89168,-64.52799,39.4720078,10.5730934,6.743998,-45.0540047,1.71521568,99.24321,2
47.24195,74.45906,-64.47767,39.52233,10.6732864,6.757483,-45.5324326,1.71521568,99.19289,2
47.29487,74.10143,-64.43585,39.5641479,10.7562361,6.76864672,-45.9285164,1.71521568,99.15107,2
47.35003,73.6638,-63.0291367,40.9708633,10.8578959,6.782328,-46.41394,3.07048225,99.09962,2
47.40741,73.2975845,-62.97711,41.02289,10.9431,6.79379559,-46.82079,3.079217,99.05633,2
47.461113,72.8792,-62.92739,41.07261,11.0405922,6.80691576,-47.28631,3.079217,99.00661,2
47.51758,72.4295044,-62.8736267,41.1263733,11.1455679,6.82104349,-47.78757,3.079217,98.95284,2
47.5763931,72.0635757,-62.8296356,41.1703644,11.2311306,6.832559,-48.1961365,3.079217,98.90885,2
47.6292877,71.6366348,-62.7780228,41.2219772,11.3311272,6.846018,-48.67363,3.079217,98.85724,2
47.6877441,71.217865,-62.7270966,41.2729034,11.4293919,6.85924244,-49.14284,3.079217,98.80631,2
47.7382278,70.81796,-62.6699753,41.3300247,11.5233974,6.871894,-49.59172,3.087429,98.7574,2
47.79013,70.4436646,-62.6239471,41.3760529,11.6115379,6.883756,-50.0125847,3.087429,98.71137,2
47.8401337,70.0782242,-62.5787659,41.4212341,11.69774,6.895357,-50.4242,3.087429,98.6662,2
47.8931046,69.70384,-62.53224,41.46776,11.7862015,6.90726233,-50.8466072,3.087429,98.61967,2
47.9445877,69.33199,-62.48578,41.51422,11.87422,6.919108,-51.2669,3.087429,98.57321,2
47.9955521,68.98453,-62.31439,41.68561,11.9566135,6.930197,-51.6603279,3.21517944,98.52957,2
48.04698,68.62141,-62.26132,41.73868,12.04287,6.94180536,-52.0722,3.22240829,98.48373,2
48.104744,68.19607,-62.2073135,41.7926865,12.144105,6.95543051,-52.555603,3.22240829,98.4297256,2
48.16256,67.78553,-62.1548653,41.8451347,12.2420321,6.96860933,-53.0232,3.22240829,98.37727,2
48.2190247,67.3212051,-62.0951653,41.9048347,12.5164,6.97423363,-53.4255028,3.22240829,98.31757,2
48.2725,66.90597,-62.0414238,41.9585762,12.7861929,6.977888,-53.76658,3.22240829,98.26383,2
48.32715,66.45773,-61.983036,42.016964,13.0779514,6.981822,-54.1347275,3.22240829,98.2054443,2
48.37973,66.04511,-61.92894,42.07106,13.3469391,6.985437,-54.4736481,3.22240829,98.15135,2
48.4302826,65.6390457,-61.8753738,42.1246262,13.612,6.98899126,-54.8072472,3.22240829,98.09778,2
48.4811935,65.26795,-62.87104,41.12896,13.8545132,6.992237,-55.1122055,2.177496,98.04854,2
48.5415573,64.7945557,-62.8078079,41.1921921,14.1642246,6.99637651,-55.5013771,2.177496,97.9853058,2
48.59794,64.3587341,-62.7491875,41.2508125,14.5210838,6.99703264,-55.8039055,2.177496,97.92668,2
48.654335,64.04201,-62.706337,41.293663,15.010766,6.987391,-55.84532,2.177496,97.8838348,2
48.7146454,63.739006,-62.6708679,41.3291321,15.4836378,6.97805,-55.88433,2.171772,97.84264,2
48.7723465,63.42477,-62.62794,41.37206,15.9784908,6.96825,-55.924366,2.171772,97.79971,2
48.8272858,63.15118,-62.5903931,41.4096069,16.4129314,6.959631,-55.9590454,2.171772,97.76216,2
48.88214,62.836834,-62.55374,41.44626,16.9161968,6.9496336,-55.99884,2.165079,97.71882,2
48.9352264,62.5857925,-62.51897,41.48103,17.321291,6.941579,-56.0306435,2.165079,97.68405,2
48.9936,62.27934,-62.4763374,41.5236626,17.8196812,6.931663,-56.0695724,2.165079,97.64142,2
49.0518646,61.9905739,-64.87091,39.12909,18.29327,6.92223549,-56.1064262,-0.269863129,97.60105,2
49.10264,61.7284546,-64.83411,39.1658936,18.7265854,6.913607,-56.14006,-0.269863129,97.56424,2
49.1596222,61.4396973,-64.79777,39.2022324,19.2078133,6.90402126,-56.1773453,-0.274251938,97.52351,2
49.2182922,61.2964439,-64.7775,39.2225075,19.6688652,6.88924074,-56.0457878,-0.274251938,97.50324,2
49.27581,61.20689,-64.76479,39.2352066,20.120903,6.87271643,-55.8564644,-0.274251938,97.49054,2
49.327652,61.13085,-64.75822,39.2417831,20.5214615,6.85805845,-55.6885338,-0.2784748,97.479744,2
49.38069,61.0638542,-64.7486954,39.2513046,20.888504,6.84461737,-55.5345955,-0.2784748,97.47022,2
49.4313431,60.995472,-64.743866,39.25613,21.2783451,6.830335,-55.3710861,-0.283382416,97.46049,2
49.48945,60.919735,-64.73308,39.266922,21.7305183,6.813762,-55.1814423,-0.283382416,97.44969,2
49.5439148,60.8458862,-64.7282257,39.2717743,22.1952076,6.796726,-54.9865952,-0.2890644,97.43916,2
49.59558,60.78921,-64.72013,39.27987,22.5704041,6.782969,-54.82932,-0.2890644,97.43107,2
49.6460876,60.73226,-64.71199,39.28801,22.966383,6.76844835,-54.66338,-0.2890644,97.42293,2
49.69609,60.6817665,-64.71028,39.28972,23.3359756,6.75489473,-54.50854,-0.29458046,97.4157,2
49.7519226,60.6219063,-64.7017059,39.2982941,23.8009682,6.737842,-54.3137856,-0.29458046,97.40713,2
49.8062,60.5773354,-64.70168,39.2983131,24.1697311,6.724318,-54.1593857,-0.3009472,97.40074,2
49.86062,60.6933479,-64.71831,39.2816963,24.4867916,6.705985,-53.8429871,-0.3009472,97.41736,2
49.9118958,60.9983521,-64.7685852,39.2314148,24.6004982,6.687847,-53.4136963,-0.307689667,97.4609,2
49.9709,61.3142624,-64.81345,39.1865463,24.7174416,6.669134,-52.97167,-0.307689667,97.50577,2
50.02813,61.6602173,-64.86233,39.1376724,24.8448753,6.648725,-52.4903755,-0.307689667,97.5546341,2
50.079567,61.9550629,-64.90376,39.09624,24.95307,6.631401,-52.0823631,-0.307689667,97.59607,2
50.130867,62.2365265,-64.950264,39.049736,25.0560589,6.614923,-51.69465,-0.314823151,97.6354446,2
50.18579,62.6035767,-65.00134,38.9986572,25.1899586,6.59352636,-51.1915741,-0.314823151,97.6865158,2
50.2452,62.9290352,-65.04638,38.95362,25.3083324,6.57464027,-50.74783,-0.314823151,97.73156,2
50.3035965,63.27663,-65.10241,38.89759,25.434391,6.55455828,-50.27624,-0.323007584,97.7794,2
50.36229,63.69679,-65.1599,38.840107,25.38602,6.539761,-49.8071,-0.323007584,97.83688,2
50.4125061,64.0845,-62.822834,41.177166,25.2894077,6.52855825,-49.4003029,2.066763,97.889595,2
50.4708023,64.5321,-62.88329,41.11671,25.1784954,6.51561546,-48.9309235,2.066763,97.95005,2
50.52813,64.99539,-62.9454231,41.0545769,25.0643368,6.502213,-48.44538,2.066763,98.0121841,2
50.5848923,65.43721,-63.00427,40.99573,24.95602,6.48943138,-47.9826546,2.066763,98.07103,2
50.6370239,65.8185,-63.05473,40.94527,24.862915,6.47840357,-47.58358,2.066763,98.12149,2
50.6957855,66.27763,-63.1151123,40.8848877,24.7512074,6.46512938,-47.10335,2.066763,98.18188,2
50.75466,66.72316,-63.1881142,40.8118858,24.6431866,6.45225525,-46.6377144,2.05195332,98.24007,2
50.81269,67.17888,-63.24724,40.75276,24.5330238,6.4390955,-46.1618042,2.05195332,98.2991943,2
50.8692322,67.65085,-62.29553,41.70447,24.4192448,6.425477,-45.6693459,3.0644722,98.36,2
50.9292831,68.0890656,-62.3516121,41.6483879,24.3138523,6.41284132,-45.2124748,3.0644722,98.4160843,2
50.98542,68.55353,-62.41066,41.58934,24.20238,6.39946032,-44.72865,3.0644722,98.47513,2
51.0464172,68.99598,-62.4665375,41.5334625,24.0963917,6.386725,-44.2681351,3.0644722,98.53101,2
51.1055374,69.45582,-62.5242348,41.4757652,23.9864273,6.37349939,-43.78993,3.0644722,98.58871,2
51.1621323,69.92844,-62.5831375,41.4168625,23.8735847,6.35991764,-43.29885,3.0644722,98.64761,2
51.2130661,70.31098,-62.6305275,41.3694725,23.78237,6.3489337,-42.9016724,3.0644722,98.695,2
51.2716675,70.7721558,-62.6873131,41.3126869,23.6725426,6.335702,-42.42322,3.0644722,98.7517853,2
51.3280869,71.23249,-62.763237,41.236763,23.5630512,6.322505,-41.9460373,3.04486,98.8081,2
51.4812,71.410675,-62.78494,41.21506,23.5207043,6.31740046,-41.7614326,3.04486,98.8297958,2
51.5347366,72.81327,-63.0769424,40.9230576,23.1879253,6.27727032,-40.3103371,2.92180252,98.99875,2
51.58921,73.2781754,-63.132225,40.867775,23.077877,6.26399,-39.8301,2.92180252,99.05403,2
51.6400223,73.6693954,-63.1784744,40.8215256,22.9853439,6.252822,-39.42626,2.92180252,99.10028,2
51.692276,74.07745,-63.22645,40.77355,22.89626,6.24361563,-39.00112,2.92180252,99.1482544,2
51.74436,74.48749,-63.2744,40.7256,22.8081245,6.23481,-38.5734825,2.92180252,99.1962051,2
51.80082,74.93166,-63.3260422,40.6739578,22.71272,6.225276,-38.1105881,2.92180252,99.24784,2
51.8562164,75.2405853,-63.3617744,40.6382256,22.64641,6.218649,-37.788868,2.92180252,99.28358,2
51.90838,75.777565,-63.4235458,40.5764542,22.5312214,6.207136,-37.2300453,2.92180252,99.34535,2
51.96,76.17533,-63.46902,40.53098,22.4459629,6.198614,-36.8164368,2.92180252,99.39082,2
52.01174,76.57225,-64.8473,39.1527061,22.3609371,6.19011641,-36.4039764,1.58866787,99.43597,2
52.0727539,77.0276642,-64.8988,39.1012,22.2634468,6.18037271,-35.93107,1.58866787,99.48747,2
52.12281,77.44861,-64.94614,39.05386,22.173399,6.171372,-35.49426,1.58866787,99.5348053,2
52.1748276,77.85487,-64.9915848,39.0084152,22.086544,6.16269064,-35.0729561,1.58866787,99.58025,2
52.2285919,78.27137,-65.0379257,38.9620743,21.9975567,6.15379667,-34.6413269,1.58866787,99.6265945,2
52.27913,78.64779,-65.0796,38.9204025,21.917181,6.145764,-34.2514572,1.58866787,99.66827,2
52.32937,79.02912,-65.12161,38.87839,21.8358021,6.13763046,-33.85673,1.58866787,99.71028,2
52.3826675,79.44795,-65.16752,38.8324776,21.7464714,6.128702,-33.4234428,1.58866787,99.75619,2
52.4425964,79.94757,-65.22197,38.7780266,21.6399822,6.118058,-32.9069252,1.58866787,99.81064,2
52.49366,80.34025,-65.264534,38.73547,21.55634,6.109699,-32.50123,1.58866787,99.8531952,2
52.54901,80.80508,-65.31464,38.68536,21.457386,6.09980869,-32.0212746,1.58866787,99.9033051,2
52.6092529,81.26257,-65.36368,38.636322,21.360054,6.09008074,-31.5491886,1.58866787,99.95235,2
52.6708069,81.73196,-65.4137039,38.5862961,21.2602558,6.08010626,-31.0651379,1.58866787,100.002373,2
52.7262421,82.21498,-68.34078,35.659214,21.1576214,6.069848,-30.56734,-1.28723145,100.053551,2
52.7784653,82.59633,-68.3906555,35.60935,21.0766373,6.0617547,-30.17455,-1.29690361,100.09375,2
52.82914,83.01934,-68.43503,35.5649757,20.9868488,6.05278,-29.7390633,-1.29690361,100.138123,2
52.87957,83.42846,-68.47772,35.5222778,20.9000568,6.04410553,-29.3181114,-1.29690361,100.180817,2
52.9346466,83.86823,-68.52339,35.4766121,20.8068085,6.0347867,-28.8658447,-1.29690361,100.226486,2
52.9863358,84.27821,-68.56574,35.4342537,20.7199268,6.026103,-28.4444427,-1.29690361,100.268845,2
53.037178,84.67504,-68.6065445,35.39345,20.6358719,6.017701,-28.0367527,-1.29690361,100.309647,2
53.0877457,85.08261,-68.6482544,35.3517456,20.5495815,6.009077,-27.61823,-1.29690361,100.351349,2
53.1473465,85.51766,-68.69256,35.3074455,20.4575157,5.999876,-27.17171,-1.29690361,100.395653,2
53.2011642,85.91501,-68.73282,35.26718,20.37347,5.99147654,-26.7640781,-1.29690361,100.435913,2
53.2579346,86.42452,-68.78418,35.21582,20.2657547,5.98071051,-26.2416477,-1.29690361,100.487274,2
53.31443,86.88232,-68.83006,35.1699333,20.1690273,5.971043,-25.7725,-1.29690361,100.533165,2
53.36859,87.31727,-68.87344,35.1265564,20.0771675,5.96186256,-25.3269711,-1.29690361,100.576538,2
53.42736,87.74564,-68.91595,35.08405,19.986742,5.95282555,-24.8883915,-1.29690361,100.619049,2
53.4819031,88.22357,-72.9963455,31.0036526,19.8859,5.942747,-24.3993111,-5.33012,100.666229,2
53.53779,88.61135,-73.03444,30.9655571,19.80412,5.934573,-24.00266,-5.33012,100.704323,2
53.59133,89.08758,-73.081,30.9190025,19.7037277,5.92454,-23.5157528,-5.33012,100.750877,2
53.64218,89.50135,-73.12538,30.87462,19.6165447,5.915827,-23.092886,-5.33425331,100.79113,2
53.6945343,89.88456,-48.8824921,55.1175079,19.5358315,5.90775967,-22.7014084,-5.33425331,76.54824,0
53.75367,90.35265,-48.92761,55.07239,19.4372768,5.897909,-22.2234211,-5.33425331,76.59335,0
53.8117752,90.83969,-48.9743042,55.0256958,19.3347855,5.887666,-21.7263184,-5.33425331,76.64005,0
53.86933,91.28513,-49.0167923,54.9832077,19.241087,5.878302,-21.2718658,-5.33425331,76.68254,0
53.9282455,91.755,-49.0613861,54.9386139,19.1422958,5.86842775,-20.7927036,-5.33425331,76.7271347,0
53.9866257,92.22847,-49.10609,54.89391,19.0427876,5.85848236,-20.3100758,-5.33425331,76.7718353,0
54.0426178,92.69938,-49.1503258,54.8496742,18.943861,5.848595,-19.8302631,-5.33425331,76.81607,0
54.09938,93.10945,-49.1886635,54.8113365,18.857748,5.839989,-19.4125957,-5.33425331,76.85441,0
54.1545029,93.583725,-49.2327957,54.7672043,18.76324,5.83003569,-18.927702,-5.33425331,76.8985443,0
54.20546,94.00796,-49.2720833,54.7279167,18.693367,5.82113,-18.4883022,-5.33425331,76.93783,0
54.2654877,94.44852,-49.31269,54.68731,18.6208153,5.811884,-18.0322075,-5.33425331,76.97844,0
54.3233643,94.91036,-49.35506,54.64494,18.5447712,5.802197,-17.5543079,-5.33425331,77.0208054,0
54.3816452,95.38204,-49.39812,54.60188,18.4671268,5.79230833,-17.066473,-5.33425331,77.0638657,0
54.43273,95.7726746,-47.7463455,56.2536545,18.4028416,5.78412342,-16.6626453,-3.64697838,77.0993652,0
54.48854,96.2579346,-47.7902451,56.2097549,18.32301,5.77395868,-16.1612148,-3.64697838,77.1432648,0
54.5422821,96.63642,-47.8243332,56.1756668,18.2607613,5.766034,-15.7702894,-3.64697838,77.17735,0
54.6000824,97.09346,-47.87176,56.12824,18.1856155,5.756469,-15.2984228,-3.65342712,77.21834,0
54.65577,97.5595245,-47.9133568,56.0866432,18.10901,5.74671936,-14.8174467,-3.65342712,77.25993,0
54.70697,97.97014,-47.9498367,56.0501633,18.041544,5.73813248,-14.393878,-3.65342712,77.29641,0
54.76555,98.44305,-47.9916649,56.0083351,17.9638653,5.7282486,-13.906251,-3.65342712,77.3382339,0
54.81675,98.83997,-48.0266151,55.9733849,17.8986931,5.71995544,-13.4971361,-3.65342712,77.37319,0
54.87401,99.30699,-48.06756,55.93244,17.8220367,5.71020126,-13.0159645,-3.65342712,77.41413,0
54.9336853,99.77464,-48.1083679,55.8916321,17.745306,5.700438,-12.534337,-3.65342712,77.45494,0
54.98977,100.254791,-48.1500664,55.8499336,17.6665535,5.69041824,-12.0400524,-3.65342712,77.49664,0
55.0515442,100.699326,-48.1884956,55.8115044,17.59367,5.68114567,-11.5826139,-3.65342712,77.5350647,0
55.1062241,101.17717,-48.2296143,55.7703857,17.5153561,5.671182,-11.0910921,-3.65342712,77.57619,0
55.1662064,101.6227,-48.2677765,55.7322235,17.4423637,5.66189575,-10.6329851,-3.65342712,77.61435,0
55.22377,102.094063,-48.307972,55.692028,17.3651676,5.652075,-10.1485062,-3.65342712,77.65455,0
55.2834854,102.555817,-48.347168,55.652832,17.28957,5.64245749,-9.674077,-3.65342712,77.69374,0
55.33953,103.043472,-48.3883743,55.6116257,17.2097645,5.632305,-9.173231,-3.65342712,77.73495,0
55.3943176,103.469841,-48.42424,55.57576,17.1400089,5.623432,-8.735487,-3.65342712,77.77081,0
55.44789,103.915237,-48.4615479,55.5384521,17.0671673,5.61416531,-8.278369,-3.65342712,77.80812,0
55.5021744,104.3386,-44.3974838,59.6025162,16.9979515,5.60536,-7.84400845,0.445951462,77.84344,0
55.55632,104.716064,-44.4288521,59.5711479,16.9362564,5.59751225,-7.4568553,0.445951462,77.8748,0
55.6087646,105.186325,-44.4874344,59.5125656,16.8594227,5.587738,-6.97467756,0.4262886,77.91372,0
55.66217,105.622757,-44.5234,59.4766,16.7881355,5.57866955,-6.52733564,0.4262886,77.9496841,0
55.7162781,106.068245,-44.5599556,59.4400444,16.715395,5.569416,-6.07085943,0.4262886,77.9862442,0
55.7691269,106.464867,-44.5923729,59.4076271,16.6506557,5.56118,-5.66457653,0.4262886,78.01866,0
55.8248825,106.9479,-44.6316948,59.3683052,16.5718327,5.551152,-5.169938,0.4262886,78.05798,0
55.87655,107.351524,-44.6644135,59.3355865,16.50599,5.542776,-4.756747,0.4262886,78.0907,0
55.9335632,107.797585,-44.700428,59.299572,16.4332428,5.53352261,-4.30024052,0.4262886,78.12672,0
55.984642,108.207336,-44.7333832,59.2666168,16.3664417,5.52502346,-3.88101935,0.4262886,78.15967,0
56.039032,108.627831,-44.76707,59.23293,16.297905,5.516304,-3.45093155,0.4262886,78.19336,0
56.0892868,109.058777,-44.80146,59.19854,16.2276859,5.507371,-3.01027536,0.4262886,78.22775,0
56.14599,109.490067,-44.835743,59.164257,16.1543388,5.497856,-2.57064319,0.4262886,78.26203,0
56.2023926,109.9739,-44.87404,59.12596,16.0473366,5.48255444,-2.08752871,0.4262886,78.30033,0
56.25325,110.402405,-44.9078178,59.0921822,15.9525986,5.469001,-1.65974486,0.4262886,78.33411,0
56.3039,110.776642,-44.9372139,59.0627861,15.8698826,5.457162,-1.28619075,0.4262886,78.3635,0
56.3650055,111.273445,-44.976078,59.023922,15.7601109,5.4414463,-0.7903858,0.4262886,78.40237,0
56.4209671,111.769859,-45.01474,58.98526,15.6504631,5.42574358,-0.295069933,0.4262886,78.44103,0
56.47368,112.19062,-45.04738,58.95262,15.5575514,5.41243553,0.124696478,0.4262886,78.47367,0
56.52845,112.63121,-45.08142,58.91858,15.46029,5.3985014,0.564161658,0.4262886,78.50771,0
56.5862045,113.102287,-45.1176758,58.8823242,15.3563271,5.383605,1.03396165,0.4262886,78.54396,0
56.64126,113.515816,-45.1493759,58.8506241,15.2650871,5.37053061,1.44630361,0.4262886,78.57566,0
56.6983643,114.027725,-45.1884575,58.8115425,15.152173,5.35434866,1.95664763,0.4262886,78.6147461,0
56.75499,114.489456,-45.2235565,58.7764435,15.0503521,5.33975458,2.41688919,0.4262886,78.64985,0
56.80619,114.909134,-42.9579926,61.0420074,14.9578238,5.326492,2.83514428,2.72363663,78.6816254,0
56.8626633,115.369232,-42.9927,61.0073,14.8564081,5.311954,3.293607,2.72363663,78.71634,0
56.9129944,115.786583,-43.0240631,60.9759369,14.764431,5.298769,3.70941353,2.72363663,78.7477,0
56.9655533,116.215263,-43.0561638,60.9438362,14.6699762,5.28522825,4.136441,2.72363663,78.7798,0
57.0172119,116.594238,-43.0844421,60.9155579,14.5864887,5.273259,4.51390028,2.72363663,78.808075,0
57.074028,117.08596,-43.1560478,60.8439522,14.4781809,5.257731,5.00358152,2.68858337,78.844635,0
57.13247,117.527222,-43.18872,60.81128,14.3810091,5.243799,5.44293976,2.68858337,78.8773041,0
57.18936,118.0354,-43.2262,60.7738,14.2691193,5.227757,5.94884443,2.68858337,78.91478,0
57.2430649,118.441521,-43.25603,60.74397,14.1797161,5.214938,6.35308647,2.68858337,78.94462,0
57.296463,118.862,-43.2868156,60.7131844,14.0871668,5.20166874,6.77156448,2.68858337,78.9753952,0
57.35016,119.349747,-43.3223839,60.6776161,13.9798307,5.18627834,7.25691175,2.68858337,79.01096,0
57.40071,119.756065,-43.351902,60.648098,13.8904257,5.173459,7.66117525,2.68858337,79.04049,0
57.4552155,120.21051,-43.3848,60.6152,13.7904482,5.15912342,8.113254,2.68858337,79.07339,0
57.5151672,120.659607,-43.41719,60.58281,13.6916628,5.14495945,8.55995,2.68858337,79.1057739,0
57.572052,121.127075,-43.45078,60.54922,13.55368,5.131753,9.01293,2.68858337,79.13936,0
57.6323624,121.497406,-43.4772949,60.5227051,13.1544142,5.13397,9.273019,2.68858337,79.16588,0
57.6861267,121.878021,-43.4694061,60.5305939,12.7463312,5.13618755,9.54029,2.72363663,79.19305,0
57.7383728,122.222908,-43.4939537,60.5060463,12.37817,5.13816071,9.782329,2.72363663,79.21759,0
57.7902069,122.56749,-43.5184059,60.4815941,12.01166,5.140105,10.023962,2.72363663,79.24204,0
57.84188,122.893578,-43.5414848,60.4585152,11.6658964,5.141926,10.2524137,2.72363663,79.26512,0
57.89234,123.228279,-43.56511,60.43489,11.3119707,5.143779,10.48665,2.72363663,79.28874,0
57.9530029,123.587852,-43.590416,60.409584,10.9327354,5.14575624,10.7379847,2.72363663,79.31405,0
58.0073776,123.990456,-43.6186638,60.3813362,10.5092144,5.147957,11.0189972,2.72363663,79.3423,0
58.0594864,124.3241,-43.6420059,60.3579941,10.1590567,5.149772,11.2515373,2.72363663,79.36564,0
58.1165771,124.699661,-43.6352768,60.3647232,9.765715,5.15180874,11.5129261,2.75656414,79.3918457,0
58.1693039,125.0515,-43.65975,60.34025,9.397975,5.15371,11.7574291,2.75656414,79.41631,0
58.2207565,125.39032,-43.6832542,60.3167458,9.044481,5.155536,11.99255,2.75656414,79.43982,0
58.2755661,125.720039,-43.7060623,60.2939377,8.640495,5.158103,12.1981373,2.75656414,79.46262,0
58.33104,126.023087,-43.7269745,60.2730255,8.207261,5.16127968,12.3627625,2.75656414,79.4835358,0
58.38144,126.29612,-43.7457733,60.2542267,7.818233,5.164131,12.5106678,2.75656414,79.5023346,0
58.4355,126.566505,-43.7643471,60.2356529,7.4341383,5.16694641,12.6567507,2.75656414,79.52091,0
58.490654,126.895256,-43.02686,60.97314,6.9686265,5.17035675,12.8338537,3.5165863,79.54344,0
58.54412,127.194252,-43.0473,60.9527,6.54666,5.173448,12.9944277,3.5165863,79.56389,0
58.6041336,127.497833,-43.0680046,60.9319954,6.11953163,5.17657661,13.156992,3.5165863,79.5845947,0
58.66075,127.83725,-43.0911,60.9089,5.643541,5.18006229,13.3381767,3.5165863,79.60768,0
58.7137222,128.13147,-43.1110649,60.8889351,5.23221874,5.183075,13.4947624,3.5165863,79.627655,0
58.77069,128.4449,-43.1322861,60.8677139,4.79532051,5.186275,13.6610928,3.5165863,79.64887,0
58.82251,128.732544,-43.15172,60.84828,4.395532,5.18920231,13.813303,3.5165863,79.6683044,0
58.8743439,128.9337,-43.1349,60.8651,3.974469,5.199603,13.862196,3.5469656,79.68187,0
58.9256439,129.035645,-43.1417656,60.8582344,3.552414,5.21720934,13.8016491,3.5469656,79.68873,0
58.97632,129.136292,-43.1485367,60.8514633,3.14246631,5.234269,13.743227,3.5469656,79.6955,0
59.02923,129.245361,-43.1558723,60.8441277,2.70484471,5.25244665,13.681138,3.5469656,79.7028351,0
59.0801926,129.348938,-43.1628265,60.8371735,2.29509616,5.269443,13.623167,3.5469656,79.70979,0
59.1362762,129.467514,-43.1421242,60.8578758,1.83225965,5.28862143,13.5577908,3.57562923,79.71775,0
59.1869278,129.570679,-43.14904,60.85096,1.43469119,5.305084,13.5016785,3.57562923,79.72467,0
59.23797,129.685059,-43.1567039,60.8432961,0.999132633,5.32311,13.4402227,3.57562923,79.73234,0
59.29077,129.800323,-43.16442,60.83558,0.5654258,5.341054,13.3790236,3.57562923,79.74005,0
59.346962,129.9263,-43.1728477,60.8271523,0.0971553,5.36042,13.3129282,3.57562923,79.74848,0
59.40786,130.049759,-43.1558456,60.8441544,-0.356123745,5.37916374,13.2489223,3.60088062,79.75673,0
59.4661636,130.190567,-43.1652451,60.8347549,-0.866686463,5.40027237,13.1767912,3.60088062,79.76613,0
59.5223846,130.324875,-43.174202,60.825798,-1.34752584,5.42015076,13.10882,3.60088062,79.7750854,0
59.5741272,130.437,-43.18167,60.81833,-1.7444762,5.43655968,13.0526829,3.60088062,79.7825546,0
59.63391,130.575348,-43.19088,60.80912,-2.22893381,5.45658541,12.98414,3.60088062,79.79176,0
59.68969,130.716583,-43.1780739,60.8219261,-2.71760631,5.47678375,12.9149742,3.62307549,79.80115,0
59.74163,130.840622,-43.1863136,60.8136864,-3.1420505,5.494328,12.8548756,3.62307549,79.80939,0
59.79754,130.977188,-43.1953735,60.8046265,-3.60442042,5.513439,12.7893867,3.62307549,79.81845,0
59.8508,131.093735,-43.2031,60.7969,-3.99499226,5.529583,12.7340527,3.62307549,79.82617,0
59.9081421,131.250336,-43.21347,60.78653,-4.51427,5.551047,12.6604662,3.62307549,79.83655,0
59.96035,131.371765,-43.2215,60.7785,-4.91266346,5.567513,12.6039963,3.62307549,79.844574,0
60.0159149,131.522018,-43.2104034,60.7895966,-5.400614,5.58768129,12.5348215,3.64410114,79.85451,0
60.066803,131.653946,-43.2191124,60.7808876,-5.82468653,5.60520935,12.4746923,3.64410114,79.86321,0
60.11927,131.787231,-43.2279,60.7721,-6.249078,5.62275,12.4145117,3.64410114,79.872,0
60.1754456,131.934265,-43.237587,60.762413,-6.71268559,5.64191246,12.34876,3.64410114,79.88169,0
60.2290344,132.075272,-43.2468643,60.7531357,-7.15292645,5.660108,12.2863188,3.64410114,79.89097,0
60.28076,132.21489,-43.2361565,60.7638435,-7.58474,5.67795563,12.2250662,3.663988,79.90015,0
60.33259,132.341934,-43.2445,60.7555,-7.97423935,5.694054,12.1698112,3.663988,79.9084854,0
60.39395,132.5096,-43.2554932,60.7445068,-8.483466,5.71510172,12.0975676,3.663988,79.91948,0
60.449234,132.650421,-43.26472,60.73528,-8.952788,5.73942757,12.0143547,3.663988,79.92871,0
60.5021744,132.7628,-43.2720757,60.7279243,-9.359061,5.763957,11.9305487,3.663988,79.9360657,0
60.5570145,132.897,-43.26347,60.73653,-9.83876,5.79290628,11.8315611,3.68136978,79.94484,0
60.61788,133.026886,-43.2719536,60.7280464,-10.2974958,5.820581,11.7368641,3.68136978,79.95332,0
60.6681824,133.154251,-43.2802658,60.7197342,-10.7422733,5.84740734,11.6450157,3.68136978,79.96164,0
60.7249832,133.287491,-43.2889557,60.7110443,-11.2024422,5.87515831,11.5499573,3.68136978,79.97032,0
60.7849274,133.4204,-43.29761,60.70239,-11.65635,5.902528,11.4561605,3.68136978,79.97898,0
60.8407669,133.567291,-43.2907,60.7093,-12.1523371,5.93243265,11.3536415,3.69783974,79.98854,0
60.8932648,133.693268,-43.29889,60.70111,-12.5730991,5.9578,11.2666473,3.69783974,79.99673,0
60.9512329,133.8253,-43.30746,60.69254,-13.0096712,5.98411942,11.17637,3.69783974,80.0053,0
61.00615,133.972641,-43.31702,60.68298,-13.49164,6.013176,11.0766821,3.69783974,80.01486,0
61.0575638,134.1039,-44.15349,59.84651,-13.9166164,6.03879642,10.98877,2.869876,80.02336,0
61.107933,134.2259,-44.16139,59.83861,-14.3080187,6.06239271,10.9077911,2.869876,80.0312653,0
61.16642,134.371353,-44.1578331,59.8421669,-14.7701139,6.09025,10.8121748,2.88283539,80.04067,0
61.223587,134.524384,-44.16772,59.83228,-15.2512941,6.119258,10.7126007,2.88283539,80.05056,0
61.27626,134.665741,-44.17684,59.82316,-15.6912889,6.14578247,10.62154,2.88283539,80.05968,0
61.3385925,134.81044,-44.1861725,59.8138275,-16.1374588,6.17267942,10.5291939,2.88283539,80.06901,0
61.3961334,134.979279,-44.1970444,59.8029556,-16.6526985,6.20374,10.4225464,2.88283539,80.07988,0
61.4533463,135.13269,-44.1956635,59.8043365,-17.1160545,6.23167324,10.3266315,2.894081,80.0897446,0
61.50997,135.273331,-44.2047,59.7953,-17.53698,6.257049,10.2394962,2.894081,80.09878,0
61.5605927,135.429138,-44.2147,59.7853,-17.9990959,6.28490734,10.14383,2.894081,80.10878,0
61.618927,135.587646,-44.2248573,59.7751427,-18.464798,6.31298161,10.04742,2.894081,80.11894,0
61.6699066,135.731857,-44.2340927,59.7659073,-18.8848019,6.33830166,9.960465,2.894081,80.1281738,0
61.7306671,135.893433,-44.2328262,59.7671738,-19.3512154,6.36642,9.863901,2.9056797,80.138504,0
61.7860336,136.066,-44.2438469,59.7561531,-19.8447018,6.396169,9.76173,2.9056797,80.14953,0
61.8362579,136.2064,-44.2528076,59.7471924,-20.2428226,6.42017,9.679302,2.9056797,80.1584854,0
61.8892746,136.346939,-44.2617645,59.7382355,-20.6382713,6.44400835,9.597426,2.9056797,80.16744,0
61.9464264,136.527084,-44.27323,59.72677,-21.14089,6.474309,9.49336052,2.9056797,80.17891,0
62.0065765,136.693466,-44.2838135,59.7161865,-21.6009731,6.50204563,9.398099,2.9056797,80.18949,0
62.06202,136.867447,-44.2848244,59.7151756,-22.08806,6.54120255,9.294562,2.91571331,80.20054,0
62.1215439,137.027847,-44.295,59.705,-22.5353451,6.57918167,9.198921,2.91571331,80.21072,0
62.1731033,137.175613,-44.30436,59.69564,-22.9441128,6.61387444,9.111509,2.91571331,80.22008,0
62.2293549,137.34314,-44.31496,59.68504,-23.4038467,6.65287876,9.013192,2.91571331,80.2306747,0
62.28823,137.5198,-44.32613,59.67387,-23.8845425,6.693651,8.910387,2.91571331,80.2418442,0
62.3467026,137.6967,-44.3286552,59.6713448,-24.3617,6.73411465,8.808334,2.9243536,80.253006,0
62.3997955,137.847244,-44.3381462,59.6618538,-24.7645969,6.768277,8.72216,2.9243536,80.2625,0
62.45375,138.0303,-44.34967,59.65033,-25.2507076,6.80949163,8.618184,2.9243536,80.274025,0
62.5054855,138.189438,-44.35968,59.64032,-25.6699867,6.84503841,8.528499,2.9243536,80.2840347,0
62.56201,138.360916,-44.3704529,59.6295471,-26.1183949,6.883053,8.43258,2.9243536,80.29481,0
62.61496,138.519531,-44.3804,59.6196,-26.5301685,6.91796,8.344495,2.9243536,80.3047562,0
62.6755371,138.703735,-44.3829536,59.6170464,-27.0047855,6.95819426,8.242967,2.93334675,80.3163,0
62.73221,138.8951,-68.67493,35.3250732,-27.493948,6.999661,8.138322,2.93334675,104.608276,2
62.78344,139.0469,-68.68442,35.3155861,-27.8791943,7.032318,8.055906,2.93334675,104.61776,2
62.841713,139.233948,-68.69609,35.30391,-28.3505573,7.072275,7.955067,2.93334675,104.62944,2
62.892067,139.395111,-68.70614,35.29386,-28.75384,7.10646057,7.86879158,2.93334675,104.639488,2
62.94236,139.564255,-68.7166748,35.28333,-29.1743317,7.14210463,7.778833,2.93334675,104.650017,2
62.99813,139.752014,-68.71988,35.28012,-29.6378632,7.18139648,7.67966557,2.94181728,104.6617,2
63.05802,139.940292,-68.731575,35.268425,-30.0993156,7.22051239,7.58094358,2.94181728,104.673393,2
63.1157761,140.1406,-68.7439957,35.2560043,-30.5866585,7.2618227,7.476681,2.94181728,104.685814,2
63.1755676,140.341934,-68.75647,35.2435341,-31.0728931,7.30303955,7.37265444,2.94181728,104.69828,2
63.23349,140.535812,-72.0255661,31.974432,-31.5377884,7.34244728,7.273193,-0.315292358,104.710274,2
63.2887039,140.740982,-72.03441,31.9655952,-32.0262375,7.38385153,7.16869164,-0.3114586,104.722946,2
63.3394928,140.898834,-72.04414,31.9558582,-32.3996925,7.41550875,7.08879232,-0.3114586,104.732681,2
63.3999023,141.1076,-72.057,31.9429989,-32.8904457,7.457108,6.98379755,-0.3114586,104.745544,2
63.4563,141.316208,-72.06983,31.9301662,-33.3773842,7.49838352,6.87961864,-0.3114586,104.758377,2
63.5081558,141.497635,-72.08098,31.9190216,-33.7981529,7.534051,6.789597,-0.3114586,104.769516,2
63.55931,141.689072,-72.09272,31.9072781,-34.21997,7.54079342,6.70499945,-0.3114586,104.781265,2
63.6096268,141.870453,-72.1005554,31.8994427,-34.617382,7.546984,6.62534237,-0.30818367,104.792374,2
63.6606064,142.062271,-96.3922958,7.6077075,-35.0353622,7.55337048,6.5416,-0.30818367,129.0841,4
63.7171936,142.294083,-96.406456,7.593545,-35.5375023,7.560919,6.44103241,-0.30818367,129.098267,4
63.77684,142.512009,-96.41975,7.58025265,-36.0066,7.567883,6.347111,-0.30818367,129.111557,4
63.8283539,142.70993,-96.4318,7.56819868,-36.4302139,7.574119,6.262317,-0.30818367,129.123611,4
63.8828049,142.93161,-96.44528,7.55471659,-36.9020844,7.581024,6.16787863,-0.30818367,129.1371,4
63.9351273,143.126816,-96.45714,7.54286242,-37.31531,7.58704424,6.085187,-0.30818367,129.148956,4
63.9942627,143.352859,-72.18746,31.8125362,-37.7912827,7.59395742,5.98995,-0.304801941,104.88266,2
64.0511246,143.590912,-72.20187,31.7981224,-38.28962,7.601177,5.890246,-0.304801941,104.897072,2
64.10945,143.812256,-72.2152557,31.7847462,-38.75031,7.60783958,5.7980814,-0.304801941,104.910454,2
64.17113,144.045471,-72.22933,31.7706718,-39.23307,7.614813,5.70150471,-0.304801941,104.92453,2
64.22673,144.2788,-72.2433853,31.7566128,-39.71338,7.62174559,5.60542345,-0.304801941,104.938583,2
64.27882,144.485443,-72.25294,31.7470589,-40.13656,7.62785,5.52077341,-0.301923752,104.951019,2
64.33628,144.716232,-72.26681,31.7331963,-40.6068153,7.63463068,5.42670727,-0.301923752,104.964882,2
64.39529,144.952972,-72.281,31.718998,-41.0866051,7.64154673,5.33073854,-0.301923752,104.97908,2
64.45135,145.190674,-72.2952347,31.7047672,-41.5657845,7.64845276,5.23489332,-0.301923752,104.993309,2
64.50193,145.3965,-72.30754,31.6924629,-41.9786835,7.654402,5.152306,-0.301923752,105.005615,2
64.56261,145.630829,-72.3215256,31.6784744,-42.4465256,7.66114235,5.058731,-0.301923752,105.0196,2
64.61775,145.87381,-72.3360062,31.6639938,-42.92916,7.66809464,4.96219873,-0.301923752,105.034081,2
64.67779,146.110443,-72.34713,31.65287,-43.3967743,7.67483139,4.868672,-0.298969269,105.048157,2
64.72836,146.318665,-72.3595,31.640501,-43.8063736,7.6807313,4.786748,-0.298969269,105.060532,2
64.78603,146.560867,-72.37386,31.6261349,-44.2806053,7.68756247,4.691899,-0.298969269,105.0749,2
64.8377151,146.777771,-72.38671,31.6132889,-44.7033234,7.69365168,4.607351,-0.298969269,105.087738,2
64.89412,147.022476,-72.40118,31.59882,-45.1780472,7.70049,4.51240349,-0.298969269,105.102211,2
64.9469,147.24408,-72.41426,31.58574,-45.6059723,7.70665359,4.426817,-0.298969269,105.115295,2
65.0032043,147.4855,-72.42599,31.57401,-46.07008,7.713338,4.33399248,-0.296466827,105.129524,2
65.0537949,147.701721,-72.43871,31.5612869,-46.49204,7.717842,4.24346638,-0.296466827,105.14225,2
65.106575,147.90062,-72.4504,31.5495987,-46.8972473,7.71859932,4.14263964,-0.296466827,105.153938,2
65.16211,148.136169,-96.7442245,7.255777,-47.3748474,7.719485,4.02376175,-0.296466827,129.447754,4
65.21421,148.343475,-96.75637,7.24363041,-47.79308,7.720256,3.91963458,-0.296466827,129.4599,4
65.27044,148.573227,-96.76981,7.23018742,-48.2544174,7.72110271,3.8047576,-0.296466827,129.473343,4
65.3217545,148.781845,-96.782,7.218,-48.6713028,7.721865,3.700934,-0.296466827,129.485535,4
65.37284,148.982361,-96.7911453,7.20885849,-49.07022,7.722594,3.601576,-0.29391098,129.497238,4
65.43013,149.212891,-96.80457,7.195428,-49.5268021,7.723426,3.487848,-0.29391098,129.510666,4
65.4889,149.455353,-96.81867,7.18132544,-50.00461,7.72429562,3.368824,-0.29391098,129.524765,4
65.53997,149.668,-96.8310242,7.168976,-50.42171,7.72505426,3.26491642,-0.29391098,129.537109,4
65.5906143,149.883011,-96.84349,7.15650654,-50.8416023,7.725817,3.160309,-0.29391098,129.549576,4
65.64784,150.109558,-96.85661,7.14338827,-51.28203,7.72661734,3.05058336,-0.29391098,129.5627,4
65.70819,150.357254,-96.86878,7.13121748,-51.7613258,7.72748852,2.931171,-0.2917614,129.577026,4
65.76488,150.600525,-96.88283,7.117175,-52.2298,7.72833967,2.814452,-0.2917614,129.591064,4
65.82206,150.8439,-96.89685,7.10314941,-52.6962776,7.729187,2.69822979,-0.2917614,129.605087,4
65.87633,151.064957,-72.62957,31.3704281,-53.118103,7.729953,2.59313035,-0.2917614,105.337807,2
65.9316,151.303619,-72.64328,31.3567162,-53.57154,7.730776,2.48015285,-0.2917614,105.351524,2
65.9907455,151.556152,-72.65777,31.3422318,-54.0491524,7.73164272,2.36115122,-0.2917614,105.366005,2
66.0471954,151.813736,-72.6725159,31.3274822,-54.53402,7.732523,2.24034071,-0.2917614,105.380753,2
66.1068649,152.056778,-72.68423,31.31577,-54.9894829,7.73335,2.126857,-0.2895794,105.394653,2
66.15936,152.291733,-72.69764,31.3023586,-55.4278831,7.734145,2.017624,-0.2895794,105.408058,2
66.21439,152.437073,-72.705925,31.2940731,-55.82155,7.73452234,1.82324135,-0.2895794,105.416344,2
66.26494,152.3375,-72.70025,31.29975,-56.0247,7.733826,1.46875942,-0.2895794,105.410675,2
66.32201,152.219467,-72.69352,31.30648,-56.26799,7.73299074,1.04403973,-0.2895794,105.403938,2
66.38539,152.106186,-96.96705,7.032949,-56.5042,7.73217964,0.631511569,-0.2895794,129.677475,4
66.44137,151.984085,-96.95825,7.04174757,-56.761898,7.73129368,0.181300908,-0.287755966,129.6705,4
66.5017242,151.873688,-96.95194,7.04805946,-56.9978943,7.730482,-0.2310836,-0.287755966,129.664185,4
66.5555344,151.769165,-96.94596,7.054039,-57.2240219,7.729705,-0.626290858,-0.287755966,129.6582,4
66.6131744,151.664627,-96.93997,7.06002426,-57.45301,7.728917,-1.02653539,-0.287755966,129.652222,4
66.66905,151.5526,-96.9335556,7.066442,-57.70163,7.72806168,-1.46112168,-0.287755966,129.6458,4
66.72008,151.4564,-96.92637,7.07362938,-57.91791,7.727318,-1.83921325,-0.286083221,129.640289,4
66.7713852,151.254135,-96.9147644,7.085238,-57.9914474,7.728207,-2.22119951,-0.286083221,129.628677,4
66.8301,151.000092,-96.90016,7.09983873,-58.08425,7.72932768,-2.702981,-0.286083221,129.614075,4
66.88161,150.787537,-96.8879242,7.112074,-58.16227,7.730269,-3.10783744,-0.286083221,129.601837,4
66.93764,150.524582,-96.8727646,7.127234,-58.25925,7.73143864,-3.61093879,-0.286083221,129.586685,4
66.98933,150.3063,-96.86016,7.1398387,-58.3401337,7.73241329,-4.030455,-0.286083221,129.574081,4
67.04488,150.071182,-96.8465652,7.15343666,-58.4276543,7.733468,-4.48432875,-0.286083221,129.560486,4
67.09745,149.847336,-96.8319244,7.168073,-58.51136,7.734477,-4.918362,-0.284412384,129.547516,4
67.1487045,149.651047,-72.54054,31.4594574,-58.5850639,7.73536539,-5.300517,-0.284412384,105.256126,2
67.2030258,149.399551,-72.52593,31.4740658,-58.6799049,7.73650837,-5.792291,-0.284412384,105.241524,2
67.25586,149.198059,-72.51421,31.4857883,-58.75625,7.737427,-6.18810368,-0.284412384,105.2298,2
67.31458,148.959061,-72.50028,31.4997139,-58.8472061,7.73852348,-6.65970325,-0.284412384,105.215874,2
67.3654861,148.750824,-72.48814,31.5118637,-58.92681,7.739482,-7.072458,-0.284412384,105.20372,2
67.4209442,148.499924,-72.47347,31.5265274,-59.0232,7.7406435,-7.5722065,-0.284412384,105.189056,2
67.47356,148.288864,-72.45975,31.5402546,-59.1046677,7.741625,-7.994621,-0.2830391,105.176704,2
67.5238,148.101563,-72.44877,31.5512333,-59.1772652,7.74250031,-8.371074,-0.2830391,105.165726,2
67.5806,147.852219,-72.43413,31.5658684,-59.2743835,7.74367046,-8.874638,-0.2830391,105.151093,2
67.64017,147.62561,-72.42081,31.5791912,-59.363102,7.744739,-9.334688,-0.2830391,105.137772,2
67.69134,147.421722,-72.4088058,31.5911961,-59.44331,7.745705,-9.750574,-0.2830391,105.125763,2
67.74705,147.180145,-72.39456,31.605442,-59.53883,7.746856,-10.2458658,-0.2830391,105.111519,2
67.79896,146.9875,-72.38194,31.6180553,-59.61538,7.74777842,-10.6427889,-0.281801224,105.100143,2
67.85417,146.757751,-72.3683548,31.6316433,-59.7071228,7.748884,-11.118515,-0.281801224,105.086555,2
67.905304,146.599915,-72.35901,31.64099,-59.8243256,7.75021744,-11.5126257,-0.281801224,105.077209,2
67.95939,146.539856,-72.35545,31.6445484,-60.04888,7.75262928,-11.883709,-0.281801224,105.073654,2
68.01818,146.475754,-72.3516541,31.64835,-60.2938766,7.75526047,-12.2886057,-0.281801224,105.069847,2
68.07414,146.409912,-72.34775,31.6522541,-60.5516853,7.758029,-12.7146883,-0.281801224,105.065948,2
68.12634,146.354065,-72.34332,31.6566734,-60.7756538,7.76043367,-13.0848408,-0.280694962,105.06263,2
68.1852341,146.296234,-72.33989,31.6601067,-61.0131,7.76298332,-13.4772692,-0.280694962,105.0592,2
68.23534,146.240646,-72.33659,31.6634083,-61.2470131,7.76549435,-13.8638468,-0.280694962,105.0559,2
68.29357,146.185852,-72.3333359,31.6666622,-61.4835663,7.7680335,-14.2547665,-0.280694962,105.052643,2
68.35049,146.128387,-72.3299255,31.6700783,-61.7384453,7.770769,-14.6759567,-0.280694962,105.049225,2
68.40167,146.0809,-72.327095,31.6729012,-61.9548264,7.77309132,-15.033536,-0.280694962,105.0464,2
68.45589,146.031235,-72.3231659,31.6768322,-62.1870537,7.77558327,-15.4172859,-0.2797165,105.043449,2
68.5116653,145.979492,-72.32009,31.67991,-62.43621,7.77825737,-15.8289986,-0.2797165,105.040375,2
68.56496,146.1025,-72.32741,31.672596,-62.7636757,7.78158855,-16.0543671,-0.2797165,105.047691,2
68.6159439,146.311752,-72.3398361,31.6601639,-63.15479,7.785507,-16.2210445,-0.2797165,105.06012,2
68.6725,146.562088,-72.35468,31.6453152,-63.62041,7.79017162,-16.4195,-0.2797165,105.074966,2
68.72902,146.795456,-72.36851,31.6314964,-64.05225,7.79449654,-16.60355,-0.2797165,105.088791,2
68.78305,147.005356,-72.38014,31.61986,-64.4389,7.79836845,-16.76833,-0.2789421,105.1012,2
68.83797,147.251373,-72.39466,31.6053352,-64.88997,7.802884,-16.9605331,-0.2789421,105.115723,2
68.89891,147.486008,-72.40849,31.591507,-65.3180542,7.80717,-17.1429157,-0.2789421,105.129555,2
68.95724,147.728287,-72.42275,31.57725,-65.75796,7.81157351,-17.3303032,-0.2789421,105.143806,2
69.01224,147.9859,-72.43788,31.5621166,-66.22342,7.81623268,-17.5285454,-0.2789421,105.158943,2
69.0654755,148.192123,-72.44998,31.55002,-66.5943451,7.81994534,-17.6864986,-0.2789421,105.171036,2
69.11695,148.427826,-72.4630356,31.5369663,-67.01651,7.824171,-17.866251,-0.27819252,105.184845,2
69.17423,148.673187,-72.47738,31.52262,-67.45397,7.828549,-18.052496,-0.27819252,105.199188,2
69.2259445,148.893661,-72.49025,31.5097485,-67.84536,7.83246565,-18.2191086,-0.27819252,105.212059,2
69.28031,149.113937,-72.50309,31.4969082,-68.2348251,7.836364,-18.3848877,-0.27819252,105.2249,2
69.338,149.379852,-72.51857,31.481432,-68.70294,7.841048,-18.584137,-0.27819252,105.240379,2
69.38865,149.589233,-72.53073,31.469265,-69.06996,7.84472036,-18.7403412,-0.27819252,105.252541,2
69.43886,149.830063,-72.54471,31.4552937,-69.4904251,7.84892845,-18.9192829,-0.27819252,105.266518,2
69.49659,150.068375,-72.558,31.4420033,-69.90478,7.853074,-19.0956135,-0.277677536,105.280319,2
69.54779,150.304123,-72.57163,31.42837,-70.3130341,7.85716,-19.2693462,-0.277677536,105.293953,2
69.6028442,150.5525,-72.5859756,31.4140282,-70.74139,7.86144733,-19.4516182,-0.277677536,105.3083,2
69.65586,150.791092,-72.5997238,31.4002743,-71.1511841,7.86554861,-19.6259918,-0.277677536,105.322052,2
69.71284,151.032379,-72.61362,31.3863869,-71.5639954,7.8696785,-19.8016415,-0.277677536,105.335938,2
69.7657,151.282822,-78.176796,25.8232021,-71.99078,7.87394953,-19.9832363,-5.82646942,105.350327,2
69.81765,151.468246,-78.18744,25.8125629,-72.33816,7.87874651,-20.1656036,-5.82646942,105.36097,2
69.87672,151.4476,-78.18611,25.8138847,-72.550766,7.89097,-20.5205135,-5.826332,105.359779,2
69.92807,151.4237,-78.1847458,25.8152561,-72.81662,7.90621662,-20.9636822,-5.826332,105.358414,2
69.9785,151.405792,-78.1837158,25.8162823,-73.03209,7.91855145,-21.3225727,-5.826332,105.357384,2
70.02876,151.3895,-78.182785,25.8172169,-73.24242,7.930581,-21.6727676,-5.826332,105.356453,2
70.08703,151.3714,-78.18175,25.8182564,-73.49522,7.94502831,-22.0936146,-5.826332,105.355415,2
70.14196,151.355316,-78.1808243,25.81918,-73.7414246,7.959093,-22.5034962,-5.826332,105.354492,2
70.1941757,151.34317,-78.18002,25.8199749,-73.94419,7.97067451,-22.8411045,-5.826233,105.35379,2
70.24483,151.331161,-78.17934,25.8206654,-74.1633148,7.98318863,-23.206,-5.826233,105.3531,2
70.30127,151.318924,-78.1786346,25.8213673,-74.41252,7.99742031,-23.6210766,-5.826233,105.3524,2
70.36027,151.3082,-78.17802,25.8219833,-74.661705,8.01165,-24.03618,-5.826233,105.351784,2
70.4104,151.2999,-78.17754,25.8224583,-74.88383,8.024337,-24.4062939,-5.826233,105.351311,2
70.46714,151.106888,-78.16645,25.8335476,-74.92967,8.029572,-24.8495827,-5.826233,105.340218,2
70.51766,150.823715,-78.1500854,25.8499126,-74.85334,8.029133,-25.2709084,-5.82615852,105.323929,2
70.57057,150.557938,-78.1347656,25.8652325,-74.78102,8.028699,-25.666481,-5.82615852,105.308609,2
70.6255646,150.232956,-78.116,25.8840027,-74.69188,8.028149,-26.1506062,-5.82615852,105.289841,2
70.677475,149.9568,-78.10001,25.8999825,-74.6156,8.027669,-26.5625114,-5.82615852,105.273857,2
70.7289047,149.678619,-78.08389,25.916111,-74.53833,8.027176,-26.9780331,-5.82615852,105.257729,2
70.77917,149.4067,-72.5185,31.4815025,-74.4624,8.026688,-27.38483,-0.276561737,105.241936,2
70.83716,149.088364,-72.49997,31.5000286,-74.3731,8.026108,-27.8619976,-0.276561737,105.223412,2
70.89427,148.7638,-72.48104,31.518959,-74.2816,8.025511,-28.3496284,-0.276561737,105.204483,2
70.9458,148.481842,-72.4643555,31.5356464,-74.2018,8.024988,-28.7741756,-0.276351929,105.188,2
71.00547,148.168518,-72.44601,31.5539932,-74.1127853,8.024404,-29.2471237,-0.276351929,105.169655,2
71.06159,147.849686,-72.42729,31.5727043,-74.02185,8.023805,-29.7296429,-0.276351929,105.15094,2
71.114006,147.5736,-72.41106,31.58894,-73.94285,8.023285,-30.1485558,-0.276351929,105.134705,2
71.17252,147.263245,-72.39278,31.6072254,-73.8537445,8.022697,-30.6206589,-0.276351929,105.116425,2
71.23072,146.953949,-72.37451,31.6254883,-73.76465,8.02211,-31.0924873,-0.276351929,105.09816,2
71.28135,146.676254,-72.3580856,31.6419163,-73.6843948,8.021581,-31.5172634,-0.276351929,105.081734,2
71.33852,146.368011,-72.33967,31.66033,-73.59503,8.020991,-31.9900761,-0.276210785,105.063461,2
71.3892059,146.089127,-72.3231049,31.676897,-73.51394,8.020456,-32.41908,-0.276210785,105.04689,2
71.44107,145.826248,-72.30746,31.69254,-73.43727,8.019951,-32.8244934,-0.276210785,105.03125,2
71.4979858,145.518448,-72.28911,31.7108936,-73.34724,8.019358,-33.3005867,-0.276210785,105.012894,2
71.54845,145.2516,-72.27316,31.7268353,-73.2689362,8.018841,-33.71449,-0.276210785,104.996956,2
71.59886,144.975143,-72.2566147,31.7433834,-73.18759,8.018304,-34.1444969,-0.276210785,104.980408,2
71.64904,144.726242,-72.24169,31.7583084,-73.11414,8.01782,-34.5327339,-0.276210785,104.965477,2
71.6994553,144.45578,-72.22534,31.77466,-73.03411,8.017293,-34.95571,-0.276105881,104.949234,2
71.74972,144.189819,-72.2093353,31.7906666,-72.93834,8.017705,-35.34149,-0.276105881,104.933228,2
71.80072,143.910263,-72.1924744,31.8075237,-72.83441,8.018307,-35.7423019,-0.276105881,104.916374,2
71.85843,143.579315,-72.17248,31.82752,-72.71107,8.01902,-36.21799,-0.276105881,104.89637,2
71.91339,143.261841,-72.15325,31.8467484,-72.5924149,8.019706,-36.6755638,-0.276105881,104.877144,2
71.96494,142.96608,-72.1353,31.8646984,-72.48159,8.020347,-37.1029778,-0.276105881,104.859192,2
72.01608,142.688126,-72.1184,31.8816013,-72.37718,8.02095,-37.5056343,-0.276105881,104.842293,2
72.07286,142.373276,-72.09921,31.90079,-72.25861,8.021637,-37.9629364,-0.276105881,104.823105,2
72.13379,142.058289,-72.0799255,31.9200783,-72.13965,8.022325,-38.4217148,-0.2760563,104.803864,2
72.19177,141.732971,-72.06001,31.939991,-72.01645,8.023037,-38.8968849,-0.2760563,104.783951,2
72.24193,141.456345,-72.04304,31.95696,-71.9113846,8.02364349,-39.30204,-0.2760563,104.766983,2
72.29243,141.177048,-72.02587,31.9741268,-71.8050461,8.02426,-39.71213,-0.2760563,104.749817,2
72.3492355,140.85173,-72.00584,31.9941654,-71.68083,8.024977,-40.1911621,-0.2760563,104.729782,2
72.39997,140.5877,-71.98954,32.0104637,-71.57974,8.025561,-40.58101,-0.2760563,104.713478,2
72.45579,140.269043,-71.9698257,32.03017,-71.4574,8.026269,-41.0528069,-0.2760563,104.693771,2
72.50859,140.002792,-71.95329,32.0467072,-71.35489,8.026862,-41.448143,-0.276021957,104.677269,2
72.5651,139.674149,-71.93288,32.0671234,-71.228,8.02759552,-41.93753,-0.276021957,104.656853,2
72.61619,139.399155,-71.91576,32.08424,-71.1215,8.028212,-42.3482361,-0.276021957,104.63974,2
72.66732,139.141815,-71.89971,32.10029,-71.02156,8.02878952,-42.7335777,-0.276021957,104.623688,2
72.72511,138.829178,-71.88017,32.1198273,-70.89981,8.029493,-43.2030525,-0.276021957,104.604149,2
72.78132,138.51239,-71.86033,32.13967,-70.77604,8.030209,-43.6802979,-0.276021957,104.584305,2
72.83369,138.2509,-71.84392,32.1560822,-70.67357,8.030801,-44.075428,-0.276021957,104.567894,2
72.88442,137.98494,-71.82718,32.1728249,-70.56905,8.0314045,-44.4783974,-0.2760067,104.55117,2
72.94199,137.665009,-71.8070145,32.1929855,-70.442955,8.032134,-44.9646645,-0.2760067,104.531006,2
73.00304,137.357224,-71.7875748,32.21243,-70.32123,8.032838,-45.4340363,-0.2760067,104.511566,2
73.05874,137.03746,-71.76733,32.2326736,-70.19434,8.033571,-45.92335,-0.2760067,104.491318,2
73.1096,136.7747,-71.7506561,32.2493439,-70.09264,8.033978,-46.33303,-0.2760067,104.474648,2
73.1687851,136.487549,-71.7324,32.2675972,-69.98278,8.034313,-46.7857742,-0.2760067,104.4564,2
73.2278442,136.18515,-71.7131348,32.28686,-69.86667,8.034667,-47.26421,-0.2760067,104.437134,2
73.27797,135.929718,-71.69682,32.3031769,-69.7682648,8.034967,-47.6697273,-0.276000977,104.420822,2
73.3359451,135.6312,-71.67773,32.3222733,-69.65286,8.035318,-48.1452827,-0.276000977,104.401726,2
73.39374,135.343124,-71.65926,32.34074,-69.54109,8.035659,-48.605896,-0.276000977,104.383263,2
73.44436,135.08847,-71.6429,32.3570976,-69.44194,8.035961,-49.0144577,-0.276000977,104.3669,2
73.50121,134.7882,-71.62357,32.3764267,-69.3246155,8.036319,-49.4979439,-0.276000977,104.347572,2
73.56054,134.506714,-71.6054153,32.3945847,-69.21422,8.036655,-49.9528847,-0.276000977,104.329414,2
73.61752,134.205566,-71.5859451,32.4140549,-69.09565,8.037016,-50.4414825,-0.275999069,104.309944,2
73.67047,133.964249,-71.57031,32.4296875,-69.00029,8.037307,-50.83444,-0.275999069,104.294312,2
73.8971939,133.706711,-71.5536,32.4464,-68.8981857,8.037618,-51.2552223,-0.275999069,104.2776,2
74.0800552,132.79187,-95.7739639,8.226037,-68.532486,8.038733,-52.7622223,-0.275999069,128.497971,4
74.13783,131.6704,-95.7002945,8.299705,-68.0775452,8.040119,-54.6369667,-0.275999069,128.4243,4
74.19524,131.4018,-119.962555,-15.9625578,-67.9674454,8.040455,-55.09072,-0.275999069,152.686554,6
74.2535,131.118073,-119.943779,-15.9437828,-67.85065,8.040811,-55.57205,-0.275999069,152.667786,6
74.30927,130.8469,-119.925804,-15.9258,-67.7385254,8.041153,-56.03409,-0.275999069,152.6498,6
74.36021,130.610916,-119.910118,-15.9101219,-67.64056,8.041451,-56.43778,-0.275999069,152.634125,6
74.41135,130.375458,-119.894447,-15.8944492,-67.5424347,8.041751,-56.8421326,-0.275999069,152.618454,6
74.46623,130.105576,-116.576447,-12.5764494,-67.4295044,8.042095,-57.3075447,3.024002,152.600449,6
74.52455,129.85466,-116.559685,-12.5596819,-67.32405,8.042417,-57.7421074,3.024002,152.583679,6
74.5813,129.5838,-116.541542,-12.5415449,-67.20971,8.042766,-58.2132721,3.024002,152.565552,6
74.6388245,129.315186,-116.523521,-12.5235243,-67.09579,8.043113,-58.682724,3.02399826,152.547516,6
74.6966,129.044174,-116.5053,-12.5053024,-66.9803162,8.043465,-59.15855,3.02399826,152.5293,6
74.7482452,128.816559,-116.489967,-12.4899683,-66.8829041,8.043761,-59.55995,3.02399826,152.513962,6
74.80625,128.550232,-116.471992,-12.4719925,-66.768425,8.04411,-60.0317268,3.02399826,152.495987,6
74.86231,128.28035,-92.17374,11.8262615,-66.65184,8.044465,-60.51213,3.02399826,128.197739,4
74.91341,128.049057,-92.1580658,11.8419361,-66.55147,8.044771,-60.9257545,3.02399826,128.182068,4
74.96523,127.825218,-92.14289,11.8571129,-66.45392,8.045068,-61.32778,3.02397728,128.16687,4
75.01566,127.601891,-67.8477,36.1523,-66.35617,8.045366,-61.7305679,3.02397728,103.871674,2
75.0734,127.3421,-67.83,36.170002,-66.24193,8.045714,-62.2012825,3.02397728,103.853973,2
75.131424,127.078964,-67.8120346,36.18797,-66.12563,8.046069,-62.68056,3.02397728,103.836006,2
75.18176,126.85424,-67.79666,36.2033424,-66.0258255,8.046373,-63.091835,3.02397728,103.820633,2
75.2329254,126.638245,-67.78185,36.2181435,-65.92947,8.046667,-63.4889145,3.02397728,103.805832,2
75.29176,126.382584,-67.76434,36.2356567,-65.81347,8.04688,-63.95709,3.02393818,103.788277,2
75.34764,126.11058,-67.74563,36.25437,-65.6868744,8.046859,-64.45034,3.02393818,103.769569,2
75.40766,125.864723,-67.7286758,36.2713242,-65.571846,8.04684,-64.89848,3.02393818,103.752617,2
75.46002,125.636551,-67.71291,36.2870827,-65.4645844,8.046822,-65.31643,3.02393818,103.736855,2
75.51746,125.376381,-67.69491,36.305088,-65.34166,8.046802,-65.7953644,3.02393818,103.718849,2
75.57435,125.128937,-67.67783,36.32217,-65.22411,8.046782,-66.2533,3.023859,103.701691,2
75.62655,124.914,-67.6628952,36.3371,-65.12151,8.046764,-66.65304,3.023859,103.68676,2
75.68193,124.65274,-67.6447144,36.3552856,-64.9961548,8.046743,-67.1414642,3.023859,103.668571,2
75.73216,124.436012,-67.6296,36.3704033,-64.89162,8.046725,-67.5487747,3.023859,103.653458,2
75.7836456,124.22831,-91.89509,12.1049137,-64.7909546,8.046708,-67.94099,3.023859,127.918945,4
75.83528,124.02121,-91.88059,12.1194057,-64.69011,8.046691,-68.3338852,3.023859,127.904457,4
75.890976,123.767113,-91.86297,12.1370344,-64.56572,8.04667,-68.81853,3.023674,127.886642,4
75.95076,123.531174,-91.84639,12.1536083,-64.4495544,8.046651,-69.27112,3.023674,127.870064,4
76.0084152,123.318352,-91.83141,12.1685858,-64.34421,8.046633,-69.68153,3.023674,127.855087,4
76.06332,123.054878,-91.8128357,12.1871634,-64.2130356,8.04661,-70.19259,3.023674,127.83651,4
76.11979,122.806328,-91.79527,12.2047253,-64.0885,8.046589,-70.67773,3.023674,127.818947,4
76.1714249,122.597168,-91.78073,12.2192717,-63.9831,8.046572,-71.08835,3.02341461,127.804146,4
76.230545,122.371254,-91.76471,12.2352924,-63.86863,8.046553,-71.53434,3.02341461,127.788124,4
76.28088,122.166344,-91.75015,12.2498493,-63.7642136,8.046535,-71.94113,3.02341461,127.773567,4
76.33863,121.93116,-91.73341,12.2665863,-63.64368,8.04651451,-72.4107361,3.02341461,127.756828,4
76.39984,121.6976,-91.71676,12.28324,-63.52322,8.04649448,-72.88006,3.02341461,127.740173,4
76.4550858,121.463753,-91.700386,12.299613,-63.4018364,8.046474,-73.35297,3.02308083,127.723465,4
76.51536,121.232094,-91.68381,12.3161945,-63.2808037,8.046453,-73.82451,3.02308083,127.706886,4
76.57295,120.993629,-91.6667,12.3332968,-63.1553879,8.0464325,-74.31316,3.02308083,127.689781,4
76.63115,120.764305,-91.65022,12.3497753,-63.0339546,8.04641151,-74.78626,3.02308083,127.673309,4
76.68982,120.539246,-91.6340256,12.3659773,-62.9139748,8.046391,-75.2537155,3.02308083,127.657104,4
76.74766,120.310211,-91.61807,12.3819265,-62.79104,8.04637,-75.732666,3.02251053,127.640587,4
76.79898,120.121635,-91.60445,12.3955517,-62.68917,8.046352,-76.12954,3.02251053,127.626961,4
76.85668,119.907463,-91.58895,12.4110527,-62.5727425,8.046331,-76.58312,3.02251053,127.611458,4
76.9127655,119.675186,-91.5721054,12.4278946,-62.44557,8.046309,-77.07857,3.02251053,127.59462,4
76.97281,119.47126,-91.55729,12.442708,-62.33313,8.04629,-77.51661,3.02251053,127.5798,4
77.02807,119.244865,-91.541626,12.45837,-62.2074127,8.046269,-78.006424,3.021698,127.563324,4
77.0782852,119.056923,-91.52793,12.4720707,-62.1023178,8.046252,-78.41589,3.021698,127.549629,4
77.1305,118.867622,-91.51411,12.4858923,-61.9957657,8.046233,-78.831,3.021698,127.535805,4
77.189476,118.661636,-91.49905,12.5009575,-61.8790245,8.046214,-79.28582,3.021698,127.520744,4
77.24743,118.451111,-91.48362,12.5163813,-61.7588158,8.046194,-79.75416,3.021698,127.505318,4
77.29805,118.264656,-91.47093,12.5290689,-61.6515846,8.046176,-80.17192,3.02070236,127.491631,4
77.34849,118.089149,-91.45803,12.5419683,-61.54997,8.046159,-80.56783,3.02070236,127.478737,4
77.58347,117.917282,-91.44538,12.5546188,-61.4498024,8.046142,-80.95807,3.02070236,127.46608,4
77.6354446,117.082787,-91.38488,12.6151161,-60.9537125,8.046058,-82.8908844,3.01951122,127.404396,4
77.693634,116.884712,-91.37018,12.6298227,-60.8334465,8.046038,-83.35945,3.01951122,127.389687,4
77.87047,116.829727,-91.36609,12.63391,-60.79988,8.046032,-83.49024,3.01951122,127.385605,4
77.9277,116.36187,-91.33279,12.66721,-60.51381,8.046077,-84.63285,3.01795769,127.350746,4
78.11191,116.278015,-91.32653,12.6734715,-60.4628639,8.046117,-84.84623,3.01795769,127.34449,4
78.16586,115.635353,-91.28039,12.7196131,-60.06497,8.046432,-86.5126648,3.01595974,127.296349,4
78.22118,115.44297,-91.26592,12.7340755,-59.94315,8.046528,-87.02285,3.01595974,127.281883,4
78.27356,115.30497,-91.25553,12.7444649,-59.8549538,8.04659748,-87.39222,3.01595974,127.271492,4
78.32998,115.122826,-90.38354,13.6164646,-59.7374649,8.046689,-87.88429,3.87422752,127.257767,4
78.3875656,114.95591,-90.37093,13.6290674,-59.62868,8.046775,-88.33989,3.87422752,127.245163,4
78.44641,114.7821,-90.36032,13.639678,-59.51423,8.046865,-88.8192139,3.87169456,127.232018,4
78.50471,114.609184,-90.34723,13.6527719,-59.39914,8.046957,-89.30122,3.87169456,127.218925,4
78.5630951,114.443321,-90.33465,13.6653519,-59.2875443,8.047046,-89.76859,3.87169456,127.206345,4
78.61327,114.299339,-90.3237152,13.6762867,-59.1896858,8.047123,-90.17843,3.87169456,127.195412,4
78.675766,114.134247,-90.31463,13.6853695,-59.076313,8.047212,-90.653244,3.86822319,127.182854,4
78.7265244,113.977005,-90.30266,13.6973448,-58.96713,8.047298,-91.11053,3.86822319,127.170876,4
78.7872238,113.822594,-90.29088,13.70912,-58.8587265,8.047384,-91.5645,3.86822319,127.1591,4
78.84002,113.666039,-90.27892,13.7210751,-58.74757,8.047473,-92.03004,3.86822319,127.147148,4
78.8936539,113.533836,-90.2688141,13.7311831,-58.6526947,8.047548,-92.4274,3.86822319,127.137039,4
78.94906,113.373314,-65.98013,38.0198631,-58.5362053,8.047641,-92.9152756,3.86461639,102.844749,2
79.00068,113.245209,-65.970314,38.029686,-58.4421844,8.047715,-93.30904,3.86461639,102.83493,2
79.05068,113.111954,-65.96009,38.03991,-58.34335,8.047794,-93.72296,3.86461639,102.824707,2
79.10691,112.961525,-65.94853,38.05147,-58.2304649,8.047884,-94.19573,3.86461639,102.813148,2
79.1580353,112.832573,-65.9426346,38.05737,-58.13255,8.047961,-94.6058,3.8605938,102.803223,2
79.21123,112.700233,-65.9324341,38.0675621,-58.0309067,8.048041,-95.03149,3.8605938,102.79303,2
79.26445,112.574753,-65.92276,38.07724,-57.9334221,8.048119,-95.43977,3.8605938,102.783356,2
79.31506,112.444595,-41.6327133,62.3672867,-57.8311119,8.0482,-95.86826,3.8605938,78.49331,0
79.37382,112.30529,-41.62195,62.37805,-57.7202072,8.048287,-96.33275,3.8605938,78.4825439,0
79.42645,112.177856,-41.61697,62.38303,-57.6174355,8.048368,-96.76317,3.85570812,78.47268,0
79.48292,112.038071,-41.60614,62.39386,-57.50318,8.048459,-97.24167,3.85570812,78.4618454,0
79.53453,111.925262,-41.59739,62.40261,-57.4097748,8.048533,-97.63287,3.85570812,78.4531,0
79.5930939,111.791588,-41.58701,62.41299,-57.29763,8.048622,-98.10256,3.85570812,78.44272,0
79.6486053,111.656845,-41.58148,62.41852,-57.18291,8.048714,-98.5830154,3.85076332,78.43224,0
79.70053,111.543091,-41.572628,62.427372,-57.0846939,8.048791,-98.99437,3.85076332,78.42339,0
79.75718,111.418251,-41.5629,62.4371,-56.9753952,8.048878,-99.45212,3.85076332,78.4136658,0
79.81043,111.310089,-41.5544624,62.4455376,-56.879364,8.048954,-99.85431,3.85076332,78.40523,0
79.86648,111.1802,-41.544323,62.455677,-56.7623138,8.04904652,-100.344521,3.85076332,78.39509,0
79.9184,111.078285,-41.54228,62.45772,-56.6691055,8.049121,-100.734871,3.844841,78.38712,0
79.97405,110.956,-41.53271,62.46729,-56.555584,8.049211,-101.2103,3.844841,78.3775558,0
80.02846,110.845222,-41.5240364,62.4759636,-56.45108,8.04929352,-101.647964,3.844841,78.36887,0
80.08239,110.743195,-41.516037,62.483963,-56.35337,8.049372,-102.057175,3.844841,78.36088,0
80.13687,110.626511,-41.51337,62.48663,-56.2398148,8.049461,-102.532776,3.83834839,78.35172,0
80.19147,110.5282,-41.50565,62.49435,-56.14256,8.049539,-102.940109,3.83834839,78.344,0
80.2447739,110.415543,-41.49679,62.50321,-56.0292435,8.049628,-103.414711,3.83834839,78.335144,0
80.2964249,110.326981,-41.4898224,62.5101776,-55.93868,8.049701,-103.794029,3.83834839,78.32817,0
80.35415,110.21933,-41.487812,62.512188,-55.8267555,8.049788,-104.262779,3.83188057,78.3196945,0
80.40777,110.114357,-41.4795341,62.5204659,-55.7155457,8.049877,-104.728546,3.83188057,78.31142,0
80.4669342,110.013344,-41.4715652,62.5284348,-55.6064949,8.049963,-105.185272,3.83188057,78.3034439,0
80.51761,109.920013,-41.46419,62.53581,-55.50586,8.059498,-105.599205,3.83188057,78.2960739,0
80.5724,109.820473,-41.45632,62.54368,-55.39714,8.072227,-106.044456,3.83188057,78.2882,0
80.62388,109.729156,-41.4567337,62.5432663,-55.2956,8.084089,-106.4603,3.82424259,78.2809753,0
80.68137,109.634033,-41.4492,62.5508,-55.1878738,8.096659,-106.90152,3.82424259,78.2734451,0
80.7369843,109.530785,-41.4410172,62.5589828,-55.0685654,8.110564,-107.390152,3.82424259,78.26526,0
80.7896042,109.449692,-41.4345856,62.5654144,-54.97302,8.121693,-107.781479,3.82424259,78.25883,0
80.8487549,109.352272,-41.43512,62.56488,-54.8559265,8.135322,-108.261063,3.81597424,78.25109,0
80.90362,109.25882,-41.4276924,62.5723076,-54.7411079,8.148682,-108.731339,3.81597424,78.24367,0
80.9550552,109.178986,-41.4213448,62.5786552,-54.6409454,8.160333,-109.141571,3.81597424,78.23732,0
81.00648,109.107056,-41.41562,62.58438,-54.548954,8.171032,-109.518349,3.81597424,78.23159,0
81.0639343,109.0179,-41.4166679,62.5833321,-54.4324875,8.184575,-109.995354,3.807825,78.2244949,0
81.11491,108.940491,-41.4105,62.5895,-54.3290138,8.196607,-110.419144,3.807825,78.21832,0
81.17397,108.859818,-41.4040642,62.5959358,-54.2186928,8.209434,-110.870964,3.807825,78.21189,0
81.2319641,108.774918,-41.3972855,62.6027145,-54.09962,8.223277,-111.358643,3.807825,78.20511,0
81.28295,108.7038,-41.40114,62.59886,-53.99735,8.235167,-111.777512,3.798294,78.19943,0
81.3363342,108.630882,-41.39531,62.60469,-53.88992,8.247656,-112.217514,3.798294,78.1936,0
81.3872452,108.570084,-41.3904457,62.6095543,-53.7981949,8.25832,-112.593185,3.798294,78.18874,0
81.4428558,108.493652,-41.3843269,62.6156731,-53.6798859,8.272074,-113.077721,3.798294,78.1826248,0
81.49609,108.432648,-41.3794441,62.6205559,-53.58287,8.283352,-113.475075,3.798294,78.1777344,0
81.55228,108.363754,-41.3841476,62.6158524,-53.47029,8.296439,-113.936157,3.78807068,78.17222,0
81.60242,108.303093,-41.3792839,62.6207161,-53.36829,8.308297,-114.353928,3.78807068,78.16735,0
81.6541,108.242348,-41.37441,62.62559,-53.2632,8.320514,-114.784355,3.78807068,78.16248,0
81.70947,108.179947,-41.3694,62.6306,-53.1518822,8.333456,-115.240295,3.78807068,78.15747,0
81.76259,108.128838,-41.376236,62.623764,-53.05793,8.344376,-115.625084,3.777131,78.1533661,0
81.8202438,108.054115,-41.37023,62.62977,-52.9278679,8.36315,-116.109467,3.777131,78.14736,0
81.8707352,107.966187,-41.36316,62.63684,-52.7943878,8.390023,-116.505646,3.777131,78.14029,0
81.92113,107.885849,-41.3566933,62.6433067,-52.6702766,8.414972,-116.8741,3.777131,78.13383,0
81.97812,107.78373,-41.3601456,62.6398544,-52.5094032,8.447269,-117.351746,3.76545525,78.1256,0
82.02954,107.701225,-41.3534927,62.6465073,-52.3767471,8.473872,-117.745567,3.76545525,78.11895,0
82.08538,107.608032,-41.345974,62.654026,-52.22379,8.504524,-118.199669,3.76545525,78.11143,0
82.13875,107.532478,-41.3398743,62.6601257,-52.0972366,8.52987,-118.575348,3.76545525,78.10533,0
82.1943741,107.438995,-41.3447571,62.6552429,-51.9372635,8.561893,-119.050156,3.75301743,78.09778,0
82.24537,107.361923,-41.3385239,62.6614761,-51.80238,8.588882,-119.450432,3.75301743,78.0915451,0
82.3045654,107.280373,-41.3319244,62.6680756,-51.65648,8.61807,-119.883377,3.75301743,78.08494,0
82.3608856,107.193405,-41.3248825,62.6751175,-51.4970474,8.649954,-120.356384,3.75301743,78.0778961,0
82.41305,107.124428,-41.33365,62.66635,-51.367527,8.675852,-120.740623,3.738657,78.0723,0
82.4633255,107.056747,-41.32816,62.67184,-51.23764,8.701818,-121.125908,3.738657,78.06682,0
82.52079,106.97567,-65.60158,38.3984222,-51.07809,8.733712,-121.599136,3.738657,102.340233,2
82.5795059,106.901924,-65.59559,38.40441,-50.9289246,8.763527,-122.041534,3.738657,102.334244,2
82.6299057,106.836258,-65.6043549,38.3956451,-50.7925835,8.790775,-122.445869,3.724553,102.328911,2
82.68854,106.764984,-65.59856,38.40144,-50.6404877,8.821172,-122.896912,3.724553,102.323112,2
82.73994,106.703156,-65.59353,38.40647,-50.50482,8.848281,-123.299187,3.724553,102.318077,2
82.79676,106.633896,-65.58789,38.4121132,-50.3483047,8.879557,-123.7633,3.724553,102.312439,2
82.85475,106.568832,-65.6001053,38.3999,-50.1965141,8.909887,-124.213371,3.707037,102.307137,2
82.91195,106.45311,-65.59067,38.4093361,-49.9848175,8.920257,-124.671188,3.707037,102.2977,2
82.9710159,106.333588,-65.58091,38.4190941,-49.7702141,8.925868,-125.108925,3.707037,102.287941,2
83.0213,106.227806,-65.5722656,38.42774,-49.57731,8.930825,-125.501694,3.707037,102.2793,2
83.0801239,106.1162,-65.58045,38.419548,-49.370533,8.936074,-125.92215,3.68971634,102.270172,2
83.13063,106.01696,-65.57233,38.4276733,-49.1836739,8.940774,-126.30172,3.68971634,102.262039,2
83.1886139,105.901337,-65.56285,38.4371529,-48.96224,8.946306,-126.751152,3.68971634,102.252563,2
83.24088,105.803673,-65.55483,38.4451675,-48.77184,8.951038,-127.137352,3.68971634,102.244553,2
83.29946,105.696838,-65.54606,38.45394,-48.5598526,8.956289,-127.567116,3.68971634,102.235779,2
83.35576,105.584381,-65.55518,38.4448128,-48.3322067,8.961912,-128.028458,3.67134285,102.226532,2
83.4071,105.497444,-65.5480347,38.45197,-48.15287,8.966333,-128.391785,3.67134285,102.219376,2
83.46647,105.394577,-65.53956,38.46044,-47.93664,8.971657,-128.829742,3.67134285,102.2109,2
83.5217361,105.292892,-65.55218,38.4478226,-47.71834,8.977027,-129.27179,3.65033817,102.202515,2
83.58248,105.1982,-65.5443649,38.45564,-47.5106468,8.982132,-129.692322,3.65033817,102.1947,2
83.63941,105.097412,-65.53604,38.4639626,-47.28465,8.987683,-130.149826,3.65033817,102.186378,2
83.69058,105.019936,-65.52963,38.4703674,-47.1071854,8.992041,-130.509048,3.65033817,102.17997,2
83.74093,104.938057,-65.545166,38.454834,-46.9158745,8.99673748,-130.896286,3.62803078,102.173195,2
83.79848,104.8509,-65.53795,38.46205,-46.7077,9.001847,-131.317612,3.62803078,102.165977,2
83.8548,104.762314,-65.53061,38.4693947,-46.49094,9.007166,-131.756317,3.62803078,102.158638,2
83.90773,104.687813,-65.52443,38.4755745,-46.30432,9.0117445,-132.133987,3.62803078,102.152458,2
83.96609,104.604,-65.54287,38.45713,-46.0892944,9.01702,-132.569122,3.60263157,102.1455,2
84.02456,104.522484,-65.5360947,38.4639,-45.8745651,9.022287,-133.003662,3.60263157,102.138733,2
84.08106,104.440376,-65.529274,38.47073,-45.6522,9.027742,-133.453659,3.60263157,102.131905,2
84.1409,104.365829,-65.52307,38.47693,-45.44463,9.032835,-133.873642,3.60263157,102.1257,2
84.19654,104.288773,-65.54181,38.4581947,-45.2237625,9.038252,-134.320557,3.57747936,102.119286,2
84.24834,104.108994,-65.52682,38.47318,-44.9441071,9.036846,-134.597015,3.57747936,102.1043,2
84.2989,103.897881,-65.50919,38.49081,-44.61351,9.035177,-134.923477,3.57747936,102.08667,2
84.35729,103.688034,-65.49163,38.50837,-44.2824364,9.033498,-135.250137,3.57747936,102.069107,2
84.41539,103.471405,-65.473465,38.52654,-43.93798,9.031747,-135.589752,3.57747936,102.050941,2
84.46541,103.28392,-65.48626,38.51374,-43.6375771,9.030216,-135.885834,3.54893017,102.035187,2
84.5154648,103.0938,-65.47025,38.5297432,-43.3307,9.028649,-136.1882,3.54893017,102.019188,2
84.56577,102.919609,-65.45557,38.5444336,-43.0475,9.027203,-136.467163,3.54893017,102.0045,2
84.62304,102.703606,-65.43732,38.56268,-42.6935,9.02539349,-136.815811,3.54893017,101.986252,2
84.68194,102.500565,-65.45039,38.5496063,-42.3578262,9.023676,-137.146332,3.51866627,101.969063,2
84.7320862,102.3178,-65.43489,38.5651054,-42.05318,9.022117,-137.446259,3.51866627,101.95356,2
84.79054,102.113731,-65.41755,38.5824471,-41.7100945,9.020361,-137.784027,3.51866627,101.936218,2
84.84085,101.942589,-65.4029846,38.59702,-41.4199142,9.018875,-138.069717,3.51866627,101.921646,2
84.89904,101.733337,-65.4193649,38.5806351,-41.06202,9.017043,-138.422012,3.48443413,101.9038,2
84.9571,101.534225,-65.40235,38.59765,-40.71818,9.015282,-138.760437,3.48443413,101.886787,2
85.00711,101.364532,-65.387825,38.61218,-40.4225121,9.013766,-139.051468,3.48443413,101.872253,2
85.05737,101.19442,-65.37323,38.6267662,-40.12361,9.012236,-139.345657,3.48443413,101.857666,2
85.11349,101.000633,-65.35658,38.6434174,-39.7799568,9.010475,-139.683884,3.48443413,101.841019,2
85.16636,100.831169,-65.3759842,38.6240158,-39.47657,9.008921,-139.9825,3.450447,101.826431,2
85.2263,100.6402,-65.35952,38.6404839,-39.1314125,9.00715351,-140.3222,3.450447,101.809967,2
85.28506,100.446342,-65.34277,38.65723,-38.77733,9.005339,-140.670685,3.450447,101.793221,2
85.34313,100.25573,-65.36461,38.63539,-38.4253845,9.003536,-141.01709,3.41210938,101.776718,2
85.3958359,100.08847,-65.3501053,38.6498947,-38.1133537,9.001938,-141.324188,3.41210938,101.762215,2
85.44865,99.933754,-65.33667,38.66333,-37.8219872,9.000445,-141.610947,3.41210938,101.748779,2
85.50346,99.74812,-65.32052,38.6794777,-37.4687462,8.998635,-141.958618,3.41210938,101.732628,2
85.56423,99.5740356,-65.30535,38.6946526,-37.1337624,8.99692,-142.2883,3.41210938,101.717461,2
85.61745,99.3960953,-65.3303757,38.66963,-36.787487,8.995146,-142.629089,3.37154961,101.70192,2
85.66946,99.24585,-65.31723,38.682766,-36.4919357,8.993631,-142.919968,3.37154961,101.688782,2
85.71968,99.02343,-65.2977448,38.7022552,-36.1386452,9.012457,-143.16571,3.37154961,101.6693,2
85.7796249,98.7866,-65.27695,38.723053,-35.7597923,9.032557,-143.42955,3.37154961,101.6485,2
85.835434,98.5345154,-65.2976151,38.70239,-35.3535271,9.054039,-143.712738,3.32869148,101.626305,2
85.88665,98.32703,-65.2793045,38.7207,-35.01677,9.071805,-143.9476,3.32869148,101.607994,2
85.94588,98.093956,-65.25869,38.74131,-34.6359062,9.091865,-144.213318,3.32869148,101.587379,2
86.0029755,97.85428,-65.23744,38.762558,-34.241375,9.112619,-144.4886,3.32869148,101.566132,2
86.05319,97.6413651,-65.26374,38.73626,-33.8883629,9.131175,-144.73497,3.283472,101.547211,2
86.10471,97.44296,-65.24607,38.75393,-33.55723,9.148571,-144.966064,3.283472,101.529541,2
86.16061,97.19892,-65.22429,38.7757072,-33.146965,9.170113,-145.252411,3.283472,101.507767,2
86.21593,97.01003,-65.2074,38.7926025,-32.8271141,9.186902,-145.475647,3.283472,101.490868,2
86.27203,96.7670441,-65.23633,38.7636681,-32.412632,9.208653,-145.764923,3.23275471,101.469086,2
86.32898,96.54081,-65.2159958,38.784,-32.0235519,9.229068,-146.036469,3.23275471,101.448753,2
86.37949,96.34001,-65.1979141,38.8020859,-31.6755981,9.247321,-146.2793,3.23275471,101.430672,2
86.4307861,96.14226,-65.18007,38.8199348,-31.3304062,9.265429,-146.520218,3.23275471,101.412819,2
86.48536,95.91986,-65.15995,38.84005,-30.9391727,9.285951,-146.793243,3.23275471,101.392708,2
86.53714,95.75369,-65.19844,38.80156,-30.6249218,9.306951,-147.038849,3.179206,101.377647,2
86.58826,95.73473,-65.19672,38.80328,-30.42605,9.354641,-147.394989,3.179206,101.375923,2
86.63887,95.7174,-65.1951447,38.80485,-30.2307129,9.401152,-147.743744,3.179206,101.374352,2
86.69432,95.69827,-65.19341,38.8065872,-29.9930286,9.45745,-148.167313,3.179206,101.37262,2
86.74559,95.684166,-65.25201,38.7479935,-29.7953262,9.504116,-148.519363,3.11932945,101.371338,2
86.8047943,95.67021,-65.25074,38.74926,-29.5703964,9.557102,-148.919846,3.11932945,101.370071,2
86.86328,95.658,-65.24963,38.75037,-29.3331261,9.612921,-149.342453,3.11932945,101.368958,2
86.91924,95.6482849,-65.31198,38.688015,-29.0926361,9.66946,-149.771042,3.05609417,101.36808,2
86.9712753,95.64208,-65.3114243,38.68858,-28.8854351,9.718162,-150.140533,3.05609417,101.367516,2
87.02733,95.63767,-65.31102,38.68898,-28.66303,9.770436,-150.537415,3.05609417,101.367119,2
87.0792847,95.63571,-65.3108444,38.6891556,-28.4666252,9.816605,-150.888123,3.05609417,101.366936,2
87.1299438,95.63559,-65.3813248,38.61868,-28.2647038,9.864079,-151.2489,2.98560333,101.366928,2
87.18907,95.63786,-65.38153,38.61847,-28.0274734,9.919869,-151.672989,2.98560333,101.367134,2
87.2472839,95.64275,-65.38197,38.6180267,-27.7907047,9.975569,-152.0965,2.98560333,101.367577,2
87.30552,95.6502762,-65.46112,38.5388832,-27.5533447,10.0314226,-152.521286,2.90714169,101.368263,2
87.35565,95.65833,-65.46185,38.53815,-27.3599224,10.0769463,-152.8676,2.90714169,101.368988,2
87.4062042,95.6725845,-65.46314,38.5368576,-27.1599236,10.1194191,-153.232086,2.90714169,101.370285,2
87.46157,95.7288742,-65.4682541,38.5317459,-26.93544,10.12492,-153.6993,2.90714169,101.3754,2
87.51397,95.77829,-65.55993,38.4400673,-26.7492466,10.1291075,-154.08786,2.81994438,101.379875,2
87.57171,95.83913,-65.5654449,38.43455,-26.5313015,10.1336966,-154.54364,2.81994438,101.385391,2
87.623764,95.8898,-65.57004,38.4299622,-26.3576431,10.1371775,-154.907349,2.81994438,101.389984,2
87.68284,95.95498,-65.57594,38.424057,-26.1431847,10.1413183,-155.35701,2.81994438,101.395889,2
87.73818,96.02338,-65.67437,38.32563,-25.9274445,10.145359,-155.8098,2.727705,101.402077,2
87.78856,96.08345,-41.3998032,62.6001968,-25.7448025,10.1487055,-156.19339,2.727705,77.12751,0
87.84622,96.15583,-41.4063454,62.5936546,-25.53222,10.1525431,-156.6401,2.727705,77.13405,0
87.9074249,96.22742,-41.514946,62.485054,-25.3291512,10.156168,-157.067032,2.62556744,77.14051,0
87.96145,96.30638,-41.52207,62.47793,-25.112442,10.1600037,-157.522751,2.62556744,77.14764,0
88.01352,96.37215,-41.528,62.472,-24.937294,10.1630859,-157.891174,2.62556744,77.1535645,0
88.06447,96.4430847,-41.53439,62.46561,-24.75327,10.1663113,-158.2783,2.62556744,77.15996,0
88.11467,96.51646,-41.65894,62.34106,-24.5678959,10.1695518,-158.66835,2.50762558,77.1665649,0
88.1698,96.59967,-41.6664238,62.3335762,-24.363224,10.1731234,-159.099045,2.50762558,77.17405,0
88.22079,96.67634,-41.6733131,62.3266869,-24.1795444,10.1763229,-159.485641,2.50762558,77.18094,0
88.28355,96.76153,-41.6809654,62.3190346,-23.98039,10.1797867,-159.9048,2.50762558,77.18859,0
88.33766,96.85829,-41.81446,62.18554,-23.7601032,10.1836166,-160.368484,2.3828125,77.19727,0
88.3900757,96.93813,-41.8216171,62.1783829,-23.582737,10.1867,-160.741867,2.3828125,77.20443,0
88.44709,97.0309753,-41.8299332,62.1700668,-23.3810787,10.1902027,-161.1664,2.3828125,77.2127457,0
88.50367,97.13249,-41.9820061,62.0179939,-23.1658382,10.1939411,-161.619537,2.23982239,77.2218246,0
88.55416,97.21962,-41.98979,62.01021,-22.9851551,10.1970787,-161.999924,2.23982239,77.2296143,0
88.6146545,97.31857,-41.9986267,62.0013733,-22.7842445,10.2005653,-162.422913,2.23982239,77.23845,0
88.66493,96.91343,-41.9623947,62.0376053,-22.3859615,10.1950932,-162.262192,2.23982239,77.20222,0
88.72104,96.45008,-41.9207649,62.0792351,-21.9306679,10.1888266,-162.077682,2.23982239,77.16059,0
88.78053,96.0082,-41.8808823,62.1191177,-21.496603,10.18284,-161.901123,2.23982239,77.1207047,0
88.8403549,95.5399551,-41.8384132,62.1615868,-21.036705,10.1764889,-161.713486,2.23982239,77.07824,0
88.8985062,95.07209,-41.7957764,62.2042236,-20.5771446,10.1701355,-161.525574,2.23982239,77.0356,0
88.95619,94.60924,-41.9044228,62.0955772,-20.1224365,10.163846,-161.3393,2.08878326,76.99321,0
89.0064545,94.23141,-41.8696671,62.1303329,-19.7511234,10.1587057,-161.187042,2.08878326,76.95845,0
89.062294,93.7676,-41.82681,62.17319,-19.29514,10.1523905,-160.999939,2.08878326,76.915596,0
89.115036,93.35974,-41.7889442,62.2110558,-18.8939762,10.1468325,-160.83522,2.08878326,76.87773,0
89.17056,92.91206,-66.02719,37.972805,-18.4534264,10.140728,-160.654266,2.08878326,101.115974,2
89.2207,92.52938,-65.99135,38.0086555,-18.0766525,10.1355057,-160.499451,2.08878326,101.080132,2
89.27285,92.13671,-65.95441,38.0455933,-17.6898251,10.130146,-160.3405,2.08878326,101.04319,2
89.33159,91.68507,-65.91172,38.0882759,-17.2446461,10.1239758,-160.157532,2.08878326,101.0005,2
89.38888,91.2116852,-65.86676,38.13324,-16.7777328,10.1175051,-159.965622,2.08878326,100.955544,2
89.44815,90.76671,-65.82428,38.1757164,-16.3385372,10.1114168,-159.78508,2.08878326,100.913063,2
89.50038,90.38777,-66.33997,37.6600227,-15.9642782,10.10623,-159.631256,1.5367527,100.876732,2
89.5562057,89.90526,-66.29349,37.7065163,-15.48741,10.09962,-159.435242,1.5367527,100.830238,2
89.61019,89.48241,-66.4017258,37.5982742,-15.069211,10.0938206,-159.263321,1.38756371,100.789291,2
89.67084,89.05113,-66.35976,37.64024,-14.6423912,10.087904,-159.08786,1.38756371,100.747322,2
89.72621,88.57188,-66.31289,37.68711,-14.167738,10.0813236,-158.892731,1.38756371,100.700455,2
89.77765,88.2095,-66.27728,37.72272,-13.8085909,10.0763445,-158.745087,1.38756371,100.664841,2
89.83507,87.73901,-66.23083,37.7691727,-13.3419638,10.0698757,-158.553253,1.38756371,100.618393,2
89.88523,87.35827,-66.1930542,37.80695,-12.9640436,10.0646343,-158.397919,1.38756371,100.580612,2
89.9429855,86.90191,-66.14756,37.8524437,-12.5107584,10.0583515,-158.211578,1.38756371,100.535118,2
89.99752,86.47391,-66.1046753,37.89533,-12.0853014,10.052454,-158.0367,1.38756371,100.492233,2
90.0480652,86.1131,-66.06836,37.9316444,-11.7263937,10.0474777,-157.889145,1.38756371,100.455917,2
90.10188,85.67215,-66.0237656,37.9762344,-11.2874241,10.0413914,-157.70871,1.38756371,100.411331,2
90.15836,85.2415848,-65.98,38.0199966,-10.8584652,10.0354443,-157.532364,1.38756371,100.367569,2
90.21649,84.78967,-66.10382,37.89618,-10.4078569,10.0291977,-157.347122,1.21757507,100.321396,2
90.26743,84.41739,-66.0656,37.9344025,-10.03635,10.0240479,-157.1944,1.21757507,100.283173,2
90.32501,83.95607,-66.0180054,37.982,-9.575617,10.01766,-157.005,1.21757507,100.23558,2
90.3831558,83.50894,-67.7251358,36.27486,-9.128642,10.0114632,-156.821274,-0.535944,100.189194,2
90.43353,83.12218,-67.6848145,36.31518,-8.741683,10.0061,-156.662216,-0.535944,100.148872,2
90.49246,82.6835861,-67.63886,36.3611336,-8.302505,10.0000114,-156.481689,-0.535944,100.102921,2
90.5424957,82.2925,-67.59769,36.4023132,-7.910557,9.994577,-156.320572,-0.535944,100.061745,2
90.6016541,81.84874,-67.55072,36.44928,-7.46543026,9.988407,-156.137573,-0.535944,100.014778,2
90.66077,81.40085,-67.50306,36.49694,-7.01572132,9.982173,-155.9527,-0.535944,99.96712,2
90.7176,80.93327,-67.5775452,36.4224548,-6.54574966,9.97565651,-155.759537,-0.660467148,99.9170761,2
90.77787,80.5011,-67.53104,36.4689636,-6.110934,9.969627,-155.5808,-0.660467148,99.87057,2
90.82878,80.08698,-67.4862442,36.51376,-5.69388151,9.963847,-155.409363,-0.660467148,99.8257751,2
90.88502,79.63684,-67.43729,36.5627174,-5.240096,9.957557,-155.222824,-0.660467148,99.77682,2
90.9377747,79.25725,-67.39578,36.6042175,-4.8570447,9.952248,-155.065369,-0.660467148,99.73531,2
90.9883,78.88709,-67.3551254,36.64488,-4.4831953,9.947064,-154.911682,-0.660467148,99.69466,2
91.04678,78.4348145,-67.3051758,36.69482,-4.025911,9.940726,-154.723724,-0.660467148,99.6447144,2
91.10336,77.98547,-67.25528,36.7447243,-3.57109976,9.934421,-154.536774,-0.660467148,99.59481,2
91.1553345,77.61543,-70.67004,33.3299637,-3.19615912,9.929222,-154.382645,-4.116539,99.5535,2
91.2129745,77.16262,-70.68304,33.316967,-2.7368772,9.922854,-154.193832,-4.180359,99.50268,2
91.2717743,76.7264557,-70.6338,33.3662033,-2.293941,9.916715,-154.011765,-4.180359,99.45344,2
91.32915,76.27554,-70.5826,33.4174,-1.835491,9.910359,-153.8233,-4.180359,99.4022446,2
91.37957,75.8997345,-70.5396957,33.4603,-1.45295167,9.905057,-153.666061,-4.180359,99.35934,2
91.4378052,75.45918,-70.4891357,33.5108643,-1.00399876,9.898833,-153.481522,-4.180359,99.30878,2
91.49385,75.027,-70.43925,33.5607529,-0.5630308,9.892721,-153.300262,-4.180359,99.25889,2
91.54631,74.64499,-70.3949051,33.60509,-0.172794685,9.887311,-153.139847,-4.180359,99.21455,2
91.59693,74.27095,-70.35127,33.6487274,0.209732831,9.882009,-152.9826,-4.180359,99.17091,2
91.65499,73.81622,-70.36779,33.6322136,0.67535305,9.875555,-152.7912,-4.25021553,99.11757,2
91.71365,73.39507,-70.3180847,33.68191,1.10718322,9.869569,-152.6137,-4.25021553,99.06787,2
91.77113,72.94806,-70.26502,33.7349739,1.56615043,9.863208,-152.425034,-4.25021553,99.01481,2
91.83129,72.51883,-70.21377,33.786232,2.00749087,9.85709,-152.243622,-4.25021553,98.9635544,2
91.8882446,72.06825,-71.66044,32.3395576,2.47144961,9.850659,-152.052917,-5.751026,98.90942,2
91.94641,71.64844,-71.6096954,32.3903046,2.90436125,9.844658,-151.874969,-5.751026,98.85867,2
91.99679,71.27406,-71.56419,32.43581,3.29093552,9.839298,-151.716064,-5.751026,98.81316,2
92.04708,70.89052,-71.57258,32.42742,3.687503,9.833799,-151.553055,-5.806282,98.7663,2
92.10457,70.45513,-71.5190659,32.48093,4.138323,9.827549,-151.367737,-5.806282,98.71278,2
92.15503,70.08125,-71.4728546,32.5271454,4.52602625,9.822175,-151.208374,-5.806282,98.66657,2
92.20637,69.71978,-71.42794,32.5720634,4.90135145,9.816972,-151.054062,-5.806282,98.62166,2
92.26133,69.27428,-71.37225,32.6277428,5.364658,9.81055,-150.863617,-5.806282,98.56597,2
92.31199,68.9054,-71.32588,32.674118,5.74888325,9.805224,-150.705688,-5.806282,98.5196,2
92.37216,68.49408,-71.27388,32.72612,6.177968,9.799276,-150.529312,-5.806282,98.4676,2
92.42738,68.0448151,-71.27539,32.72461,6.64744854,9.79276848,-150.336334,-5.864954,98.41044,2
92.47743,67.6795959,-67.921936,36.07806,7.029731,9.787469,-150.179184,-2.55824852,98.36369,2
92.52932,67.3191757,-67.87556,36.12444,7.40725327,9.782264,-150.023575,-2.55824852,98.3173141,2
92.5880661,66.90127,-67.82147,36.1785278,7.84332,9.776461,-149.840637,-2.55824852,98.26322,2
92.64759,66.46411,-67.76453,36.2354736,8.300286,9.77038,-149.648911,-2.55824852,98.2062759,2
92.70496,66.0377,-67.70862,36.291378,8.746866,9.764437,-149.461548,-2.55824852,98.1503754,2
92.76138,65.60083,-67.80325,36.196743,9.205275,9.758337,-149.269241,-2.71053314,98.09272,2
92.82399,65.19176,-67.7489243,36.25108,9.635332,9.752615,-149.0888,-2.71053314,98.03839,2
92.87842,64.7514,-67.6900558,36.309948,10.0991888,9.746442,-148.8942,-2.71053314,97.97952,2
92.92856,64.37818,-67.63984,36.360157,10.4930849,9.7412,-148.728928,-2.71053314,97.929306,2
92.97925,64.00982,-65.71715,38.2828522,10.88258,9.736017,-148.565536,-0.8376789,97.87947,2
93.03544,63.60305,-65.66177,38.3382263,11.31349,9.730282,-148.38475,-0.8376789,97.8241,2
93.08922,63.2467232,-65.8500748,38.14992,11.6917114,9.725248,-148.226089,-1.07478142,97.7753,2
93.1464539,62.8289261,-65.79251,38.20749,12.13608,9.71933651,-148.039688,-1.07478142,97.71773,2
93.20222,62.3962173,-65.73248,38.2675171,12.5973349,9.713199,-147.846191,-1.07478142,97.6577,2
93.2535553,62.031353,-65.68154,38.31846,12.9871159,9.708012,-147.682678,-1.07478142,97.60676,2
93.3131943,61.62915,-65.62504,38.374958,13.4177008,9.702281,-147.502045,-1.07478142,97.55026,2
93.3712,61.2013855,-65.81199,38.18801,13.8767529,9.696173,-147.3095,-1.32222939,97.48976,2
93.4218445,60.8565445,-65.76291,38.23709,14.2476521,9.691237,-147.153915,-1.32222939,97.44068,2
93.4799347,60.4399376,-64.9578857,39.0421143,14.6967583,9.685261,-146.96553,-0.5768719,97.38101,2
93.5383453,60.0282555,-64.89852,39.10148,15.1416607,9.67934,-146.778885,-0.5768719,97.32165,2
93.59607,59.5990219,-64.83619,39.16381,15.60677,9.67315,-146.583771,-0.5768719,97.2593155,2
93.64767,59.2522049,-65.0565,38.9434967,15.9835243,9.668136,-146.425735,-0.8478775,97.2086258,2
93.69783,58.9048424,-65.00543,38.9945679,16.3617249,9.663103,-146.267075,-0.8478775,97.1575546,2
93.7539139,58.477787,-64.94223,39.05777,16.8279057,9.6569,-146.0715,-0.8478775,97.09435,2
93.80507,58.1441231,-64.89253,39.10747,17.19311,9.65204048,-145.9183,-0.8478775,97.0446548,2
93.86279,57.7291451,-64.8303146,39.1696854,17.6485119,9.64598,-145.727249,-0.8478775,96.98244,2
93.91957,57.3182373,-64.9561,39.0438957,18.10083,9.63996,-145.537521,-1.03571129,96.9203949,2
93.97004,56.9626045,-64.90205,39.0979576,18.49341,9.634736,-145.372833,-1.03571129,96.86633,2
94.02096,56.635685,-64.85205,39.14795,18.855238,9.629921,-145.221039,-1.03571129,96.81634,2
94.07183,56.275013,-64.79656,39.20344,19.255497,9.624594,-145.053116,-1.03571129,96.76085,2
94.13124,55.88157,-64.98619,39.0138054,19.6934776,9.618765,-144.8694,-1.28628731,96.6999054,2
94.185524,55.471077,-64.92216,39.0778465,20.1519318,9.612664,-144.677063,-1.28628731,96.6358643,2
94.23626,55.11889,-64.86683,39.1331673,20.5465622,9.607412,-144.51152,-1.28628731,96.58054,2
94.28627,54.77637,-64.81269,39.1873131,20.9315186,9.60229,-144.350037,-1.28628731,96.5264,2
94.3389053,54.4479446,-65.3549957,38.6450081,21.3017368,9.597363,-144.194717,-1.880827,96.47417,2
94.3890152,54.12456,-65.5580444,38.44196,21.6673717,9.592499,-144.041336,-2.13561821,96.4224243,2
94.44933,53.7313156,-65.4947052,38.5053,22.1134968,9.586561,-143.854187,-2.13561821,96.3590851,2
94.5026855,53.3139954,-65.42698,38.57302,22.5887928,9.580236,-143.6548,-2.13561821,96.29136,2
94.554924,52.99001,-65.37403,38.6259651,22.9591541,9.575307,-143.499435,-2.13561821,96.23842,2
94.61408,52.60515,-65.57316,38.4268456,23.4007053,9.569431,-143.314209,-2.398056,96.1751,2
94.6713943,52.2022629,-65.50638,38.49362,23.86485,9.563255,-143.119492,-2.398056,96.10832,2
94.72995,51.817688,-66.6506042,37.3494,24.309824,9.557333,-142.932846,-3.60650635,96.0441,2
94.78929,51.44542,-66.8325348,37.1674652,24.7423515,9.551577,-142.751373,-3.85106468,95.98147,2
94.84864,51.0592728,-66.76709,37.2329063,25.1930065,9.545579,-142.562332,-3.85106468,95.91603,2
94.9034042,50.65276,-66.69766,37.3023376,25.6696835,9.539237,-142.362381,-3.85106468,95.8465958,2
94.95353,50.33328,-66.90368,37.0963249,26.0459824,9.534229,-142.204529,-4.11203575,95.79164,2
95.00517,50.02582,-66.85046,37.1495438,26.4095478,9.529391,-142.052,-4.11203575,95.73842,2
95.05696,49.702713,-69.37739,34.6226158,26.7931881,9.524286,-141.891052,-6.69524765,95.68214,2
95.11408,49.3274155,-69.311554,34.68845,27.2408886,9.518329,-141.703232,-6.69524765,95.6163,2
95.1651,48.9957733,-69.395546,34.604454,27.6384411,9.513038,-141.536438,-6.837839,95.55771,2
95.2196655,48.613205,-69.32746,34.67254,28.0993862,9.506904,-141.343048,-6.837839,95.489624,2
95.27128,48.30155,-69.2716,34.728405,28.47682,9.501881,-141.184708,-6.837839,95.433754,2
95.32172,48.00596,-69.37094,34.62906,28.8364544,9.497094,-141.033829,-6.99050331,95.38044,2
95.3725052,47.68223,-79.8358841,24.1641159,29.2322388,9.491826,-140.8678,-17.5142174,95.32166,2
95.4299,47.32043,-79.76973,24.2302742,29.677021,9.485908,-140.681213,-17.5142174,95.25551,2
95.4808655,46.9854851,-79.71963,24.2803726,30.09117,9.480395,-140.507462,-17.5258179,95.19381,2
95.53133,46.69694,-79.66612,24.3338776,30.4498558,9.475622,-140.356979,-17.5258179,95.1403046,2
95.5892258,46.3460579,-79.60061,24.3993912,30.888525,9.469784,-140.172943,-17.5258179,95.07479,2
95.63954,46.0383034,-79.55576,24.4442329,31.2756062,9.464634,-140.010559,-17.5388451,95.01692,2
95.69454,45.67267,-73.69102,30.3089867,31.7384281,9.458474,-139.816391,-11.743351,94.94766,2
95.74829,45.36118,-73.63158,30.3684273,32.1353645,9.453192,-139.649887,-11.743351,94.88822,2
95.79955,45.0350876,-73.62774,30.37226,32.5536041,9.447627,-139.474442,-11.8021851,94.8255539,2
95.8498154,44.7495461,-73.5724945,30.4275074,32.9221764,9.442723,-139.319809,-11.8021851,94.77031,2
95.90152,44.4443741,-73.5768356,30.4231625,33.31864,9.437447,-139.153488,-11.8659668,94.71087,2
95.95875,44.10815,-69.08941,34.91059,33.7586021,9.431592,-138.968918,-7.444496,94.64491,2
96.0109558,43.8314362,-69.0347443,34.9652557,34.1233063,9.426738,-138.815933,-7.444496,94.59025,2
96.06733,43.4817467,-69.20774,34.7922554,34.58766,9.420559,-138.621124,-7.687069,94.5206757,2
96.11817,43.2001572,-69.15131,34.84869,34.96457,9.415544,-138.463013,-7.687069,94.46424,2
96.176445,42.8731422,-69.3414,34.658596,35.4057465,9.409674,-138.277924,-7.943161,94.39824,2
96.22699,42.58512,-68.39071,35.6092873,35.7975655,9.40446,-138.113556,-7.05101776,94.33969,2
96.28213,42.2617,-68.6503754,35.34962,36.2413254,9.398555,-137.927383,-7.37690353,94.2734756,2
96.3334045,41.9766655,-68.5916,35.4084,36.6359253,9.393304,-137.761856,-7.37690353,94.21469,2
96.38439,41.7123756,-68.5367355,35.4632645,37.0048561,9.388393,-137.607086,-7.37690353,94.1598358,2
96.43527,41.43416,-68.81463,35.1853676,37.396553,9.383181,-137.442764,-7.712927,94.10171,2
96.49477,41.1224976,-68.44657,35.5534325,37.8396,9.377284,-137.256912,-7.41044426,94.0361252,2
96.55208,40.80698,-68.6889,35.3110962,38.292923,9.371252,-137.066727,-7.719681,93.96922,2
96.60944,40.4904633,-68.62127,35.37873,38.7528458,9.365131,-136.873779,-7.719681,93.90159,2
96.65956,40.23862,-68.88041,35.1195946,39.1226959,9.36020851,-136.718628,-8.033009,93.8474,2
96.71046,39.97703,-68.82375,35.1762466,39.51073,9.355044,-136.555862,-8.033009,93.79075,2
96.76128,39.72594,-69.35198,34.6480179,39.8870277,9.350038,-136.398,-8.615961,93.73602,2
96.81981,39.4319649,-69.28747,34.7125359,40.3327332,9.344107,-136.211044,-8.615961,93.6715,2
96.87555,39.1250763,-69.54122,34.45878,40.80422,9.337833,-136.013275,-8.937584,93.60364,2
96.9283,38.8805962,-69.48678,34.51322,41.1846352,9.33277,-135.8537,-8.937584,93.5491943,2
96.98596,38.6094742,-69.71677,34.2832336,41.61178,9.327086,-135.6745,-9.228352,93.48841,2
97.04111,38.3187332,-70.8618546,33.13815,42.07648,9.320902,-135.479584,-10.4390945,93.42276,2
97.09151,38.078167,-70.80715,33.19285,42.46643,9.315713,-135.316,-10.4390945,93.36806,2
97.14434,37.8464,-71.1122742,32.88773,42.8471375,9.310647,-135.1563,-10.797245,93.3150253,2
97.20231,37.5731277,-71.049324,32.9506721,43.30272,9.3045845,-134.965179,-10.797245,93.25208,2
97.25253,37.3415947,-72.27558,31.7244186,43.6947327,9.299369,-134.8007,-12.0771885,93.1983948,2
97.30257,37.123333,-72.64541,31.35459,44.06973,9.294378,-134.643387,-12.4979362,93.14748,2
97.35295,36.90601,-72.59441,31.4055862,44.4486656,9.289336,-134.4844,-12.4979362,93.09647,2
97.41145,36.65371,-72.95965,31.04035,44.8960953,9.283381,-134.296722,-12.9227562,93.0368958,2
97.46969,36.4104919,-72.901825,31.098177,45.3355,9.277535,-134.112366,-12.9227562,92.9790649,2
97.5207443,36.197113,-74.17668,29.8233223,45.7281456,9.27231,-133.947662,-14.2486649,92.92802,2
97.57475,35.95955,-74.4344559,29.5655479,46.17369,9.266381,-133.760757,-14.563633,92.87082,2
97.6272354,35.75646,-74.3852539,29.6147423,46.5621643,9.261211,-133.5978,-14.563633,92.8216248,2
97.67777,35.5643463,-74.6655,29.3345013,46.93657,9.256229,-133.440735,-14.890667,92.77483,2
97.7282639,35.36926,-74.9653854,29.0346184,47.324192,9.251072,-133.278122,-15.238327,92.72706,2
97.78689,35.1424026,-77.03004,26.9699612,47.78517,9.244937,-133.084747,-17.3588753,92.6711655,2
97.84458,34.9271049,-76.97666,27.0233383,48.23372,9.238967,-132.896576,-17.3588753,92.61779,2
97.89523,34.7546844,-77.11016,26.8898354,48.60146,9.234074,-132.74231,-17.5353622,92.5748,2
97.95086,34.54325,-77.26003,26.73997,49.0637245,9.227923,-132.548386,-17.7382317,92.5218,2
98.00346,34.3751,-77.43808,26.5619183,49.4411278,9.222901,-132.390076,-17.9586678,92.4794159,2
98.0600052,34.17598,-76.5130157,27.4869843,49.9004021,9.216789,-132.197433,-17.08406,92.4289551,2
98.11152,34.0193558,-76.84737,27.15263,50.2719727,9.211844,-132.041565,-17.458313,92.38905,2
98.16985,33.8310432,-77.2200241,26.77998,50.7321,9.205722,-131.848541,-17.8791771,92.34084,2
98.22048,33.68557,-77.65374,26.34626,51.09868,9.200845,-131.694778,-18.3503265,92.30341,2
98.27537,33.5060349,-78.02732,25.972683,51.5659447,9.194627,-131.498749,-18.77032,92.2569962,2
98.3356857,33.34803,-77.98626,26.01374,51.9924927,9.18895149,-131.319809,-18.77032,92.21594,2
98.3884659,33.2098427,-78.44614,25.5538635,52.3788528,9.18381,-131.157745,-19.2662659,92.17987,2
98.442894,33.04871,-78.87005,25.1299534,52.847023,9.177581,-130.961334,-19.7324219,92.13763,2
98.49465,32.9260178,-79.256424,24.743576,53.2180939,9.172643,-130.805679,-20.151104,92.1053162,2
98.5526047,32.78337,-79.56721,24.4327888,53.6676369,9.166661,-130.6171,-20.4996033,92.0676041,2
98.6034,32.66812,-77.6352158,26.3647881,54.04719,9.161611,-130.457886,-18.5981941,92.03702,2
98.66071,32.5352135,-77.61556,26.3844357,54.50597,9.155505,-130.265427,-18.6139565,92.00161,2
98.7127762,32.43455,-77.58502,26.414978,54.8708725,9.150649,-130.112335,-18.6103287,91.97469,2
98.76931,32.3160744,-77.54266,26.4573383,55.3232155,9.14462948,-129.922577,-18.5997543,91.94291,2
98.82151,32.2204323,-77.5169144,26.4830837,55.7096748,9.139487,-129.760468,-18.5997543,91.91716,2
98.87879,32.115406,-77.47918,26.5208187,56.1604919,9.133489,-129.57135,-18.5903778,91.8888,2
98.92919,32.0325966,-77.4521,26.5478935,56.53963,9.128444,-129.412308,-18.5857277,91.86638,2
98.98701,31.9384346,-76.43944,27.5605621,57.0022659,9.122286,-129.218246,-17.598629,91.8408051,2
99.04215,31.8532887,-76.43305,27.566946,57.4571037,9.116234,-129.027451,-17.6154327,91.81762,2
99.09576,31.7854137,-76.42564,27.5743656,57.8517761,9.110982,-128.861877,-17.6265411,91.7990952,2
99.1531448,31.7194519,-76.41147,27.5885315,58.2711678,9.105402,-128.685928,-17.63042,91.78105,2
99.2110062,31.6539078,-76.3922043,27.6077976,58.7352638,9.099227,-128.491211,-17.62912,91.7630844,2
99.2616043,31.60706,-76.37548,27.6245155,59.1073952,9.094275,-128.3351,-17.625267,91.75021,2
99.319725,31.5576668,-76.35938,27.6406136,59.5530777,9.088345,-128.148148,-17.6227531,91.73663,2
99.37081,31.520256,-76.3466,27.6533966,59.9454041,9.083124,-127.983574,-17.6202736,91.726326,2
99.42776,31.4841633,-76.3403854,27.6596165,60.39813,9.077098,-127.793648,-17.6240044,91.71638,2
99.4862,31.456049,-76.3403549,27.6596451,60.8443451,9.07116,-127.606453,-17.6317368,91.70862,2
99.53733,31.43859,-76.35206,27.6479378,61.2089348,9.066308,-127.4535,-17.6482658,91.7038,2
99.59504,31.4236927,-76.37386,27.6261368,61.6671143,9.060212,-127.261292,-17.6741829,91.69968,2
99.6511154,31.4166088,-76.48108,27.5189228,62.12943,9.05406,-127.067329,-17.7833557,91.69772,2
99.71119,31.4172173,-76.35928,27.6407146,62.5590172,9.048343,-126.887123,-17.661396,91.69789,2
99.77047,31.4253,-76.52279,27.4772129,63.0104675,9.042335,-126.697746,-17.8226624,91.70013,2
99.82868,31.4412155,-76.74718,27.2528267,63.4670067,9.03626,-126.506218,-18.0426521,91.70452,2
99.88621,31.4646225,-77.05969,26.9403057,63.918663,9.030249,-126.316742,-18.34871,91.71098,2
99.94509,31.49512,-77.6124344,26.3875637,64.36366,9.024326,-126.130058,-18.8930359,91.7194,2
100.0033,31.5324345,-78.1204758,25.8795261,64.80284,9.018482,-125.945824,-19.390789,91.72968,2
100.061531,31.5788765,-78.74614,25.2538624,65.26017,9.012396,-125.753967,-20.00367,91.74247,2
100.117485,31.632412,-79.4653549,24.534647,65.71263,9.006375,-125.564156,-20.7081718,91.75718,2
100.170723,31.68161,-80.19259,23.807415,66.08144,9.001467,-125.409439,-21.4219055,91.77068,2
100.227867,31.7488766,-80.7860947,23.2139034,66.5348,8.995434,-125.219246,-21.996994,91.7891,2
100.285469,31.8222275,-81.07692,22.9230766,66.98013,8.989508,-125.03244,-22.2677765,91.80914,2
100.345268,31.90161,-80.96674,23.0332527,67.41965,8.983659,-124.848053,-22.13596,91.83079,2
100.402382,31.9928684,-80.52234,23.4776649,67.88347,8.977488,-124.653465,-21.6667366,91.8556,2
100.453926,32.07158,-79.8983841,24.1016121,68.255455,8.972537,-124.497414,-21.0214462,91.87694,2
100.509468,32.15756,-79.255455,24.744545,68.60264,8.967915,-124.36425,-20.3552589,91.9002,2
100.567329,32.30956,-78.70712,25.29288,69.1643,8.960435,-124.155563,-19.7659645,91.9411545,2
100.619209,32.4151459,-78.2473145,25.75269,69.53359,8.955517,-124.018341,-19.2778168,91.9695,2
100.674706,32.55531,-78.4272461,25.572752,70.00163,8.949284,-123.844406,-19.4202766,92.00697,2
100.72541,32.677845,-78.2329559,25.76704,70.3928,8.944075,-123.699043,-19.1933556,92.0396042,2
100.781319,32.82807,-78.11561,25.8843937,70.8526,8.93795,-123.52816,-19.0361633,92.0794449,2
100.83416,32.9548836,-78.04828,25.951725,71.22583,8.932979,-123.38945,-18.9353447,92.11293,2
100.88929,33.12075,-78.0312042,25.9687977,71.69601,8.926717,-123.2147,-18.8746643,92.15654,2
100.941887,33.2559433,-78.06658,25.9334164,72.06581,8.921792,-123.077255,-18.8746643,92.19192,2
101.001152,33.4300575,-78.08507,25.9149284,72.52638,8.915657,-122.906059,-18.8477936,92.2372742,2
101.058769,33.6149254,-80.18379,23.81621,72.99816,8.909374,-122.730705,-20.898613,92.28518,2
101.128548,33.79818,-80.22752,23.77248,73.4502945,8.903353,-122.562653,-20.8951187,92.3324051,2
101.180748,34.0177727,-80.2802048,23.7197952,73.97404,8.896377,-122.367973,-20.891552,92.38865,2
101.231071,34.17109,-80.32552,23.6744728,74.32921,8.891646,-122.235962,-20.8978157,92.42771,2
101.292473,34.35034,-80.37097,23.6290283,74.73459,8.886248,-122.085274,-20.8978157,92.47316,2
101.3437,34.5601273,-85.1762543,18.8237438,75.1966553,8.880094,-121.913506,-25.6502151,92.52604,2
101.399681,34.7692528,-85.06161,18.93839,75.6452,8.874119,-121.746773,-25.4831657,92.5784454,2
101.458015,34.994072,-84.89605,19.1039524,76.1152039,8.867859,-121.572075,-25.2616234,92.63442,2
101.508415,35.18377,-84.73687,19.2631283,76.50282,8.862697,-121.427986,-25.0554886,92.68138,2
101.559151,35.3910332,-84.78789,19.2121124,76.91769,8.857171,-121.273766,-25.0554886,92.7324,2
101.617317,35.6119652,-88.2225952,15.7774076,77.35074,8.851403,-121.112793,-28.4361382,92.78645,2
101.667488,35.80733,-87.82221,16.17779,77.72638,8.846401,-120.973152,-27.9882355,92.83398,2
101.724846,36.0584526,-87.88291,16.1170883,78.19992,8.840094,-120.797119,-27.9882355,92.89468,2
101.77494,36.27089,-88.1474152,15.8525877,78.592926,8.83486,-120.651024,-28.2017136,92.9457,2
101.826256,36.4806976,-90.00328,13.9967184,78.97471,8.829775,-120.509117,-30.0074844,92.9958,2
101.880791,36.7387848,-88.98446,15.0155392,79.43629,8.823627,-120.337547,-28.92743,93.05703,2
101.933662,36.9619751,-94.48852,9.511481,79.82876,8.8184,-120.191658,-34.37888,93.10964,2
101.985405,37.176487,-95.55269,8.447314,80.20049,8.81345,-120.053474,-35.3927841,93.1599045,2
102.042656,37.44836,-95.6159744,8.384025,80.66441,8.80727,-119.88102,-35.3927841,93.22319,2
102.100166,37.7225952,-89.864296,14.135705,81.12471,8.80114,-119.709915,-29.5777283,93.28657,2
102.1583,37.9928627,-85.76783,18.2321663,81.57134,8.795192,-119.543884,-25.4192581,93.34857,2
102.209755,38.23555,-85.82314,18.1768589,81.966835,8.789925,-119.396873,-25.4192581,93.4038849,2
102.266975,38.5224228,-83.3920746,20.6079216,82.42798,8.783783,-119.225441,-22.9232712,93.4688,2
102.325371,38.80459,-83.45547,20.5445328,82.87522,8.777826,-119.059189,-22.9232712,93.532196,2
102.382271,39.1029243,-81.8163,22.1836967,83.3417053,8.771613,-118.88578,-21.2175827,93.59872,2
102.432716,39.3582344,-81.40377,22.59623,83.73599,8.766362,-118.739212,-20.7485237,93.65525,2
102.491814,39.6424637,-80.08941,23.9105949,84.16991,8.760583,-118.577911,-19.3716583,93.71775,2
102.542747,39.8999977,-79.11714,24.8828564,84.55873,8.755404,-118.433372,-18.3431511,93.7739944,2
102.600578,40.2198029,-79.1864853,24.8135147,85.03614,8.749046,-118.2559,-18.3431511,93.84333,2
102.65905,40.52002,-78.48031,25.5196877,85.479126,8.743146,-118.091225,-17.5723839,93.90793,2
102.715569,40.83768,-78.2241058,25.77589,85.9426956,8.736972,-117.9189,-17.2483521,93.97575,2
102.767509,41.0945549,-77.65008,26.349926,86.31388,8.732029,-117.780907,-16.619854,94.03022,2
102.82325,41.42368,-77.71936,26.2806377,86.7849045,8.725756,-117.605812,-16.619854,94.09951,2
102.875954,41.69188,-77.31322,26.6867847,87.16512,8.720692,-117.46447,-16.15765,94.15556,2
102.932076,42.0217438,-77.38167,26.6183338,87.62853,8.7145195,-117.292206,-16.15765,94.2240143,2
102.982872,42.31151,-77.0111847,26.9888172,88.0319443,8.7091465,-117.142242,-15.727478,94.28371,2
103.03907,42.62682,-77.07567,26.9243279,88.46721,8.703349,-116.980438,-15.727478,94.34819,2
103.089989,42.9178276,-77.1347656,26.8652325,88.86565,8.698042,-116.832329,-15.727478,94.40729,2
103.1403,43.2116,-76.98522,27.0147762,89.2648239,8.692725,-116.683937,-15.5186806,94.4665451,2
103.191826,43.49277,-77.04156,26.9584427,89.64412,8.687674,-116.542946,-15.5186806,94.52288,2
103.249733,43.82727,-77.2047653,26.79523,90.0919952,8.681707,-116.376457,-15.615345,94.5894241,2
103.302345,44.12026,-77.26264,26.73736,90.4814148,8.676521,-116.231705,-15.615345,94.64729,2
103.35833,44.473526,-77.33191,26.6680889,90.94755,8.670313,-116.058434,-15.615345,94.71657,2
103.408928,44.7630157,-77.41994,26.5800629,91.3268661,8.66526,-115.917419,-15.6470146,94.77292,2
103.468239,45.11416,-77.48781,26.5121918,91.78388,8.659174,-115.747528,-15.6470146,94.84079,2
103.523659,45.4768753,-77.7007141,26.29929,92.2525558,8.652931,-115.5733,-15.7903633,94.91035,2
103.582787,45.8174,-78.6351,25.3648968,92.6895447,8.647111,-115.410866,-16.6599579,94.97514,2
103.642494,46.1773262,-78.70307,25.2969322,93.14839,8.641001,-115.240295,-16.6599579,95.04311,2
103.698021,46.5525742,-78.97553,25.0244656,93.6236,8.634671,-115.063652,-16.8621254,95.11341,2
103.759285,46.8975334,-79.03966,24.9603386,94.0577,8.628889,-114.902283,-16.8621254,95.177536,2
103.815453,47.27658,-79.43313,24.5668716,94.5318,8.622575,-114.726044,-17.1856728,95.24746,2
103.866783,47.57409,-85.29983,18.7001724,94.90186,8.617645,-114.588478,-22.9978828,95.30195,2
103.925484,47.9563942,-85.36935,18.6306515,95.374855,8.611345,-114.412651,-22.9978828,95.37147,2
103.975517,48.25989,-85.32508,18.67492,95.74838,8.60637,-114.273788,-22.898819,95.42626,2
104.026466,48.584198,-85.383255,18.616745,96.14715,8.601293,-114.120453,-22.898819,95.484436,2
104.081062,48.96509,-85.45109,18.548914,96.61303,8.59536,-113.941315,-22.898819,95.55227,2
104.133736,49.2684479,-85.4378052,18.5621929,96.98224,8.590659,-113.799332,-22.8318939,95.60591,2
104.191063,49.64482,-94.02043,9.979567,97.43813,8.584855,-113.624039,-31.34842,95.67201,2
104.250969,50.019474,-94.08574,9.914264,97.8896255,8.579106,-113.450439,-31.34842,95.73732,2
104.306511,50.4133453,-94.7227249,9.277272,98.3618851,8.573092,-113.26886,-31.9172821,95.80544,2
104.356575,50.73997,-94.7788239,9.221179,98.75172,8.568129,-113.118965,-31.9172821,95.86154,2
104.40696,51.0666428,-94.8345642,9.165437,99.14003,8.563183,-112.969658,-31.9172821,95.91728,2
104.4685,51.4302559,-94.8961945,9.103808,99.5704651,8.557702,-112.804161,-31.9172821,95.97891,2
104.522957,51.8407021,-94.89122,9.108778,100.054138,8.551543,-112.6182,-31.84327,96.04795,2
104.575722,52.15679,-83.67473,20.3252735,100.425095,8.54682,-112.475578,-20.5739746,96.10075,2
104.633415,52.5457954,-83.7392654,20.26073,100.879845,8.541029,-112.300743,-20.5739746,96.16529,2
104.69062,52.93954,-85.50943,18.4905682,101.338219,8.53519249,-112.124504,-22.2792931,96.23014,2
104.750771,53.2994461,-85.56828,18.4317188,101.763443,8.53553,-111.931175,-22.2792931,96.28899,2
104.806221,53.65577,-85.62616,18.3738422,102.196045,8.545872,-111.682663,-22.2792931,96.34686,2
104.866661,53.98667,-88.16682,15.8331852,102.595291,8.555372,-111.453522,-24.7665482,96.40027,2
104.9168,54.28911,-88.21534,15.7846622,102.958183,8.563982,-111.245361,-24.7665482,96.44879,2
104.975227,54.6451263,-88.09234,15.90766,103.383011,8.57403851,-111.001785,-24.5867767,96.50556,2
105.033836,54.9985771,-92.11182,11.8881807,103.802345,8.583948,-110.761436,-28.5502548,96.56156,2
105.089958,55.35884,-92.16853,11.83147,104.227371,8.59398,-110.517876,-28.5502548,96.61828,2
105.142281,55.5933266,-92.205246,11.7947569,104.511826,8.600913,-110.293091,-28.5502548,96.65499,2
105.198479,55.48887,-98.61015,5.389843,104.463158,8.60165,-109.799492,-34.9715042,96.63865,2
105.250359,55.3997841,-98.5962,5.40379953,104.419868,8.6023,-109.362854,-34.9715042,96.6246948,2
105.301659,55.31965,-98.27404,5.72596169,104.379356,8.602901,-108.956352,-34.6619148,96.61212,2
105.360085,55.2291832,-98.25982,5.740177,104.331635,8.603605,-108.479744,-34.6619148,96.59791,2
105.419716,54.8334274,-98.19736,5.802642,103.921104,8.603769,-108.349289,-34.6619148,96.5354462,2
105.478127,54.38099,-98.14304,5.85695744,103.441666,8.603807,-108.298714,-34.6795654,96.46348,2
105.533592,53.9049072,-98.0666656,5.9333334,102.9366,8.6038475,-108.2453,-34.6795654,96.3871,2
105.583626,53.5193863,-98.0043259,5.99567652,102.527153,8.603878,-108.201981,-34.6795654,96.32476,2
105.6352,53.1322823,-97.94127,6.05873,102.1156,8.60390949,-108.158455,-34.6795654,96.2617,2
105.693153,52.6899719,-97.86866,6.13134,101.644821,8.603945,-108.108727,-34.6795654,96.1890945,2
105.74337,52.2908,-97.8026047,6.19739437,101.219452,8.603976,-108.063843,-34.6795654,96.12304,2
105.794731,51.95067,-97.7459259,6.254077,100.84407,8.60351849,-108.153351,-34.6795654,96.06636,2
105.851677,51.5344658,-98.27934,5.720657,100.3752,8.602644,-108.345741,-35.2828522,95.99649,2
105.903679,51.2089844,-98.22431,5.775689,100.007233,8.601958,-108.496773,-35.2828522,95.94146,2
105.960823,50.7974052,-98.42157,5.578429,99.5402451,8.601088,-108.688507,-35.5502052,95.87137,2
106.0169,50.4016647,-98.35364,5.646362,99.0894,8.600247,-108.873672,-35.5502052,95.80344,2
106.070137,50.0811539,-98.2982254,5.70177269,98.7229,8.599564,-109.024231,-35.5502052,95.748024,2
106.125389,49.6715,-97.7560654,6.243935,98.25263,8.598687,-109.217445,-35.0793839,95.67668,2
106.186729,49.2984962,-91.6312256,12.3687725,97.82258,8.597885,-109.394173,-29.02002,95.6112061,2
106.23719,48.9337845,-91.5667343,12.4332695,97.40032,8.597097,-109.567719,-29.02002,95.5467148,2
106.291512,48.56062,-91.50024,12.4997606,96.9664,8.596287,-109.746071,-29.02002,95.48022,2
106.343178,48.2410278,-88.16484,15.8351593,96.5932159,8.595591,-109.899467,-25.7419739,95.42287,2
106.398979,47.8620377,-88.09634,15.9036674,96.148735,8.594761,-110.082191,-25.7419739,95.35436,2
106.451012,47.5257721,-87.02454,16.9754581,95.75255,8.594022,-110.245064,-24.7314224,95.29312,2
106.503151,47.2074242,-86.96616,17.0338364,95.37584,8.593319,-110.399933,-24.7314224,95.23474,2
106.559608,46.81384,-84.37691,19.6230946,94.90782,8.592445,-110.592354,-22.2148857,95.16202,2
