timeSeconds,distanceMeters,prxDbm,snrDb,worldX,worldY,worldZ,txGainDbi,pathLossDb,buildingCollisions
0,79.4707,-73.36481,30.6351948,-23.3659668,9.069,-117.444008,-3.60612869,99.7586746,2
0.06705856,79.72685,-73.39275,30.6072426,-23.5564232,9.009372,-117.781853,-3.60612869,99.78663,2
0.117107391,79.4811,-73.3659439,30.634058,-23.3460865,9.0539,-117.59024,-3.60612869,99.75981,2
0.169063568,79.39418,-73.35644,30.6435623,-23.2662525,9.059884,-117.53862,-3.60612869,99.7503052,2
0.219182968,79.3023758,-73.34639,30.6536121,-23.1822815,9.066003,-117.481857,-3.60612869,99.74026,2
0.270433426,79.22397,-73.3378,30.6622047,-23.1088142,9.068935,-117.43969,-3.60612869,99.73167,2
0.322265625,79.14213,-73.32882,30.6711826,-23.032196,9.071788,-117.395004,-3.60612869,99.72269,2
0.3788643,79.0554047,-73.3193,30.6807041,-22.95022,9.07385,-117.350578,-3.60612869,99.7131653,2
0.4293251,78.97775,-73.31076,30.6892414,-22.8767185,9.075434,-117.3109,-3.60612869,99.70463,2
0.479923248,78.8947144,-73.30162,30.6983776,-22.797823,9.076742,-117.269508,-3.60612869,99.6954956,2
0.530637741,78.81942,-73.29062,30.709383,-22.72597,9.077604,-117.2332,-3.60341644,99.6872,2
0.5812874,78.7461,-73.28253,30.7174683,-22.6558037,9.078246,-117.1986,-3.60341644,99.6791153,2
0.6332817,78.6689758,-73.274025,30.7259789,-22.5818024,9.07875252,-117.162979,-3.60341644,99.67061,2
0.6839638,78.5964,-73.26601,30.7339954,-22.5121956,9.079171,-117.129189,-3.60341644,99.66259,2
0.7400074,78.51261,-73.25674,30.74326,-22.4314613,9.079459,-117.091888,-3.60341644,99.65332,2
0.8004055,78.43545,-73.2482,30.7518,-22.3568516,9.079618,-117.058739,-3.60341644,99.64478,2
0.858301163,78.35014,-73.23875,30.7612534,-22.2742634,9.079744,-117.022575,-3.60341644,99.63533,2
0.9171715,78.27187,-73.2300644,30.7699337,-22.1984539,9.079834,-116.9895,-3.60341644,99.62665,2
0.984205246,78.18991,-73.22097,30.7790337,-22.1189041,9.07989,-116.955635,-3.60341644,99.61755,2
1.03425217,78.10598,-73.21164,30.7883625,-22.0373268,9.079925,-116.921494,-3.60341644,99.60822,2
1.08487511,78.04415,-73.20476,30.79524,-21.9771824,9.079941,-116.896606,-3.60341644,99.60134,2
1.13492584,77.97522,-73.19708,30.8029156,-21.9101372,9.07996,-116.868736,-3.60341644,99.5936661,2
1.19143486,77.8941,-73.18804,30.8119564,-21.8312473,9.079979,-116.835846,-3.60341644,99.5846252,2
1.24716,77.82375,-73.1802,30.8198051,-21.76277,9.07998848,-116.807632,-3.60341644,99.57678,2
1.30266953,77.7445145,-73.17135,30.8286533,-21.685585,9.079995,-116.7761,-3.60341644,99.56793,2
1.3535881,77.67565,-73.16365,30.83635,-21.6184883,9.08,-116.748734,-3.60341644,99.5602341,2
1.40462112,77.6046448,-73.15571,30.8442936,-21.5492954,9.080004,-116.720528,-3.60341644,99.55229,2
1.45610619,77.53697,-73.14813,30.8518715,-21.48332,9.080006,-116.693787,-3.60341644,99.5447159,2
1.50784683,77.47347,-73.1410141,30.8589878,-21.42139,9.080007,-116.668793,-3.60341644,99.5376,2
1.56054688,77.39722,-73.13246,30.8675423,-21.347,9.080008,-116.638794,-3.60341644,99.5290451,2
1.61639786,77.3241348,-73.12425,30.8757477,-21.2756939,9.08000851,-116.610115,-3.60341644,99.5208359,2
1.66789818,77.2548141,-73.11646,30.8835373,-21.2080612,9.08000851,-116.582855,-3.60341644,99.51305,2
1.72064209,77.18507,-73.10862,30.8913822,-21.1399918,9.080009,-116.555473,-3.60341644,99.5052,2
1.77787971,77.10805,-73.0999451,30.900053,-21.06482,9.080009,-116.525276,-3.60341644,99.49653,2
1.82795906,77.04076,-73.09236,30.9076366,-20.99912,9.080009,-116.498924,-3.60341644,99.488945,2
1.8823185,76.97306,-73.0847244,30.9152737,-20.9330158,9.080009,-116.472443,-3.60341644,99.48131,2
1.93971062,76.89444,-73.07585,30.9241486,-20.85624,9.080009,-116.4417,-3.60341644,99.472435,2
1.99016953,76.83016,-73.06859,30.9314137,-20.79346,9.080009,-116.416565,-3.60341644,99.46517,2
2.04525,76.7505646,-73.0595856,30.9404163,-20.7157078,9.080009,-116.385445,-3.60341644,99.45617,2
2.09861565,76.6856842,-74.75342,29.24658,-20.65232,9.080009,-116.360069,-5.3046,99.44882,2
2.15730858,76.60787,-74.744606,29.2553978,-20.5762978,9.08001,-116.329659,-5.3046,99.44,2
2.2074604,76.5404358,-74.73695,29.2630463,-20.5104046,9.08001,-116.303291,-5.3046,99.43235,2
2.26291847,76.46195,-74.72804,29.2719574,-20.4337044,9.08001,-116.272606,-5.3046,99.42344,2
2.31520271,76.39414,-74.72034,29.2796631,-20.3674335,9.08001,-116.2461,-5.3046,99.41573,2
2.374712,76.31617,-74.7114639,29.2885342,-20.2912121,9.08001,-116.215637,-5.3046,99.40687,2
2.43602562,76.2370758,-74.70246,29.29754,-20.21389,9.08001,-116.184723,-5.3046,99.39786,2
2.49492455,76.15539,-74.6931458,29.3068523,-20.1340256,9.08001,-116.152794,-5.3046,99.38855,2
2.54494286,76.08787,-74.68544,29.314558,-20.068,9.08001,-116.1264,-5.3046,99.3808441,2
2.59500313,76.02067,-74.6777649,29.3222313,-20.002285,9.08001,-116.100143,-5.3046,99.37317,2
2.65445137,75.94614,-74.66925,29.3307514,-19.9293938,9.08001,-116.071022,-5.3046,99.36465,2
2.7048893,75.87654,-74.6612854,29.3387146,-19.8613186,9.08001,-116.043823,-5.3046,99.35669,2
2.75787926,75.8068848,-74.6533051,29.3466911,-19.7931786,9.08001,-116.016594,-5.3046,99.34871,2
2.81518745,75.7303162,-74.64453,29.3554688,-19.71827,9.08001,-115.986664,-5.3046,99.33993,2
2.865488,75.6619644,-74.63669,29.3633118,-19.65139,9.08001,-115.959946,-5.3046,99.3320847,2
2.924593,75.58716,-74.6281,29.3719044,-19.5781879,9.08001,-115.930695,-5.3046,99.323494,2
2.97537041,75.517,-74.6200256,29.37997,-19.5095215,9.08001,-115.903259,-5.3046,99.31543,2
3.02871513,75.45374,-74.61275,29.387249,-19.4476128,9.08001,-115.87854,-5.3046,99.30815,2
3.080904,75.37316,-74.60347,29.39653,-19.3687344,9.08001,-115.847031,-5.3046,99.2988739,2
3.132597,75.31012,-74.5962,29.4038,-19.3070145,9.08001,-115.822365,-5.3046,99.2916,2
3.18295479,75.238266,-74.58791,29.41209,-19.2366676,9.08001,-115.79425,-5.3046,99.28331,2
3.23384285,75.17723,-74.580864,29.41914,-19.1769047,9.08001,-115.77037,-5.3046,99.27626,2
3.289957,75.09657,-74.57154,29.428463,-19.0979214,9.08001,-115.738823,-5.3046,99.26694,2
3.35167885,75.02211,-74.56292,29.43708,-19.0249958,9.08001,-115.709686,-5.3046,99.25832,2
3.41000938,74.94236,-74.55368,29.4463177,-18.9468784,9.08001,-115.678474,-5.3046,99.2490845,2
3.46651268,74.8620453,-74.5443649,29.4556313,-18.8682022,9.08001,-115.647041,-5.3046,99.23977,2
3.52171135,74.7935638,-74.53642,29.4635811,-18.801115,9.08001,-115.620224,-5.3046,99.23182,2
3.574175,74.7192459,-74.52779,29.4722157,-18.7283,9.08001,-115.591125,-5.3046,99.22318,2
3.63718224,74.6472549,-74.51941,29.4805889,-18.65775,9.08001,-115.562935,-5.3046,99.21481,2
3.69285774,74.5624161,-74.50954,29.4904652,-18.5746059,9.08001,-115.529716,-5.3046,99.20493,2
3.74331856,74.49891,-74.50214,29.4978676,-18.51236,9.08001,-115.504852,-5.3046,99.19753,2
3.79630852,74.4288559,-74.4939651,29.5060387,-18.44369,9.08001,-115.477417,-5.3046,99.18936,2
3.84720421,74.3583145,-74.4857254,29.5142746,-18.3745327,9.08001,-115.449791,-5.3046,99.18113,2
3.90482521,74.29105,-74.47787,29.5221348,-18.3085823,9.08001,-115.423447,-5.3046,99.17326,2
3.96013832,74.21103,-74.4685059,29.531496,-18.2301159,9.08001,-115.3921,-5.3046,99.1639,2
4.01143456,74.14156,-74.46037,29.539629,-18.161993,9.08001,-115.364883,-5.3046,99.15577,2
4.068014,74.0638657,-74.45126,29.5487385,-18.0857811,9.08001,-115.334442,-5.3046,99.14666,2
4.127367,73.99004,-74.4426,29.5574,-18.0133667,9.08001,-115.305504,-5.3046,99.138,2
4.183958,73.91043,-74.43325,29.56675,-17.9352665,9.08001,-115.274307,-5.3046,99.12865,2
4.24391,73.83548,-74.42444,29.5755634,-17.8617268,9.08001,-115.244926,-5.3046,99.1198349,2
4.30790138,73.757515,-74.41526,29.58474,-17.7852249,9.08001,-115.214363,-5.3046,99.1106644,2
4.64123344,73.73727,-74.41287,29.5871239,-17.76535,9.08001,-115.206421,-5.3046,99.10828,2
4.70609474,73.29583,-74.36072,29.63928,-17.33199,9.08001,-115.033287,-5.3046,99.05612,2
4.75882149,73.14894,-74.34329,29.6567039,-17.1877155,9.08001,-114.975647,-5.3046,99.0387,2
4.811487,73.08413,-74.3355942,29.6644039,-17.1240425,9.08001,-114.950226,-5.3046,99.031,2
4.86258125,73.0133743,-74.32532,29.6746864,-17.0545273,9.08001,-114.922462,-5.30273056,99.02258,2
4.91818428,72.93674,-74.31619,29.6838074,-16.9792328,9.08001,-114.89238,-5.30273056,99.0134659,2
4.97162056,72.86933,-74.30816,29.69184,-16.9129887,9.08001,-114.865913,-5.30273056,99.00543,2
5.02232552,72.8028641,-74.30023,29.6997643,-16.84767,9.08001,-114.839813,-5.30273056,98.9975052,2
5.074442,72.7316,-74.2917252,29.708271,-16.7776222,9.08001,-114.811821,-5.30273056,98.989,2
5.13025856,72.6571655,-74.28284,29.717165,-16.7044525,9.08001,-114.782585,-5.30273056,98.9801,2
5.183607,72.58673,-74.2744141,29.72559,-16.6352043,9.08001,-114.754921,-5.30273056,98.97168,2
5.234331,72.51998,-74.26642,29.73358,-16.5695724,9.08001,-114.7287,-5.30273056,98.96369,2
5.28441429,72.45311,-74.25841,29.7415924,-16.5038147,9.08001,-114.702431,-5.30273056,98.95567,2
5.341467,72.38026,-74.2496643,29.7503319,-16.43216,9.08001,-114.673813,-5.30273056,98.94694,2
5.39263725,72.3111954,-74.24138,29.7586231,-16.36423,9.08001,-114.646667,-5.30273056,98.9386444,2
5.44349861,72.2437057,-74.23327,29.7667332,-16.297842,9.08001,-114.620148,-5.30273056,98.9305344,2
5.49414635,72.17808,-74.22537,29.7746277,-16.2332726,9.08001,-114.594353,-5.30273056,98.92264,2
5.544771,72.11116,-74.2173157,29.7826843,-16.167429,9.08001,-114.568054,-5.30273056,98.91458,2
5.606558,72.03639,-74.2083054,29.7916946,-16.093853,9.08001,-114.538673,-5.30273056,98.90557,2
5.66581535,71.9535141,-74.1983,29.8016949,-16.0122833,9.08001,-114.506096,-5.30273056,98.89558,2
5.71644,71.8868942,-74.19026,29.80974,-15.9467087,9.08001,-114.4799,-5.30273056,98.88753,2
5.767645,71.83175,-74.18359,29.8164063,-15.8924208,9.08001,-114.458206,-5.30273056,98.88087,2
6.10989571,71.79471,-74.1791153,29.8208847,-15.855957,9.08001,-114.443642,-5.30273056,98.87638,2
6.162775,71.29345,-70.04382,33.9561768,-15.3622389,9.08001,-114.2464,-1.22829628,98.81553,2
6.215616,71.2277451,-70.03581,33.9641838,-15.2974892,9.08001,-114.220535,-1.22829628,98.80752,2
6.2729435,71.15144,-70.0265045,33.9734955,-15.2222862,9.08001,-114.190491,-1.22829628,98.79821,2
6.33033943,71.07414,-70.01707,33.9829369,-15.14609,9.08001,-114.160049,-1.22829628,98.788765,2
6.39551353,70.99906,-70.00788,33.992115,-15.0720749,9.08001,-114.130486,-1.22829628,98.77959,2
6.4495945,70.9181061,-69.99797,34.0020256,-14.9922533,9.08001,-114.098595,-1.22829628,98.76968,2
6.507799,70.8437653,-69.98886,34.0111351,-14.91894,9.08001,-114.069313,-1.22829628,98.76057,2
6.558031,70.77519,-69.98045,34.0195465,-14.8513155,9.08001,-114.042305,-1.22829628,98.75216,2
6.609602,70.71084,-69.97255,34.0274467,-14.78784,9.08001,-114.016945,-1.22829628,98.7442551,2
6.66599846,70.6330261,-69.96299,34.037014,-14.7110748,9.08001,-113.986282,-1.22829628,98.73469,2
6.99163246,70.5663452,-69.95478,34.0452156,-14.6452847,9.08001,-113.959991,-1.22829628,98.72649,2
7.04598045,70.12932,-69.9008255,34.0991745,-14.2139091,9.08001,-113.787643,-1.22829628,98.67253,2
7.097563,70.06616,-69.893,34.1070023,-14.1515446,9.08001,-113.762726,-1.22829628,98.6647,2
7.14872932,69.99678,-69.88439,34.11561,-14.0830183,9.08001,-113.735344,-1.22829628,98.6561,2
7.20614052,69.92424,-69.87539,34.1246147,-14.011363,9.08001,-113.706718,-1.22829628,98.64709,2
7.261915,69.8482056,-69.86594,34.1340637,-13.9362478,9.08001,-113.676704,-1.22829628,98.63764,2
7.325613,69.78737,-69.85837,34.1416321,-13.8761377,9.08001,-113.652687,-1.22829628,98.63007,2
7.38410759,69.68935,-69.84616,34.1538429,-13.7792683,9.08001,-113.613991,-1.22829628,98.61786,2
7.434614,69.6212158,-69.83766,34.1623344,-13.711936,9.08001,-113.58709,-1.22829628,98.60937,2
7.49419975,69.5461655,-69.82829,34.1717033,-13.6377468,9.08001,-113.557434,-1.22829628,98.6,2
7.545183,69.4715,-69.81896,34.1810341,-13.5639305,9.08001,-113.527946,-1.22829628,98.59067,2
7.595686,69.40853,-69.81109,34.18891,-13.5016708,9.08001,-113.503075,-1.22829628,98.5827942,2
7.64679146,69.3448,-69.80311,34.19689,-13.438653,9.08001,-113.47789,-1.22829628,98.5748138,2
7.697874,69.27361,-69.79419,34.20581,-13.36824,9.08001,-113.44976,-1.22829628,98.5658951,2
7.75042534,69.20408,-69.78547,34.2145348,-13.2994642,9.08001,-113.422279,-1.22829628,98.55717,2
7.81031227,69.12892,-69.7760239,34.2239723,-13.2251158,9.08001,-113.392578,-1.22829628,98.54773,2
7.86108971,69.0632248,-69.76777,34.23223,-13.1601114,9.08001,-113.366608,-1.22829628,98.5394745,2
7.911913,68.9987,-69.75965,34.24035,-13.0962658,9.08001,-113.341095,-1.22829628,98.53136,2
7.967886,68.91773,-69.74945,34.25055,-13.0161247,9.08001,-113.30909,-1.22829628,98.52116,2
8.024401,68.84303,-69.74003,34.2599678,-12.9421873,9.08001,-113.279549,-1.22829628,98.511734,2
8.076132,68.775856,-69.73155,34.2684479,-12.875679,9.08001,-113.252975,-1.22829628,98.50326,2
8.126841,68.70834,-69.72302,34.2769775,-12.808835,9.08001,-113.226265,-1.22829628,98.49473,2
8.184347,68.63545,-69.7138,34.2861977,-12.7366562,9.08001,-113.197433,-1.22829628,98.4855042,2
8.238245,68.56555,-69.70495,34.2950478,-12.6674252,9.08001,-113.169769,-1.22829628,98.4766541,2
8.288698,68.50163,-69.69685,34.30315,-12.6041126,9.08001,-113.144478,-1.22829628,98.46855,2
8.340132,68.428566,-69.6875839,34.31242,-12.5317287,9.08001,-113.115562,-1.22829628,98.45928,2
8.394159,68.35747,-69.67855,34.32145,-12.4612818,9.08001,-113.08741,-1.22829628,98.45026,2
8.446978,68.29072,-69.67007,34.329937,-12.395134,9.08001,-113.060989,-1.22829628,98.4417648,2
8.497156,68.22664,-69.66191,34.33809,-12.3316288,9.08001,-113.035614,-1.22829628,98.43362,2
8.555384,68.15177,-69.6523743,34.3476257,-12.25742,9.08001,-113.005959,-1.22829628,98.42408,2
8.613596,68.0737457,-69.6424255,34.3575745,-12.18007,9.08001,-112.975044,-1.22829628,98.41413,2
8.663645,68.0060959,-69.62972,34.37028,-12.1129951,9.08001,-112.94825,-1.22422791,98.4054947,2
8.7151165,67.93645,-69.62082,34.37918,-12.0439262,9.08001,-112.920662,-1.22422791,98.39659,2
8.772127,67.86334,-69.6114655,34.38853,-11.9714174,9.08001,-112.8917,-1.22422791,98.38724,2
8.822672,67.79896,-69.6032257,34.3967743,-11.9075556,9.08001,-112.86618,-1.22422791,98.379,2
8.881521,67.72455,-69.59369,34.4063148,-11.8337336,9.08001,-112.836678,-1.22422791,98.36946,2
8.931658,67.6566544,-69.58498,34.4150276,-11.7663622,9.08001,-112.809753,-1.22422791,98.36075,2
8.987558,67.58068,-69.57522,34.4247856,-11.6909723,9.08001,-112.77964,-1.22422791,98.35099,2
9.038855,67.5124741,-69.5664444,34.4335556,-11.6232729,9.08001,-112.752586,-1.22422791,98.34222,2
9.09823,67.440834,-69.55722,34.44278,-11.5521564,9.08001,-112.724174,-1.22422791,98.33299,2
9.155626,67.3608,-69.5469055,34.45309,-11.4726934,9.08001,-112.692429,-1.22422791,98.32268,2
9.214075,67.2873,-66.60355,37.3964424,-11.3997068,9.08001,-112.663277,1.70964146,98.3131943,2
9.272043,67.21159,-66.59378,37.4062233,-11.3245173,9.08001,-112.633232,1.70964146,98.30342,2
9.326502,67.14626,-66.58533,37.41467,-11.2596216,9.08001,-112.6073,1.70964146,98.2949753,2
9.381201,67.0706,-66.57554,37.42446,-11.1844616,9.08001,-112.577271,1.70964146,98.28518,2
9.440157,66.99077,-66.56519,37.4348068,-11.1051311,9.08001,-112.54557,1.70964146,98.27483,2
9.498674,66.91672,-66.55559,37.4444122,-11.0315437,9.08001,-112.516167,1.70964146,98.26523,2
9.549768,66.84473,-66.5462341,37.4537621,-10.9599848,9.08001,-112.487572,1.70964146,98.2558746,2
9.604956,66.77061,-66.5366,37.463398,-10.8863039,9.08001,-112.458145,1.70964146,98.24624,2
9.664385,66.7061157,-66.5282059,37.4717941,-10.82218,9.08001,-112.432526,1.70964146,98.23785,2
9.717737,66.62558,-66.5177155,37.4822845,-10.742094,9.08001,-112.400536,1.70964146,98.227356,2
9.769388,66.55946,-66.50909,37.49091,-10.67633,9.08001,-112.374268,1.70964146,98.2187347,2
9.827982,66.48356,-66.499176,37.50082,-10.6008272,9.08001,-112.344093,1.70964146,98.2088242,2
9.877996,66.41788,-66.49059,37.509407,-10.5354815,9.08001,-112.317986,1.70964146,98.20023,2
9.935717,66.34176,-66.48064,37.5193672,-10.4597435,9.08001,-112.287712,1.70964146,98.19028,2
9.993334,66.2654953,-66.47064,37.5293579,-10.38384,9.08001,-112.257393,1.70964146,98.18028,2
10.0438023,66.2034149,-66.4625,37.5375,-10.3220434,9.08001,-112.232704,1.70964146,98.17214,2
10.0942364,66.13502,-66.45352,37.54648,-10.25396,9.08001,-112.20549,1.70964146,98.16316,2
10.1522465,66.05974,-66.443634,37.55637,-10.179,9.08001,-112.175537,1.70964146,98.1532745,2
10.2106533,65.9827957,-66.43351,37.56649,-10.1023808,9.08001,-112.144928,1.70964146,98.14315,2
10.2665081,65.90652,-66.42346,37.5765381,-10.0264025,9.08001,-112.114578,1.70964146,98.1331,2
10.321661,65.84539,-66.4154,37.5846,-9.965504,9.08001,-112.090248,1.70964146,98.1250458,2
10.377161,65.7621,-66.4044,37.5955925,-9.88252,9.08001,-112.0571,1.70964146,98.11405,2
10.427927,65.69622,-66.3957,37.6042976,-9.81687,9.08001,-112.030869,1.70964146,98.10535,2
10.487257,65.62408,-66.3861542,37.613842,-9.744965,9.08001,-112.002144,1.70964146,98.0958,2
10.5454845,65.54725,-66.3759842,37.6240158,-9.66838,9.08001,-111.97155,1.70964146,98.0856247,2
10.595892,65.48152,-66.36727,37.6327324,-9.602847,9.08001,-111.945366,1.70964146,98.07691,2
10.6531277,65.40403,-66.35699,37.6430168,-9.525568,9.08001,-111.9145,1.70964146,98.06663,2
10.70682,65.3357,-66.34791,37.6520958,-9.457424,9.08001,-111.887268,1.70964146,98.05755,2
10.761301,65.26268,-66.3381958,37.661808,-9.384584,9.08001,-111.858162,1.70964146,98.04784,2
10.8119221,65.196846,-66.32942,37.6705742,-9.318897,9.08001,-111.831932,1.70964146,98.03907,2
10.86931,65.12261,-66.31953,37.68047,-9.244823,9.08001,-111.802338,1.70964146,98.0291748,2
10.9240208,65.05788,-66.31089,37.68911,-9.180219,9.08001,-111.776527,1.70964146,98.02053,2
10.9802876,64.9817657,-66.30073,37.699276,-9.104244,9.08001,-111.746178,1.70964146,98.01037,2
11.031332,64.9148941,-66.29178,37.7082176,-9.037479,9.08001,-111.719505,1.70964146,98.00142,2
11.0901585,64.83724,-66.28139,37.7186165,-8.95994,9.08001,-111.688522,1.70964146,97.99103,2
11.1469364,64.7605,-66.2710953,37.7289,-8.883296,9.08001,-111.657906,1.70964146,97.9807358,2
11.2060566,64.686554,-66.26118,37.7388268,-8.809435,9.08001,-111.6284,1.70964146,97.97082,2
11.256319,64.6211,-66.25238,37.74762,-8.744043,9.08001,-111.60228,1.70964146,97.96202,2
11.3064709,64.5557,-66.24358,37.7564125,-8.678696,9.08001,-111.576164,1.70964146,97.9532242,2
11.3651752,64.47907,-66.23327,37.76673,-8.602107,9.08001,-111.545563,1.70964146,97.94291,2
11.4155712,64.41492,-66.2246246,37.77538,-8.537978,9.08001,-111.519943,1.70964146,97.9342651,2
11.4658794,64.35184,-66.21611,37.783886,-8.474918,9.08001,-111.494743,1.70964146,97.92575,2
11.5225315,64.27338,-66.20551,37.7944832,-8.396462,9.08001,-111.463394,1.70964146,97.91515,2
11.59321,64.20764,-66.1966248,37.80337,-8.330724,9.08001,-111.437134,1.70964146,97.90627,2
11.6493053,64.10827,-66.1831741,37.8168259,-8.231324,9.08001,-111.39743,1.70964146,97.8928146,2
11.70125,64.03836,-66.1737,37.8263,-8.161374,9.08001,-111.369484,1.70964146,97.88334,2
11.7521,63.9732971,-66.16487,37.8351326,-8.096268,9.08001,-111.343483,1.70964146,97.87451,2
11.805891,63.9041443,-66.15547,37.8445244,-8.02706,9.08001,-111.315834,1.70964146,97.86511,2
11.8604259,63.8330421,-66.1458054,37.8541946,-7.95588064,9.08001,-111.2874,1.70964146,97.8554459,2
11.9190426,63.7618256,-66.13611,37.86389,-7.88457966,9.08001,-111.258919,1.70964146,97.84575,2
11.9694195,63.69714,-66.12729,37.8727074,-7.81980371,9.08001,-111.23304,1.70964146,97.83694,2
12.0199337,63.6335945,-66.11125,37.88875,-7.75616169,9.08001,-111.207619,1.71701336,97.82826,2
12.0775471,63.5537453,-66.10034,37.8996544,-7.67617226,9.08001,-111.175659,1.71701336,97.81736,2
12.1336727,63.477047,-66.08986,37.9101448,-7.599328,9.08001,-111.144966,1.71701336,97.80687,2
12.18915,63.40528,-64.72413,39.2758751,-7.5274086,9.08001,-111.116226,3.072918,97.79704,2
12.2425175,63.3433647,-64.71564,39.28436,-7.46535254,9.08001,-111.091431,3.072918,97.78856,2
12.2990665,63.263855,-64.70473,39.29527,-7.38564253,9.08001,-111.059593,3.072918,97.77765,2
12.3519306,63.1935043,-64.69507,39.3049355,-7.315106,9.08001,-111.03141,3.072918,97.76798,2
12.4040127,63.1287155,-64.68616,39.3138428,-7.25013161,9.08001,-111.005455,3.072918,97.75907,2
12.4560719,63.067997,-64.6777954,39.3222,-7.18922758,9.08001,-110.981125,3.072918,97.75072,2
12.5114155,62.98986,-64.66703,39.33297,-7.1108427,9.08001,-110.949806,3.072918,97.73995,2
12.5625706,62.9242554,-64.65798,39.3420219,-7.045016,9.08001,-110.9235,3.072918,97.730896,2
12.6125736,62.85575,-64.64851,39.3514824,-6.976264,9.08001,-110.896034,3.072918,97.7214355,2
12.6708736,62.78341,-64.63851,39.3614845,-6.90365076,9.08001,-110.867027,3.072918,97.71143,2
12.729044,62.7090378,-64.62822,39.37178,-6.828984,9.08001,-110.8372,3.072918,97.70114,2
12.7934361,62.63521,-64.61799,39.38201,-6.754845,9.08001,-110.807579,3.072918,97.6909,2
12.8524761,62.55611,-64.60701,39.3929863,-6.675403,9.08001,-110.775841,3.072918,97.67993,2
12.9047146,62.4780579,-64.59617,39.40383,-6.59699154,9.08001,-110.744514,3.072918,97.66908,2
12.9583988,62.4130821,-64.58713,39.41287,-6.53170633,9.08001,-110.718437,3.072918,97.66005,2
13.0106754,62.3449478,-64.5776443,39.4223557,-6.463233,9.08001,-110.691078,3.072918,97.65056,2
13.0671253,62.2725372,-64.56755,39.4324532,-6.39045048,9.08001,-110.662,3.072918,97.6404648,2
13.1184864,62.2011223,-64.55758,39.4424171,-6.31865358,9.08001,-110.633316,3.072918,97.6305,2
13.17417,62.13008,-64.54765,39.452343,-6.2472167,9.08001,-110.604782,3.072918,97.620575,2
13.2249737,62.0629272,-64.53826,39.46174,-6.179674,9.08001,-110.577805,3.072918,97.61118,2
13.2773724,62.0028343,-64.52985,39.4701538,-6.119223,9.08001,-110.553658,3.072918,97.60277,2
13.3338985,61.9252625,-64.5189743,39.4810257,-6.041179,9.08001,-110.522476,3.072918,97.5918961,2
13.3852711,61.8561935,-64.509285,39.49072,-5.971672,9.08001,-110.494713,3.072918,97.5822,2
13.4364185,61.7931976,-64.50043,39.49957,-5.908265,9.08001,-110.469376,3.072918,97.57335,2
13.4965076,61.72104,-64.49028,39.50972,-5.8356204,9.08001,-110.440353,3.072918,97.5632,2
13.5508175,61.64357,-64.47937,39.5206261,-5.75761747,9.08001,-110.409187,3.072918,97.55229,2
13.6020679,61.5790443,-64.4702759,39.5297241,-5.692631,9.08001,-110.383224,3.072918,97.5432,2
13.6525974,61.514637,-64.46119,39.5388145,-5.627753,9.08001,-110.357307,3.072918,97.5341,2
13.7113323,61.43929,-64.45054,39.5494576,-5.5518384,9.08001,-110.326981,3.072918,97.52346,2
13.7614422,61.3775,-64.4418,39.5582,-5.48957062,9.08001,-110.3021,3.072918,97.51472,2
13.8192348,61.3030434,-64.43126,39.56874,-5.41452837,9.08001,-110.27211,3.072918,97.50417,2
13.8763447,61.2245941,-64.4201355,39.5798645,-5.33544159,9.08001,-110.240509,3.072918,97.49306,2
13.9277821,61.1617966,-64.4112244,39.58878,-5.272119,9.08001,-110.21521,3.072918,97.48414,2
13.994585,61.0859032,-64.40044,39.5995636,-5.19557858,9.08001,-110.184624,3.072918,97.47336,2
14.0498753,61.0081329,-64.38937,39.61063,-5.11712265,9.08001,-110.153282,3.072918,97.46229,2
14.1055126,60.93017,-64.3782654,39.6217346,-5.03845358,9.08001,-110.121864,3.072918,97.45118,2
14.1610813,60.8557854,-64.36765,39.6323471,-4.963384,9.08001,-110.091881,3.072918,97.4405746,2
14.2143917,60.78692,-64.35782,39.64218,-4.893868,9.08001,-110.0641,3.072918,97.43074,2
14.2696705,60.72335,-64.34873,39.651268,-4.829686,9.08001,-110.03846,3.072918,97.4216461,2
14.32482,60.64548,-64.3375854,39.6624146,-4.75104856,9.08001,-110.007042,3.072918,97.41051,2
14.38254,60.5754623,-64.32755,39.6724472,-4.680321,9.08001,-109.978775,3.072918,97.40047,2
14.4396915,60.4985733,-64.31652,39.68348,-4.60264158,9.08001,-109.947739,3.072918,97.3894348,2
14.4941158,60.4452934,-64.30887,39.69113,-4.54879951,9.08001,-109.926224,3.072918,97.38178,2
14.5448818,60.3660622,-64.29748,39.7025261,-4.46872,9.08001,-109.894234,3.072918,97.37039,2
14.5952473,60.2996025,-64.2879,39.7120934,-4.401532,9.08001,-109.867386,3.072918,97.3608246,2
14.6529408,60.22665,-64.27739,39.72261,-4.327764,9.08001,-109.837906,3.072918,97.35031,2
14.7061138,60.1626472,-64.26816,39.7318459,-4.26303434,9.08001,-109.812042,3.072918,97.34107,2
14.75947,60.08557,-64.25702,39.7429771,-4.18506336,9.08001,-109.7809,3.072918,97.32994,2
14.8118114,60.0253372,-64.12098,39.87902,-4.12411928,9.08001,-109.756546,3.20024776,97.32123,2
14.8695087,59.9496956,-64.10041,39.89959,-4.047565,9.08001,-109.72596,3.20986366,97.31027,2
14.93342,59.8748055,-64.0895538,39.9104462,-3.9717586,9.08001,-109.695671,3.20986366,97.2994156,2
14.9845257,59.7966881,-64.07822,39.9217873,-3.892663,9.08001,-109.664078,3.20986366,97.28808,2
15.0354671,59.7309723,-64.0686646,39.9313354,-3.8261106,9.08001,-109.637482,3.20986366,97.27853,2
15.0953045,59.6645622,-64.059,39.9409981,-3.7588377,9.08001,-109.610611,3.20986366,97.26887,2
15.1465778,59.5884552,-64.04791,39.9520874,-3.681726,9.08001,-109.5798,3.20986366,97.2577744,2
15.1996632,59.5276756,-64.03905,39.96095,-3.620131,9.08001,-109.5552,3.20986366,97.24892,2
15.2554264,59.4504967,-64.02778,39.9722176,-3.5419,9.08001,-109.523949,3.20986366,97.23765,2
15.3162365,59.3776474,-64.01713,39.98287,-3.468041,9.08001,-109.494446,3.20986366,97.227,2
15.36688,59.3245926,-64.00937,39.9906349,-3.41423678,9.08001,-109.472946,3.20986366,97.21923,2
15.4234333,59.23979,-63.99694,40.00306,-3.32822442,9.08001,-109.438583,3.20986366,97.2068,2
15.48081,59.1624832,-63.9856,40.0144,-3.24978685,9.08001,-109.407249,3.20986366,97.1954651,2
15.540472,59.0894966,-63.9748764,40.0251236,-3.17571735,9.08001,-109.37767,3.20986366,97.18474,2
15.59646,59.01215,-63.9635,40.0365,-3.09720159,9.08001,-109.3463,3.20986366,97.17336,2
15.6473446,58.95073,-63.9544563,40.0455437,-3.03484178,9.08001,-109.321381,3.20986366,97.16432,2
15.6985722,58.88529,-63.94481,40.05519,-2.96838546,9.08001,-109.294823,3.20986366,97.15467,2
15.7563992,58.8133049,-63.934185,40.065815,-2.89526629,9.08001,-109.265617,3.20986366,97.14405,2
15.8088207,58.7486,-63.92462,40.07538,-2.82952642,9.08001,-109.239357,3.20986366,97.13448,2
15.866354,58.6707954,-63.9131126,40.0868874,-2.75045967,9.08001,-109.207764,3.20986366,97.12298,2
15.9229145,58.5970573,-63.9021873,40.0978127,-2.675506,9.08001,-109.177818,3.20986366,97.11205,2
15.9733944,58.5333328,-63.89274,40.10726,-2.610715,9.08001,-109.151932,3.20986366,97.1026,2
16.0373478,58.46057,-63.88193,40.11807,-2.53671718,9.08001,-109.122368,3.20986366,97.0918,2
16.09054,58.3852539,-63.8707352,40.1292648,-2.46010518,9.08001,-109.091751,3.20986366,97.0806,2
16.1507549,58.3192253,-63.86091,40.13909,-2.39292288,9.08001,-109.064911,3.20986366,97.07077,2
16.2021465,58.2387962,-63.84892,40.15108,-2.311066,9.08001,-109.0322,3.20986366,97.0587845,2
16.25308,58.1758041,-63.83952,40.16048,-2.24694014,9.08001,-109.006584,3.20986366,97.0493851,2
16.3031864,58.1152878,-63.83048,40.16952,-2.185322,9.08001,-108.981964,3.20986366,97.0403442,2
16.3617039,58.0383339,-63.81897,40.18103,-2.10695148,9.08001,-108.950645,3.20986366,97.02883,2
16.4199352,57.9633141,-63.8077354,40.1922646,-2.03052831,9.08001,-108.920105,3.20986366,97.0176,2
16.4795017,57.8897629,-63.7967072,40.2032928,-1.95557868,9.08001,-108.890167,3.20986366,97.00657,2
16.5316944,57.82702,-63.78729,40.21271,-1.89163,9.08001,-108.864616,3.20986366,96.9971542,2
16.5853367,57.7484245,-63.7754745,40.2245255,-1.81150532,9.08001,-108.832611,3.20986366,96.98534,2
16.63645,57.6847229,-63.76589,40.23411,-1.74654424,9.08001,-108.806664,3.20986366,96.97575,2
16.6873684,57.62379,-63.75671,40.24329,-1.68439686,9.08001,-108.781837,3.20986366,96.9665756,2
16.7451611,57.54931,-63.7454758,40.2545242,-1.60840917,9.08001,-108.751472,3.20986366,96.95534,2
16.8035488,57.47519,-63.73428,40.26572,-1.53276861,9.08001,-108.721252,3.20986366,96.9441452,2
16.857439,57.4107246,-63.7245331,40.2754669,-1.46696866,9.08001,-108.694969,3.20986366,96.9343948,2
16.913496,57.33556,-63.7131538,40.2868462,-1.39022243,9.08001,-108.664307,3.20986366,96.92302,2
16.97125,57.25944,-63.7016144,40.2983856,-1.31248355,9.08001,-108.633255,3.20986366,96.9114761,2
17.0233479,57.1983337,-63.69234,40.30766,-1.2500596,9.08001,-108.608322,3.20986366,96.90221,2
17.0805721,57.12233,-63.68079,40.31921,-1.1723994,9.08001,-108.577286,3.20986366,96.8906555,2
17.1312084,57.0570068,-63.6708527,40.3291473,-1.10563815,9.08001,-108.550606,3.20986366,96.8807144,2
17.1872616,56.983,-63.6595764,40.3404236,-1.02997947,9.08001,-108.520386,3.20986366,96.86944,2
17.2377033,56.9192238,-64.6921539,39.30785,-0.9647576,9.08001,-108.494339,2.16756248,96.85971,2
17.2936039,56.84862,-64.68137,39.31863,-0.892541945,9.08001,-108.465492,2.16756248,96.84893,2
17.3440037,56.78325,-64.67138,39.32862,-0.825659037,9.08001,-108.438774,2.16756248,96.83894,2
17.3950825,56.7187729,-64.66151,39.33849,-0.759675145,9.08001,-108.412407,2.16756248,96.82907,2
17.44605,56.65913,-64.645256,39.354744,-0.6986268,9.08001,-108.388016,2.174676,96.81993,2
17.5064,56.5820427,-64.63343,39.36657,-0.619697869,9.08001,-108.356483,2.174676,96.8081055,2
17.5626163,56.5066566,-64.62185,39.3781471,-0.542490363,9.08001,-108.325638,2.174676,96.796524,2
17.6131687,56.4425049,-64.6119843,39.3880157,-0.4767718,9.08001,-108.299377,2.174676,96.78666,2
17.665678,56.3778267,-64.60203,39.3979759,-0.4104976,9.08001,-108.272896,2.174676,96.7767,2
17.7223377,56.30563,-64.5909,39.4091034,-0.336497068,9.08001,-108.243332,2.174676,96.76557,2
17.7758732,56.24051,-64.58084,39.4191551,-0.26973322,9.08001,-108.21666,2.174676,96.75552,2
17.8273335,56.17766,-64.57113,39.4288673,-0.205283284,9.08001,-108.19091,2.174676,96.74581,2
17.8850689,56.10182,-64.5593948,39.4406,-0.127487674,9.08001,-108.159836,2.174676,96.73408,2
17.9443,56.02711,-64.54782,39.4521751,-0.0508294031,9.08001,-108.129211,2.174676,96.722496,2
18.0021915,55.95149,-64.5360947,39.46391,0.0267891213,9.08001,-108.0982,2.174676,96.71077,2
18.0602436,55.878933,-64.52482,39.4751778,0.101277441,9.08001,-108.068436,2.174676,96.6995,2
18.1104183,55.8165169,-64.5151138,39.4848862,0.165378049,9.08001,-108.042824,2.174676,96.68979,2
18.1696377,55.7428932,-64.50365,39.49635,0.241004989,9.08001,-108.012611,2.174676,96.67832,2
18.2275219,55.6696548,-64.49223,39.50777,0.316261649,9.08001,-107.982552,2.174676,96.66691,2
18.28211,55.59554,-64.48066,39.51934,0.392441064,9.08001,-107.952126,2.174676,96.6553345,2
18.335722,55.5283852,-64.47016,39.52984,0.461487323,9.08001,-107.924545,2.174676,96.64484,2
18.3954868,55.4634,-64.45999,39.5400124,0.528318,9.08001,-107.897842,2.174676,96.63467,2
18.4487171,55.3846436,-64.44765,39.5523529,0.6093376,9.08001,-107.865471,2.174676,96.62232,2
18.50733,55.316185,-64.4369049,39.5630951,0.6797855,9.08001,-107.837334,2.174676,96.61158,2
18.5623035,55.260788,-64.4282,39.5718,0.7368028,9.08001,-107.81456,2.174676,96.6028748,2
18.6176281,55.1699524,-64.41391,39.58609,0.8303305,9.08001,-107.7772,2.174676,96.5885849,2
18.6692257,55.1102676,-64.40451,39.59549,0.891802132,9.08001,-107.752647,2.174676,96.5791855,2
18.7194614,55.04465,-64.394165,39.60584,0.959398746,9.08001,-107.725639,2.174676,96.56884,2
18.770052,54.98504,-64.38475,39.61525,1.02082825,9.08001,-107.701096,2.174676,96.5594254,2
18.827383,54.90749,-64.37249,39.62751,1.10076308,9.08001,-107.669159,2.174676,96.5471649,2
18.8843479,54.84565,-64.3627,39.6373,1.164522,9.08001,-107.643677,2.174676,96.53738,2
18.93799,54.76643,-64.35015,39.6498528,1.24622917,9.08001,-107.611038,2.174676,96.524826,2
18.9926167,54.69599,-64.33897,39.66103,1.31890273,9.08001,-107.582008,2.174676,96.51364,2
19.0485668,54.63567,-64.3293839,39.6706161,1.38115489,9.08001,-107.557137,2.174676,96.50406,2
19.1044636,54.5604744,-64.31742,39.68258,1.45877743,9.08001,-107.526131,2.174676,96.4920959,2
19.161478,54.4853973,-64.30546,39.69454,1.53630447,9.08001,-107.495148,2.174676,96.48014,2
19.2125149,54.4228439,-64.29549,39.7045174,1.60091722,9.08001,-107.46933,2.174676,96.47016,2
19.2643681,54.36289,-64.28591,39.7140923,1.66286862,9.08001,-107.444588,2.174676,96.46059,2
19.3210278,54.2840652,-64.27331,39.7266922,1.74433208,9.08001,-107.412041,2.174676,96.44798,2
19.3712368,54.22328,-66.6984253,37.30157,1.80717313,9.08001,-107.386932,-0.2601776,96.43825,2
19.4242153,54.160202,-66.68832,37.31168,1.87240732,9.08001,-107.360878,-0.2601776,96.42814,2
19.4797611,54.0850258,-66.6762543,37.3237457,1.95017362,9.08001,-107.329811,-0.2601776,96.41608,2
19.5404682,54.0138435,-66.66482,37.335186,2.02383423,9.08001,-107.300377,-0.2601776,96.40464,2
19.5971622,53.93818,-66.65264,37.3473625,2.10215473,9.08001,-107.269089,-0.2601776,96.39246,2
19.6491985,53.8750839,-66.64247,37.35753,2.16748738,9.08001,-107.242973,-0.2601776,96.38229,2
19.7050571,53.8034477,-66.62708,37.3729172,2.24168563,9.08001,-107.213333,-0.256345749,96.3707352,2
19.7657146,53.7319527,-66.61553,37.3844681,2.315762,9.08001,-107.183731,-0.256345749,96.3591843,2
19.82176,53.6546326,-66.60303,37.3969727,2.3959012,9.08001,-107.151718,-0.256345749,96.34668,2
19.8821163,53.58421,-66.59161,37.4083824,2.46891713,9.08001,-107.122543,-0.256345749,96.33527,2
19.9328136,53.5178642,-66.58086,37.4191437,2.53772664,9.08001,-107.095047,-0.256345749,96.32451,2
19.9887867,53.44528,-66.56907,37.43093,2.613031,9.08001,-107.064964,-0.256345749,96.31272,2
20.0422649,53.381134,-66.55864,37.4413643,2.67959952,9.08001,-107.038368,-0.256345749,96.30229,2
20.098978,53.308815,-66.54686,37.45314,2.75468016,9.08001,-107.008377,-0.256345749,96.29051,2
20.1506252,53.2488022,-66.53708,37.46292,2.8169992,9.08001,-106.983482,-0.256345749,96.28073,2
20.2085972,53.1746521,-66.52497,37.4750252,2.89402628,9.08001,-106.952705,-0.256345749,96.26863,2
20.2673969,53.1020546,-66.51311,37.4868927,2.96946335,9.08001,-106.922577,-0.256345749,96.25676,2
20.317625,53.0329475,-66.50179,37.4982033,3.04130125,9.08001,-106.893883,-0.256345749,96.24545,2
20.3735142,52.9652519,-66.4907,37.5092964,3.11169267,9.08001,-106.865761,-0.256345749,96.23436,2
20.425478,52.90449,-66.48073,37.519268,3.17489457,9.08001,-106.840508,-0.256345749,96.22439,2
20.4839725,52.82894,-66.46832,37.53168,3.2535038,9.08001,-106.8091,-0.256345749,96.2119751,2
20.8354549,52.79529,-66.46278,37.5372162,3.288526,9.08001,-106.795105,-0.256345749,96.2064362,2
21.017889,52.379364,-66.39409,37.6059151,3.721888,9.08001,-106.621971,-0.256345749,96.13774,2
21.08077,52.11763,-66.35057,37.6494255,3.995055,9.08001,-106.51284,-0.256345749,96.09423,2
21.1469784,52.0305939,-66.33606,37.6639442,4.08597326,9.08001,-106.476517,-0.256345749,96.07971,2
21.2042027,51.92958,-66.3191757,37.6808243,4.19154024,9.08001,-106.434341,-0.256345749,96.06283,2
21.25522,51.86985,-66.30918,37.69082,4.2539916,9.08001,-106.409386,-0.256345749,96.05283,2
21.3053722,51.8033142,-66.2980347,37.70197,4.323578,9.08001,-106.381584,-0.256345749,96.04169,2
21.358408,51.74166,-71.10749,32.8925133,4.388081,9.08001,-106.35582,-5.076145,96.03134,2
21.4090672,51.6791039,-71.09698,32.90302,4.45355368,9.08001,-106.329666,-5.076145,96.0208359,2
21.4596653,51.6113319,-71.08558,32.9144173,4.524503,9.08001,-106.301323,-5.076145,96.00944,2
21.5172558,51.5411224,-71.07376,32.9262428,4.59803343,9.08001,-106.271942,-5.076145,95.99761,2
21.5772533,51.46955,-71.06169,32.9383125,4.673017,9.08001,-106.241982,-5.076145,95.98554,2
21.63418,51.3959236,-71.0492554,32.9507446,4.7501893,9.08001,-106.211151,-5.076145,95.97311,2
21.68868,51.3327446,-71.0374756,32.96253,4.81642866,9.08001,-106.184685,-5.07504845,95.9624252,2
21.7491856,51.25704,-71.02465,32.9753456,4.89583445,9.08001,-106.152962,-5.07504845,95.94961,2
21.8021641,51.1852226,-71.0124741,32.9875259,4.971189,9.08001,-106.122856,-5.07504845,95.93742,2
21.8524227,51.135025,-71.00395,32.996048,5.02387762,9.08001,-106.101807,-5.07504845,95.9289,2
21.90647,51.06033,-70.99126,33.0087433,5.10231066,9.08001,-106.07048,-5.07504845,95.91621,2
21.9662189,50.9900436,-70.9792938,33.02071,5.176138,9.08001,-106.040993,-5.07504845,95.90424,2
22.0244732,50.9151154,-70.9665146,33.03348,5.25487566,9.08001,-106.009537,-5.07504845,95.89147,2
22.074892,50.8538971,-70.95607,33.04393,5.319228,9.08001,-105.983826,-5.07504845,95.88102,2
22.1326466,50.7807579,-70.9435654,33.05643,5.39613962,9.08001,-105.9531,-5.07504845,95.86852,2
22.1898518,50.708046,-70.93112,33.06888,5.472638,9.08001,-105.922539,-5.07504845,95.85607,2
22.2492847,50.6373863,-70.91901,33.08099,5.547005,9.08001,-105.89283,-5.07504845,95.84396,2
22.3073826,50.56673,-70.90688,33.09312,5.62139654,9.08001,-105.863106,-5.07504845,95.83183,2
22.3637753,50.49178,-70.894,33.1060028,5.700341,9.08001,-105.831573,-5.07504845,95.81895,2
22.4154987,50.427578,-70.88295,33.117054,5.76799154,9.08001,-105.80455,-5.07504845,95.8079,2
22.4759159,50.35872,-70.87108,33.12892,5.840579,9.08001,-105.775558,-5.07504845,95.79603,2
22.53018,50.2871246,-70.85872,33.14128,5.916081,9.08001,-105.745392,-5.07504845,95.78367,2
22.585474,50.22457,-70.84791,33.152092,5.982072,9.08001,-105.719032,-5.07504845,95.77286,2
22.6426983,50.14931,-70.8348846,33.1651154,6.06150055,9.08001,-105.687294,-5.07504845,95.7598343,2
22.7011623,50.0786133,-70.82263,33.177372,6.136145,9.08001,-105.657478,-5.07504845,95.74758,2
22.75178,50.0158577,-70.81174,33.1882629,6.202431,9.08001,-105.631,-5.07504845,95.73669,2
22.8056316,49.9529648,-70.80081,33.199192,6.268885,9.08001,-105.604454,-5.07504845,95.72576,2
22.85724,49.89055,-70.78995,33.2100525,6.33486176,9.08001,-105.5781,-5.07504845,95.7149,2
22.91445,49.8163033,-70.7770157,33.22299,6.41337252,9.08001,-105.546738,-5.07504845,95.7019653,2
22.9645443,49.7562561,-70.76654,33.2334633,6.476893,9.08001,-105.521355,-5.07504845,95.69149,2
23.0162182,49.6902924,-70.75501,33.2449837,6.546702,9.08001,-105.493469,-5.07504845,95.67997,2
23.07504,49.62005,-70.74273,33.2572746,6.62107038,9.08001,-105.463753,-5.07504845,95.66768,2
23.1370983,49.5505,-70.730545,33.269455,6.69473457,9.08001,-105.434319,-5.07504845,95.6554947,2
23.1933575,49.4764,-83.02903,20.9709721,6.773252,9.08001,-105.402954,-17.3865318,95.6424942,2
23.2486744,49.40528,-83.01653,20.9834652,6.848642,9.08001,-105.372833,-17.3865318,95.6300049,2
23.3022938,49.3385658,-83.0048,20.995203,6.919397,9.08001,-105.344574,-17.3865318,95.61826,2
23.3561382,49.27477,-82.99356,21.0064411,6.987083,9.08001,-105.317535,-17.3865318,95.6070251,2
23.4074,49.20996,-82.9821243,21.0178719,7.055869,9.08001,-105.290054,-17.3865318,95.5956,2
23.45786,49.1489754,-82.97136,21.0286446,7.1206274,9.08001,-105.264191,-17.3865318,95.58482,2
23.5080471,49.0860672,-82.96017,21.0398331,7.18744755,9.08001,-105.237488,-17.386467,95.5737,2
23.55979,49.0257568,-82.9494858,21.0505123,7.251538,9.08001,-105.211884,-17.386467,95.56302,2
23.610033,48.9657745,-82.93886,21.0611458,7.3153,9.08001,-105.186409,-17.386467,95.55239,2
23.6610126,48.89832,-82.92688,21.07312,7.387038,9.08001,-105.157761,-17.386467,95.54041,2
23.7130833,48.8364868,-82.91589,21.08411,7.452821,9.08001,-105.131485,-17.386467,95.52943,2
23.763113,48.7750473,-82.90495,21.0950432,7.518212,9.08001,-105.105362,-17.386467,95.518486,2
23.8211842,48.7144928,-82.894165,21.105835,7.582688,9.08001,-105.079605,-17.386467,95.5077,2
23.8723431,48.6412468,-82.8810959,21.1189041,7.66070938,9.08001,-105.048431,-17.386467,95.49463,2
23.9236927,48.57649,-82.86952,21.130476,7.72971964,9.08001,-105.020859,-17.386467,95.4830551,2
23.9743977,48.515377,-82.85859,21.1414089,7.79487467,9.08001,-104.994835,-17.386467,95.47212,2
24.0290089,48.4535522,-82.84751,21.1524849,7.860812,9.08001,-104.968491,-17.386467,95.4610443,2
24.0804729,48.391,-82.8362961,21.1637058,7.927556,9.08001,-104.941818,-17.386467,95.44983,2
24.1311245,48.3301,-82.8253555,21.1746445,7.99255943,9.08001,-104.915848,-17.386467,95.43889,2
24.1819973,48.2656441,-82.81377,21.1862354,8.061391,9.08001,-104.888351,-17.386467,95.4273,2
24.2344074,48.1995163,-82.80186,21.1981449,8.132039,9.08001,-104.86013,-17.386467,95.41539,2
24.2866535,48.13843,-82.79084,21.20916,8.197328,9.08001,-104.834045,-17.386467,95.40437,2
24.3374538,48.07537,-82.77946,21.2205448,8.264752,9.08001,-104.807106,-17.386467,95.39299,2
24.3922787,48.0079727,-82.76727,21.23273,8.336849,9.08001,-104.778305,-17.386467,95.380806,2
24.4503918,47.94747,-82.75632,21.2436829,8.401598,9.08001,-104.752449,-17.386467,95.36985,2
24.5037136,47.873127,-82.742836,21.2571621,8.481197,9.08001,-104.72065,-17.386467,95.35637,2
24.5608,47.8034668,-82.73019,21.26981,8.555818,9.08001,-104.690834,-17.386467,95.34372,2
24.6118526,47.7456741,-82.71968,21.2803173,8.617756,9.08001,-104.666084,-17.386467,95.33321,2
24.6632175,47.67821,-82.7074051,21.2925987,8.690083,9.08001,-104.637192,-17.386467,95.32094,2
24.71581,47.61488,-82.6958542,21.3041439,8.758016,9.08001,-104.610054,-17.386467,95.30939,2
24.7666569,47.5562668,-82.68516,21.3148422,8.820916,9.08001,-104.584923,-17.386467,95.29869,2
24.8209629,47.4925957,-82.67352,21.326479,8.889269,9.08001,-104.557617,-17.386467,95.287056,2
24.8755627,47.42207,-76.3921356,27.6078663,8.965018,9.08001,-104.527351,-11.1179886,95.27415,2
24.9262371,47.35983,-76.38073,27.6192741,9.031902,9.08001,-104.500626,-11.1179886,95.26274,2
24.9778767,47.299942,-76.3697357,27.6302643,9.096286,9.08001,-104.4749,-11.1179886,95.25175,2
25.0284824,47.237484,-76.35826,27.64174,9.163462,9.08001,-104.448067,-11.1179886,95.24027,2
25.0788326,47.1783752,-76.34738,27.6526165,9.227059,9.08001,-104.422646,-11.1179886,95.22939,2
25.138113,47.1088943,-76.33433,27.6656742,9.301856,9.08001,-104.392761,-11.117733,95.21659,2
25.3012028,47.0765877,-76.32837,27.6716328,9.33665,9.08001,-104.37886,-11.117733,95.21063,2
25.3575039,46.8392029,-76.2844543,27.7155418,9.59254551,9.08001,-104.276627,-11.117733,95.1667252,2
25.4088383,46.7761078,-76.27275,27.7272511,9.660636,9.08001,-104.24942,-11.117733,95.155014,2
25.464529,46.7108421,-76.26062,27.739378,9.731105,9.08001,-104.22126,-11.117733,95.14289,2
25.5161343,46.6486549,-76.249054,27.75095,9.798281,9.08001,-104.194427,-11.117733,95.13132,2
25.5731754,46.5819664,-76.2366257,27.7633762,9.870354,9.08001,-104.165642,-11.117733,95.11889,2
25.62885,46.51291,-76.22374,27.7762623,9.945025,9.08001,-104.1358,-11.117733,95.106,2
25.68273,46.45096,-76.21216,27.787838,10.01205,9.08001,-104.109032,-11.117733,95.09443,2
25.7495022,46.38076,-76.19903,27.8009739,10.0880289,9.08001,-104.078674,-11.117733,95.08129,2
25.80202,46.309124,-76.1856,27.8144016,10.1656141,9.08001,-104.047684,-11.117733,95.06786,2
25.8613873,46.2379951,-76.17225,27.8277531,10.24269,9.08001,-104.0169,-11.117733,95.05451,2
25.91876,46.1667938,-76.15886,27.8411369,10.3198872,9.08001,-103.986069,-11.117733,95.04113,2
25.9766216,46.09852,-76.14601,27.8539925,10.39395,9.08001,-103.956474,-11.117733,95.0282745,2
26.0271816,46.0400543,-76.13499,27.865015,10.457406,9.08001,-103.931122,-11.117733,95.01725,2
26.0840931,45.96803,-76.12138,27.8786144,10.5356159,9.08001,-103.899879,-11.117733,95.0036545,2
26.1341381,45.9059219,-76.10964,27.890358,10.6030951,9.08001,-103.872917,-11.117733,94.99191,2
26.1852055,45.84969,-76.099,27.9010029,10.6642218,9.08001,-103.848495,-11.117733,94.98126,2
26.24211,45.77829,-76.08546,27.9145412,10.7418747,9.08001,-103.817474,-11.117733,94.96773,2
26.29426,45.72034,-76.0744553,27.9255428,10.8049316,9.08001,-103.792274,-11.117733,94.9567261,2
26.3477039,45.6605759,-76.0630951,27.9369049,10.8699961,9.08001,-103.766273,-11.117733,94.9453659,2
26.4024525,45.588707,-69.43555,34.5644531,10.9482784,9.08001,-103.735008,-4.50386429,94.93168,2
26.46779,45.52097,-69.42263,34.57737,11.0221071,9.08001,-103.705521,-4.50386429,94.91876,2
26.5197086,45.44569,-69.40826,34.5917473,11.1042,9.08001,-103.672714,-4.50386429,94.90439,2
26.5777912,45.38014,-69.39571,34.6042862,11.1757307,9.08001,-103.644142,-4.50386429,94.89185,2
26.6357174,45.312748,-69.38182,34.6181755,11.2493048,9.08001,-103.614754,-4.50288,94.8789444,2
26.6905727,45.24279,-69.3684,34.6315956,11.3257275,9.08001,-103.584229,-4.50288,94.8655243,2
26.745821,45.17767,-69.35589,34.6441078,11.3969069,9.08001,-103.555786,-4.50288,94.85301,2
26.7972965,45.1206131,-69.34492,34.6550865,11.4593058,9.08001,-103.530861,-4.50288,94.84203,2
26.8555889,45.05174,-69.33165,34.668354,11.5346689,9.08001,-103.500755,-4.50288,94.8287659,2
26.90608,44.99085,-69.3199,34.6801,11.6013336,9.08001,-103.474121,-4.50288,94.81702,2
26.9632549,44.91989,-69.30619,34.69381,11.6790619,9.08001,-103.443069,-4.50288,94.80331,2
27.01423,44.8601151,-69.2946243,34.7053757,11.7445831,9.08001,-103.416893,-4.50288,94.79174,2
27.06455,44.80354,-69.28366,34.71634,11.8066254,9.08001,-103.392105,-4.50288,94.7807846,2
27.1211262,44.73244,-69.26987,34.7301331,11.8846407,9.08001,-103.360931,-4.50288,94.76699,2
27.1723957,44.6749229,-69.25869,34.74131,11.9477882,9.08001,-103.335709,-4.50288,94.75581,2
27.2306,44.60689,-69.24545,34.7545471,12.0225191,9.08001,-103.305855,-4.50288,94.74258,2
27.284502,44.5476952,-69.23392,34.76608,12.0875826,9.08001,-103.279861,-4.50288,94.73104,2
27.3385639,44.4736252,-69.21947,34.7805328,12.1690445,9.08001,-103.247322,-4.50288,94.71658,2
27.390173,44.413414,-69.207695,34.7923,12.2353029,9.08001,-103.220856,-4.50288,94.70482,2
27.4416637,44.3603134,-69.19731,34.8026924,12.2937679,9.08001,-103.197495,-4.50288,94.69443,2
27.4974117,44.28942,-69.18342,34.8165855,12.3718662,9.08001,-103.1663,-4.50288,94.6805344,2
27.555563,44.2204666,-69.16988,34.83012,12.44788,9.08001,-103.135933,-4.50288,94.667,2
27.61468,44.15355,-69.15673,34.8432732,12.5216923,9.08001,-103.106453,-4.50288,94.65385,2
27.6722775,44.08323,-69.14288,34.8571167,12.5993109,9.08001,-103.075439,-4.50288,94.64,2
27.7305355,44.015583,-69.12955,34.8704567,12.6740227,9.08001,-103.045593,-4.50288,94.62666,2
27.78108,43.9573441,-69.11804,34.8819542,12.7383862,9.08001,-103.019875,-4.50288,94.6151657,2
27.83706,43.8865852,-69.10405,34.89595,12.81663,9.08001,-102.988617,-4.50288,94.60117,2
27.8885441,43.8278236,-66.6176147,37.38238,12.88165,9.08001,-102.962639,-2.0280838,94.58953,2
27.9406223,43.7700577,-66.60616,37.393837,12.9456024,9.08001,-102.937088,-2.0280838,94.57808,2
27.9990864,43.699192,-66.5903549,37.40964,13.0241089,9.08001,-102.905724,-2.02635384,94.564,2
28.0551472,43.6310463,-66.5768051,37.4232,13.0996485,9.08001,-102.875549,-2.02635384,94.5504456,2
28.1088543,43.57448,-66.56553,37.4344673,13.1623983,9.08001,-102.850479,-2.02635384,94.53918,2
28.16533,43.5043831,-66.55155,37.448452,13.2401953,9.08001,-102.8194,-2.02635384,94.52519,2
28.2157841,43.4430122,-66.53929,37.4607124,13.3083553,9.08001,-102.792175,-2.02635384,94.51293,2
28.2665272,43.3898,-66.52864,37.47136,13.3674889,9.08001,-102.768555,-2.02635384,94.50229,2
28.3250332,43.32139,-66.51494,37.4850655,13.4435587,9.08001,-102.738152,-2.02635384,94.48858,2
28.3844776,43.25234,-66.50108,37.49892,13.5203915,9.08001,-102.707466,-2.02635384,94.4747238,2
28.4410229,43.18167,-66.48688,37.5131226,13.5990753,9.08001,-102.676033,-2.02635384,94.4605255,2
28.49909,43.1141052,-66.4732742,37.526722,13.6743631,9.08001,-102.64595,-2.02635384,94.44692,2
28.558073,43.04765,-66.45988,37.540123,13.7484627,9.08001,-102.616341,-2.02635384,94.4335251,2
28.615572,42.98039,-66.4463,37.5537033,13.8235149,9.08001,-102.586349,-2.02635384,94.4199448,2
28.6746655,42.91164,-66.43239,37.5676079,13.900279,9.08001,-102.555679,-2.02635384,94.40604,2
28.73369,42.8454361,-66.41898,37.58102,13.9742508,9.08001,-102.526123,-2.02635384,94.3926239,2
28.7905254,42.7765121,-66.405,37.595005,14.051322,9.08001,-102.495331,-2.02635384,94.37864,2
28.8481121,42.70906,-66.39129,37.60871,14.1267948,9.08001,-102.465179,-2.02635384,94.36494,2
28.89998,42.6492653,-66.37912,37.62088,14.1937485,9.08001,-102.438431,-2.02635384,94.35277,2
28.95461,42.58154,-66.36532,37.6346855,14.2696381,9.08001,-102.408112,-2.02635384,94.33896,2
29.0089779,42.52589,-66.35396,37.64604,14.3320322,9.08001,-102.383186,-2.02635384,94.32761,2
29.0662746,42.4557533,-66.33962,37.66038,14.4107256,9.08001,-102.351738,-2.02635384,94.31326,2
29.1235828,42.3885,-66.32585,37.67415,14.4862356,9.08001,-102.321579,-2.02635384,94.2995,2
29.1823139,42.321125,-66.3120346,37.6879654,14.5619411,9.08001,-102.291328,-2.02635384,94.28568,2
29.2331257,42.26319,-65.59194,38.40806,14.6270866,9.08001,-102.2653,-1.318161,94.27378,2
29.2908764,42.1951332,-65.5760956,38.42391,14.7036638,9.08001,-102.2347,-1.31631088,94.25978,2
29.344408,42.13229,-65.56315,38.43685,14.7744293,9.08001,-102.206429,-1.31631088,94.24683,2
29.3959675,42.07325,-65.5509644,38.44903,14.8409519,9.08001,-102.179848,-1.31631088,94.23466,2
29.4462833,42.0170822,-65.53937,38.4606361,14.9042826,9.08001,-102.154541,-1.31631088,94.22305,2
29.5063534,41.9700127,-65.5296249,38.47037,14.9573889,9.08001,-102.133324,-1.31631088,94.21332,2
29.5569363,41.8860626,-65.51224,38.4877625,15.0521688,9.08001,-102.095459,-1.31631088,94.19592,2
29.6084957,41.8256226,-65.4996948,38.5003052,15.1204653,9.08001,-102.068176,-1.31631088,94.18338,2
29.66744,41.76199,-65.48647,38.51353,15.1924162,9.08001,-102.039429,-1.31631088,94.17016,2
29.727293,41.6966553,-65.47287,38.52713,15.2663517,9.08001,-102.00988,-1.31631088,94.15656,2
29.7834644,41.62775,-65.4585,38.5414963,15.3443842,9.08001,-101.9787,-1.31631088,94.1422,2
29.8421383,41.5620575,-65.4447861,38.5552139,15.41884,9.08001,-101.948952,-1.31631088,94.12848,2
29.8921757,41.5032349,-65.43249,38.5675163,15.4855566,9.08001,-101.922295,-1.31631088,94.11617,2
29.9481983,41.4365654,-65.41852,38.58148,15.5612335,9.08001,-101.892052,-1.31631088,94.10221,2
30.0015316,41.3754578,-65.4057,38.5943,15.6306477,9.08001,-101.864319,-1.31631088,94.08939,2
30.0572224,41.31269,-65.39252,38.6074829,15.7020006,9.08001,-101.835808,-1.31631088,94.0762,2
30.1093121,41.2652664,-65.38254,38.6174622,15.7559481,9.08001,-101.814247,-1.31631088,94.06623,2
30.161665,41.1963272,-65.36802,38.6319847,15.8344259,9.08001,-101.78289,-1.31631088,94.0517044,2
30.2170315,41.1293449,-65.35388,38.64612,15.9107361,9.08001,-101.752396,-1.31631088,94.0375748,2
30.2701664,41.0695572,-65.34125,38.6587524,15.9789076,9.08001,-101.725159,-1.31631088,94.02493,2
30.3285427,41.0074348,-65.3280945,38.6719,16.04979,9.08001,-101.696838,-1.31631088,94.01179,2
30.3876629,40.9412422,-65.314064,38.6859322,16.12538,9.08001,-101.666641,-1.31631088,93.99776,2
30.4425716,40.8721733,-65.29786,38.70214,16.2043171,9.08001,-101.635109,-1.31476784,93.98309,2
30.4939213,40.81445,-65.7846451,38.2153549,16.2703457,9.08001,-101.608727,-1.81382942,93.97082,2
30.544199,40.75767,-65.77255,38.2274475,16.3353367,9.08001,-101.582764,-1.81382942,93.958725,2
30.60354,40.693882,-65.75895,38.2410545,16.408411,9.08001,-101.553574,-1.81382942,93.9451141,2
30.6614628,40.6286621,-65.74502,38.2549858,16.4831848,9.08001,-101.523705,-1.81382942,93.93118,2
30.7179623,40.5605469,-65.73044,38.269558,16.561348,9.08001,-101.49247,-1.81382942,93.91661,2
30.7682438,40.5038948,-65.7183,38.2817,16.6264076,9.08001,-101.466469,-1.81382942,93.90447,2
30.81917,40.4468651,-65.70606,38.2939377,16.69195,9.08001,-101.440285,-1.81382942,93.8922348,2
30.8701611,40.3885231,-65.69353,38.3064766,16.7590523,9.08001,-101.413483,-1.81382942,93.87969,2
30.9221058,40.33428,-65.68185,38.31815,16.82149,9.08001,-101.38855,-1.81382942,93.86802,2
30.9723034,40.2779846,-65.6697159,38.33028,16.88633,9.08001,-101.362648,-1.81382942,93.85589,2
31.03087,40.2106247,-65.65518,38.34482,16.9639835,9.08001,-101.331619,-1.81382942,93.8413544,2
31.088541,40.1466522,-65.64135,38.35865,17.0378,9.08001,-101.302124,-1.81382942,93.82752,2
31.1487675,40.0808334,-65.6271,38.3729019,17.1138115,9.08001,-101.271751,-1.81382942,93.81327,2
31.2020779,40.0136223,-65.6125259,38.3874779,17.1914978,9.08001,-101.240715,-1.81382942,93.79869,2
31.2536678,39.95514,-65.5998154,38.40018,17.25916,9.08001,-101.213684,-1.81382942,93.78599,2
31.3045788,39.90237,-65.58834,38.4116631,17.3202515,9.08001,-101.189285,-1.81382942,93.7745056,2
31.36117,39.83565,-65.5738,38.4261971,17.3975658,9.08001,-101.1584,-1.81382942,93.75997,2
31.42045,39.77299,-65.56013,38.43987,17.4702377,9.08001,-101.129372,-1.81382942,93.7463,2
31.4709,39.7134666,-65.54576,38.45424,17.5393333,9.08001,-101.101768,-1.81247139,93.73329,2
31.5304012,39.6508141,-65.53205,38.4679527,17.6121254,9.08001,-101.072678,-1.81247139,93.719574,2
31.58998,39.5841942,-65.51744,38.4825554,17.6895962,9.08001,-101.041725,-1.81247139,93.70497,2
31.64781,39.51907,-65.50314,38.49686,17.7654018,9.08001,-101.011436,-1.81247139,93.69067,2
31.6979885,39.461216,-67.0984344,36.90157,17.8328018,9.08001,-100.984512,-3.42048645,93.67795,2
31.7482815,39.40605,-67.08628,36.91372,17.8971252,9.08001,-100.958817,-3.42048645,93.6657944,2
31.7989864,39.34591,-67.07301,36.9269867,17.967308,9.08001,-100.930779,-3.42048645,93.65253,2
31.8540134,39.2851524,-67.05959,36.94041,18.0382729,9.08001,-100.902435,-3.42048645,93.63911,2
31.904562,39.22865,-67.04709,36.95291,18.1043282,9.08001,-100.876045,-3.42048645,93.6266,2
31.9559,39.1732979,-67.03483,36.9651756,18.1690884,9.08001,-100.850174,-3.42048645,93.61434,2
32.015358,39.1094437,-67.02065,36.9793472,18.243866,9.08001,-100.8203,-3.42048645,93.60017,2
32.071,39.0443649,-67.00619,36.9938126,18.3201542,9.08001,-100.78981,-3.42048645,93.5857,2
32.1209946,38.98777,-66.99359,37.00641,18.3865547,9.08001,-100.763283,-3.42048645,93.5731049,2
32.173027,38.9351768,-66.9818649,37.0181351,18.4483147,9.08001,-100.7386,-3.42048645,93.56138,2
32.2310333,38.869175,-66.9671249,37.03287,18.52589,9.08001,-100.7076,-3.42048645,93.54664,2
32.2810364,38.8125458,-66.95447,37.045536,18.59251,9.08001,-100.680984,-3.42048645,93.53398,2
32.3336029,38.7581444,-66.94228,37.05772,18.6565666,9.08001,-100.655396,-3.42048645,93.5218,2
32.3940735,38.69366,-66.92782,37.07218,18.73257,9.08001,-100.625031,-3.42048645,93.50733,2
32.45079,38.6270561,-66.91286,37.0871468,18.81115,9.08001,-100.593636,-3.42048645,93.49237,2
32.50184,38.57102,-66.89947,37.1005325,18.87733,9.08001,-100.567192,-3.419712,93.47976,2
32.5585022,38.507782,-66.8852158,37.1147842,18.9520817,9.08001,-100.537323,-3.419712,93.46551,2
32.6095428,38.4519348,-66.87261,37.127388,19.01816,9.08001,-100.510925,-3.419712,93.4528961,2
32.66024,38.39865,-66.8605652,37.1394348,19.0812626,9.08001,-100.4857,-3.419712,93.44086,2
32.7166443,38.3332,-66.84575,37.15425,19.1588535,9.08001,-100.454704,-3.419712,93.42603,2
32.7772141,38.2717056,-66.8318,37.1681976,19.2318249,9.08001,-100.425552,-3.419712,93.4120941,2
32.83338,38.2047653,-69.6848145,34.3151855,19.311348,9.08001,-100.393784,-6.28792953,93.39689,2
32.8840027,38.15008,-69.67237,34.3276253,19.3763752,9.08001,-100.3678,-6.28792953,93.3844452,2
32.93419,38.0950928,-69.65984,34.3401527,19.4418259,9.08001,-100.341644,-6.28792953,93.37192,2
32.9842453,38.0433846,-69.64805,34.35195,19.5034275,9.08001,-100.317032,-6.28792953,93.3601151,2
33.04032,37.97827,-69.63317,34.3668327,19.5810757,9.08001,-100.286,-6.28792953,93.34524,2
33.0921478,37.92394,-69.6207352,34.3792648,19.6459332,9.08001,-100.260094,-6.28792953,93.3328,2
33.1532,37.8624649,-69.60664,34.3933563,19.7193871,9.08001,-100.230751,-6.28792953,93.31871,2
33.2089539,37.79686,-69.5915756,34.40842,19.7978668,9.08001,-100.199394,-6.28792953,93.30365,2
33.26052,37.7444649,-69.57953,34.42047,19.86061,9.08001,-100.174339,-6.28792953,93.2916,2
33.31141,37.6898956,-69.56696,34.4330368,19.926012,9.08001,-100.148216,-6.28792953,93.27904,2
33.3670044,37.62405,-69.55177,34.4482231,20.00502,9.08001,-100.116653,-6.28792953,93.26385,2
33.4195023,37.5726433,-69.5395355,34.46046,20.0667667,9.08001,-100.09198,-6.287569,93.25197,2
33.47294,37.5101242,-69.52508,34.474926,20.1419353,9.08001,-100.061951,-6.287569,93.2375,2
33.52549,37.45401,-69.51207,34.48793,20.2094784,9.08001,-100.034966,-6.287569,93.2245,2
33.5771332,37.4024048,-69.50009,34.4999046,20.2716541,9.08001,-100.010124,-6.287569,93.2125244,2
33.6341858,37.3397675,-69.4855347,34.5144653,20.3472,9.08001,-99.97995,-6.287569,93.19797,2
33.6899643,37.27448,-69.47034,34.5296631,20.4260387,9.08001,-99.9484558,-6.287569,93.18277,2
33.74205,37.2199173,-69.45761,34.54239,20.491993,9.08001,-99.92212,-6.287569,93.1700439,2
33.79306,37.1687851,-69.44567,34.55433,20.55387,9.08001,-99.89739,-6.287569,93.1581039,2
33.85092,37.1053963,-69.43085,34.5691528,20.6306534,9.08001,-99.86671,-6.287569,93.14328,2
33.9015961,37.0534821,-73.9376755,30.0623283,20.6936131,9.08001,-99.8415451,-10.8065567,93.13112,2
33.95623,36.989933,-73.92276,30.0772381,20.7707615,9.08001,-99.81073,-10.8065567,93.1162,2
34.00843,36.9332848,-73.9094543,30.09055,20.8396111,9.08001,-99.783226,-10.8065567,93.1029,2
34.0588837,36.88349,-73.8977356,30.1022682,20.9001942,9.08001,-99.7590256,-10.8065567,93.09118,2
34.11846,36.8209534,-73.8829956,30.1170082,20.976366,9.08001,-99.7286,-10.8065567,93.07644,2
34.1732025,36.7575264,-73.86802,30.1319828,21.0537167,9.08001,-99.6977,-10.8065567,93.06146,2
34.22818,36.70535,-73.85568,30.1443214,21.1174183,9.08001,-99.67226,-10.8065567,93.0491257,2
34.2837067,36.639122,-73.8398743,30.16013,21.1983719,9.08001,-99.6399155,-10.8064346,93.03344,2
34.34339,36.58185,-73.82629,30.1737175,21.2684669,9.08001,-99.61191,-10.8064346,93.01985,2
34.3980026,36.5196648,-73.81151,30.1884937,21.3446636,9.08001,-99.58147,-10.8064346,93.00507,2
34.4505463,36.46357,-73.79816,30.2018471,21.4134827,9.08001,-99.55398,-10.8064346,92.99172,2
34.50125,36.4138641,-73.78631,30.2136955,21.4745274,9.08001,-99.5295944,-10.8064346,92.97987,2
34.5570679,36.35006,-73.77107,30.2289276,21.5529842,9.08001,-99.4982452,-10.8064346,92.96464,2
34.60901,36.2966461,-73.7583,30.2417011,21.61874,9.08001,-99.47197,-10.8064346,92.9518661,2
34.6598663,36.2440033,-73.7457,30.2543068,21.6836166,9.08001,-99.44605,-10.8064346,92.93926,2
34.711,36.1935043,-73.73358,30.2664165,21.7459221,9.08001,-99.4211655,-10.8064346,92.92715,2
34.7612,36.1413879,-73.72107,30.2789326,21.8102951,9.08001,-99.39544,-10.8064346,92.9146347,2
34.81806,36.0791054,-73.7060852,30.2939148,21.8873177,9.08001,-99.36466,-10.8064346,92.89965,2
34.87552,36.0164528,-73.69099,30.3090115,21.9649,9.08001,-99.33367,-10.8064346,92.88455,2
34.9343643,35.95653,-78.32624,25.6737633,22.0392,9.08001,-99.3039856,-15.4561462,92.8700943,2
34.99424,35.896946,-78.31183,25.68817,22.11318,9.08001,-99.27443,-15.4561462,92.85568,2
35.04886,35.8331337,-78.29638,25.7036228,22.1925125,9.08001,-99.24275,-15.4561462,92.84023,2
35.1008835,35.7830734,-78.2842,25.7157955,22.2548275,9.08001,-99.21786,-15.4561157,92.82809,2
35.152,35.73104,-78.27156,25.7284355,22.3196754,9.08001,-99.19194,-15.4561157,92.8154449,2
35.2083664,35.66721,-78.2560349,25.7439671,22.39933,9.08001,-99.16012,-15.4561157,92.79992,2
35.2583923,35.6159325,-78.24354,25.7564621,22.4634018,9.08001,-99.13452,-15.4561157,92.78742,2
35.3161163,35.556736,-78.22909,25.77091,22.5374565,9.08001,-99.10494,-15.4561157,92.77297,2
35.3674,35.5023232,-78.21579,25.784214,22.6056232,9.08001,-99.07771,-15.4561157,92.7596741,2
35.4283752,35.4439468,-78.20149,25.7985077,22.6788464,9.08001,-99.04846,-15.4561157,92.74538,2
35.48436,35.3835754,-78.18668,25.8133144,22.7546787,9.08001,-99.01816,-15.4561157,92.73057,2
35.5370178,35.331295,-78.17384,25.8261585,22.8204365,9.08001,-98.99188,-15.4561157,92.71773,2
35.59494,35.2709236,-78.15899,25.841013,22.89647,9.08001,-98.96151,-15.4561157,92.70287,2
35.64753,35.217247,-78.14576,25.85424,22.96416,9.08001,-98.93446,-15.4561157,92.6896439,2
35.7044754,35.157856,-78.1310959,25.8689022,23.0391655,9.08001,-98.9045,-15.4561157,92.67498,2
35.75508,35.1045456,-78.11792,25.882082,23.1065769,9.08001,-98.87758,-15.4561157,92.6618042,2
35.8110123,35.04384,-78.10288,25.8971157,23.1834545,9.08001,-98.84686,-15.4561157,92.64677,2
35.866806,34.9898,-78.08945,25.9105511,23.2519855,9.08001,-98.81948,-15.4560852,92.63336,2
35.9181137,34.93592,-75.55614,28.4438648,23.3204021,9.08001,-98.7921448,-12.9361553,92.61998,2
35.97637,34.8788338,-75.54193,28.45807,23.3929977,9.08001,-98.76313,-12.9361553,92.6057739,2
36.0273438,34.82688,-75.5289841,28.4710178,23.4591465,9.08001,-98.73671,-12.9361553,92.59283,2
36.08481,34.7670479,-75.5140457,28.4859543,23.5354462,9.08001,-98.70623,-12.9361553,92.57789,2
36.1351,34.71704,-75.50154,28.498455,23.5992985,9.08001,-98.6807251,-12.9361553,92.56539,2
36.1971741,34.66544,-75.4886246,28.5113754,23.66528,9.08001,-98.6543655,-12.9361553,92.55247,2
36.2507,34.5972443,-75.47152,28.5284786,23.7526073,9.08001,-98.61948,-12.9361553,92.53536,2
36.3117752,34.5387764,-75.45683,28.54317,23.8276062,9.08001,-98.5895157,-12.9361553,92.5206757,2
36.36657,34.4779358,-75.44151,28.558485,23.90577,9.08001,-98.55829,-12.9361553,92.50536,2
36.41809,34.42751,-75.4288,28.5711975,23.97065,9.08001,-98.53237,-12.9361553,92.4926453,2
36.474205,34.3709526,-75.41452,28.5854778,24.0435219,9.08001,-98.5032654,-12.9361553,92.47836,2
36.52668,34.3177643,-75.40107,28.59893,24.112154,9.08001,-98.4758453,-12.9361553,92.46491,2
36.5771332,34.2701454,-75.38897,28.61103,24.1736851,9.08001,-98.45126,-12.9361153,92.45286,2
36.6340637,34.2096024,-75.37361,28.6263885,24.2520332,9.08001,-98.41996,-12.9361153,92.43749,2
36.6847229,34.16044,-75.36112,28.6388817,24.3157558,9.08001,-98.3945,-12.9361153,92.425,2
36.7456436,34.10315,-75.34654,28.65346,24.39011,9.08001,-98.3648,-12.9361153,92.41042,2
36.8013229,34.0417557,-71.91103,32.0889664,24.46993,9.08001,-98.33291,-9.516258,92.3947754,2
36.8601074,33.98707,-71.8970642,32.102932,24.541151,9.08001,-98.30445,-9.516258,92.380806,2
36.9182358,33.92842,-71.8820648,32.11793,24.6176453,9.08001,-98.2738953,-9.516258,92.36581,2
36.9796143,33.8688278,-71.8668,32.1332054,24.6955147,9.08001,-98.24278,-9.516258,92.35054,2
37.03736,33.8111877,-71.852005,32.148,24.7709522,9.08001,-98.21265,-9.516258,92.33575,2
37.09474,33.7515869,-71.83668,32.1633224,24.8490963,9.08001,-98.18142,-9.516258,92.32042,2
37.15323,33.6953621,-71.8222,32.177803,24.9229355,9.08001,-98.15192,-9.516258,92.30594,2
37.21241,33.6380119,-71.8073959,32.1926,24.9983826,9.08001,-98.12178,-9.516258,92.29114,2
37.26918,33.5780334,-71.79183,32.20817,25.077425,9.08001,-98.0902,-9.51619,92.27564,2
37.3194427,33.53126,-71.7797241,32.2202759,25.1391621,9.08001,-98.06553,-9.51619,92.2635345,2
37.3788528,33.4738464,-71.76484,32.23516,25.2150726,9.08001,-98.0351944,-9.51619,92.24865,2
37.4367447,33.4167023,-71.75,32.2500038,25.2907562,9.08001,-98.00496,-9.51619,92.23381,2
37.49157,33.3591843,-71.73503,32.2649651,25.3670712,9.08001,-97.9744644,-9.51619,92.21884,2
37.5444565,33.3076248,-71.7215958,32.2784,25.4355946,9.08001,-97.94709,-9.51619,92.20541,2
37.5945129,33.2617149,-71.70962,32.2903824,25.4967041,9.08001,-97.92268,-9.51619,92.19343,2
37.65239,33.20469,-71.69471,32.3052864,25.5727348,9.08001,-97.89232,-9.51619,92.17852,2
37.71089,33.14693,-69.81969,34.18031,25.6498833,9.08001,-97.861496,-7.656288,92.1634,2
37.769928,33.0915642,-69.80517,34.19483,25.7239761,9.08001,-97.8318939,-7.656288,92.14888,2
37.82009,33.0392227,-69.79142,34.20858,25.794138,9.08001,-97.80387,-7.656288,92.13513,2
37.8777924,32.9852676,-69.77714,34.2228661,25.8665943,9.08001,-97.7749252,-7.65620041,92.12093,2
37.9298325,32.9372635,-69.76449,34.2355156,25.9311676,9.08001,-97.74913,-7.65620041,92.108284,2
37.98433,32.8803978,-69.74947,34.2505226,26.0077915,9.08001,-97.71853,-7.65620041,92.09328,2
38.0446167,32.8258743,-69.73506,34.26494,26.0814,9.08001,-97.68912,-7.65620041,92.0788651,2
38.1026,32.7700272,-69.7202759,34.2797279,26.1569366,9.08001,-97.65894,-7.65620041,92.06407,2
38.1618652,32.71431,-69.70549,34.29451,26.2324467,9.08001,-97.62878,-7.65620041,92.04929,2
38.2179031,32.6562424,-69.69006,34.30994,26.3112926,9.08001,-97.59728,-7.65620041,92.03386,2
38.2714157,32.6109734,-69.67801,34.32199,26.3728714,9.08001,-97.5726852,-7.65620041,92.02181,2
38.3276443,32.5510941,-69.66205,34.33795,26.4544773,9.08001,-97.54009,-7.65620041,92.0058441,2
38.3872681,32.49891,-69.64811,34.35189,26.52574,9.08001,-97.51162,-7.65620041,91.99191,2
38.4444427,32.4434242,-69.63327,34.36673,26.60165,9.08001,-97.48129,-7.65620041,91.977066,2
38.4946136,32.3951454,-69.62026,34.3797379,26.6678314,9.08001,-97.45486,-7.65613,91.9641342,2
38.5448074,32.3488045,-69.6078339,34.39217,26.73146,9.08001,-97.4294357,-7.65613,91.9517,2
38.5962,32.3012543,-68.7650757,35.2349243,26.7968712,9.08001,-97.4033,-6.82615471,91.93892,2
38.6513,32.2444572,-68.749794,35.25021,26.8751411,9.08001,-97.37204,-6.82615471,91.92364,2
38.7019119,32.1954727,-68.73659,35.2634125,26.94279,9.08001,-97.34501,-6.82615471,91.91043,2
38.76082,32.1447945,-68.7229,35.2770958,27.0129051,9.08001,-97.31699,-6.82615471,91.89675,2
38.8130951,32.0974274,-68.7101,35.2899055,27.0785561,9.08001,-97.2907639,-6.82615471,91.88394,2
38.86724,32.04079,-68.6947556,35.3052444,27.1572189,9.08001,-97.25933,-6.82615471,91.8686,2
38.91903,31.99402,-68.68207,35.3179321,27.2223129,9.08001,-97.2333145,-6.82615471,91.85591,2
38.9696579,31.9481468,-68.6696,35.3304,27.28627,9.08001,-97.207756,-6.82615471,91.8434448,2
39.0256653,31.8933125,-68.654686,35.3453178,27.3628731,9.08001,-97.17714,-6.82615471,91.82853,2
39.0790253,31.8483028,-68.64235,35.3576469,27.4258747,9.08001,-97.15197,-6.826092,91.81626,2
39.13362,31.7934246,-68.62737,35.3726273,27.5028439,9.08001,-97.1212158,-6.826092,91.8012848,2
39.1852646,31.74516,-68.6141739,35.3858223,27.5706768,9.08001,-97.09412,-6.826092,91.7880859,2
39.23622,31.7011147,-68.60212,35.39788,27.6326923,9.08001,-97.06935,-6.826092,91.7760239,2
39.29471,31.6481628,-68.5876,35.4124031,27.7074032,9.08001,-97.039505,-6.826092,91.7615051,2
39.35087,31.5935879,-68.57261,35.4273949,27.7845764,9.08001,-97.00867,-6.826092,91.74651,2
39.403595,31.54959,-68.5605,35.4395,27.8469238,9.08001,-96.98376,-6.826092,91.7344055,2
39.45955,31.4945965,-68.29536,35.7046432,27.9250126,9.08001,-96.95255,-6.5761013,91.71925,2
39.5116043,31.4473782,-68.2823257,35.7176743,27.9922047,9.08001,-96.92571,-6.5761013,91.70622,2
39.561615,31.4026413,-68.26996,35.73004,28.05599,9.08001,-96.90024,-6.5761013,91.6938553,2
39.6121,31.3582211,-68.25763,35.7423744,28.11945,9.08001,-96.8748856,-6.576063,91.6815643,2
39.6714172,31.3040524,-68.24261,35.75739,28.197,9.08001,-96.84392,-6.576063,91.66655,2
39.7264862,31.2523823,-68.2282639,35.77174,28.27115,9.08001,-96.81429,-6.576063,91.6522,2
39.7791824,31.2047,-68.215,35.785,28.3397274,9.08001,-96.7868958,-6.576063,91.63894,2
39.83024,31.1617622,-68.20304,35.7969627,28.4016056,9.08001,-96.7621841,-6.576063,91.626976,2
39.88684,31.1073132,-68.18785,35.8121529,28.48025,9.08001,-96.73077,-6.576063,91.6117859,2
39.9387054,31.0642624,-68.17582,35.82418,28.542572,9.08001,-96.705864,-6.576063,91.5997543,2
39.9951935,31.0096779,-68.1605453,35.8394547,28.621767,9.08001,-96.67422,-6.576063,91.58448,2
40.0481262,30.9651585,-68.14806,35.8519363,28.6865082,9.08001,-96.64835,-6.576063,91.572,2
40.0983124,30.9223976,-68.13606,35.8639374,28.7488213,9.08001,-96.62346,-6.576063,91.56,2
40.15487,30.87065,-68.12148,35.8785133,28.8243961,9.08001,-96.59327,-6.57603455,91.54545,2
40.20585,30.8243618,-68.10845,35.89155,28.8921566,9.08001,-96.5662,-6.57603455,91.53242,2
40.2635956,30.7719173,-68.07366,35.9263344,28.9691181,9.08001,-96.5354462,-6.556038,91.5176239,2
40.3191681,30.7210712,-68.0593,35.9407,29.0439148,9.08001,-96.50557,-6.556038,91.5032654,2
40.3730774,30.6770973,-68.04686,35.95314,29.1087589,9.08001,-96.47966,-6.556038,91.49082,2
40.4313354,30.6249466,-68.03208,35.96792,29.1858444,9.08001,-96.44886,-6.556038,91.47604,2
40.4893036,30.5740757,-68.01764,35.98236,29.2612324,9.08001,-96.41874,-6.556038,91.4616,2
40.54039,30.5270958,-68.00428,35.9957161,29.3310242,9.08001,-96.39086,-6.556038,91.44824,2
40.5922623,30.4839268,-67.99199,36.008007,29.3953037,9.08001,-96.36519,-6.556038,91.43595,2
40.6507568,30.43248,-67.9773,36.0227,29.4720974,9.08001,-96.33451,-6.556017,91.42128,2
40.7086334,30.3841763,-67.9635,36.0365,29.5443878,9.08001,-96.30563,-6.556017,91.407486,2
40.7671432,30.3334064,-67.9489746,36.0510254,29.6205654,9.08001,-96.27521,-6.556017,91.39296,2
40.824852,30.2816162,-67.9341354,36.06587,29.6984959,9.08001,-96.2440643,-6.556017,91.37811,2
40.87548,30.2382545,-67.9216843,36.0783119,29.7639046,9.08001,-96.21793,-6.556017,91.36567,2
40.9277878,30.19647,-67.9096756,36.0903244,29.8270836,9.08001,-96.1926956,-6.556017,91.35366,2
40.98362,30.1429081,-67.89426,36.1057434,29.9082832,9.08001,-96.16025,-6.556017,91.33824,2
41.0391159,30.0958366,-67.80068,36.19932,29.9798412,9.08001,-96.13166,-6.476015,91.32466,2
41.0913925,30.052742,-67.78823,36.21177,30.045517,9.08001,-96.10542,-6.476015,91.31222,2
41.1442337,30.01124,-67.77622,36.22378,30.10892,9.08001,-96.08009,-6.47600555,91.30022,2
41.20141,29.9618073,-67.7619,36.2381,30.1846333,9.08001,-96.04985,-6.47600555,91.2859,2
41.252327,29.91884,-67.7494354,36.2505646,30.2506218,9.08001,-96.0234756,-6.47600555,91.27343,2
41.3038635,29.8750019,-67.7367,36.2633,30.3181171,9.08001,-95.99651,-6.47600555,91.2607,2
41.3573532,29.8295383,-67.72347,36.2765274,30.3882942,9.08001,-95.96848,-6.47600555,91.24747,2
41.40822,29.7885151,-67.71152,36.2884827,30.451786,9.08001,-95.9431152,-6.47600555,91.23551,2
41.4589233,29.7407265,-67.69757,36.30243,30.5259438,9.08001,-95.91348,-6.47600555,91.2215652,2
41.5115662,29.6988449,-67.68533,36.3146667,30.59111,9.08001,-95.88745,-6.47600555,91.20933,2
41.5687943,29.6500435,-67.67104,36.3289566,30.6672573,9.08001,-95.8570251,-6.47600174,91.1950455,2
41.628624,29.6025047,-67.6571045,36.3428955,30.7416534,9.08001,-95.8273,-6.47600174,91.18111,2
41.68643,29.552742,-67.6424942,36.3575058,30.8197651,9.08001,-95.7961,-6.47600174,91.16649,2
41.74523,29.50606,-67.62876,36.37124,30.8932686,9.08001,-95.76673,-6.47600174,91.1527557,2
41.8031921,29.4582748,-67.3646851,36.63532,30.9687366,9.08001,-95.73657,-6.22600174,91.13868,2
41.85412,29.41688,-67.35247,36.64753,31.0342941,9.08001,-95.71039,-6.22600174,91.1264648,2
41.91004,29.3676682,-67.33793,36.662075,31.1124668,9.08001,-95.67915,-6.22600174,91.11192,2
41.96177,29.3266487,-67.32578,36.6742134,31.17782,9.08001,-95.6530457,-6.22600174,91.0997849,2
42.02066,29.2810287,-67.31226,36.6877365,31.2507153,9.08001,-95.62392,-6.226,91.0862656,2
42.07601,29.2329884,-67.298,36.702,31.32772,9.08001,-95.59315,-6.226,91.072,2
42.129097,29.1924229,-67.2859344,36.71406,31.3929424,9.08001,-95.56708,-6.226,91.05994,2
42.1856155,29.14574,-67.27203,36.7279625,31.4682159,9.08001,-95.53701,-6.226,91.0460358,2
42.23594,29.1043129,-67.25968,36.74032,31.5352211,9.08001,-95.51025,-6.226,91.03368,2
42.2959442,29.05877,-67.24608,36.75392,31.6091137,9.08001,-95.48072,-6.226,91.02008,2
42.3461761,29.0177975,-67.2338257,36.7661743,31.675787,9.08001,-95.4540939,-6.226,91.00783,2
42.4049072,28.9713,-67.2198944,36.7801056,31.7516956,9.08001,-95.42377,-6.226,90.9939,2
42.463356,28.925705,-67.2062149,36.7937851,31.8263817,9.08001,-95.39392,-6.226,90.98022,2
42.52207,28.8802547,-67.19256,36.8074455,31.9010735,9.08001,-95.36409,-6.226,90.96655,2
42.57705,28.8328915,-66.8883,37.1117,31.9791775,9.08001,-95.33289,-5.936001,90.9523,2
42.62921,28.7924213,-66.8761,37.1239,32.0461349,9.08001,-95.30615,-5.936001,90.9401,2
42.6878967,28.7489319,-66.86297,37.13703,32.11832,9.08001,-95.27731,-5.936001,90.92697,2
42.7474823,28.7030048,-66.84908,37.1509171,32.1948166,9.08001,-95.24674,-5.936001,90.9130859,2
42.80443,28.6579056,-66.83543,37.1645737,32.2702,9.08001,-95.21662,-5.936001,90.89942,2
42.86413,28.6131935,-66.82186,37.17814,32.3451958,9.08001,-95.18666,-5.936001,90.8858643,2
42.9218,28.5662289,-66.8075943,37.1924057,32.424263,9.08001,-95.15507,-5.936001,90.87159,2
42.9736176,28.5288544,-66.79623,37.2037773,32.4873924,9.08001,-95.12985,-5.936001,90.86022,2
43.0298233,28.4833145,-66.78235,37.2176552,32.5645752,9.08001,-95.09902,-5.936001,90.846344,2
43.0872345,28.4387341,-66.76874,37.23126,32.6404152,9.08001,-95.0687256,-5.936001,90.83274,2
43.1377029,28.40064,-66.7570953,37.2429,32.70544,9.08001,-95.04275,-5.936001,90.8211,2
43.18878,28.3625336,-66.74544,37.2545624,32.7707,9.08001,-95.01668,-5.936001,90.80943,2
43.24433,28.3175468,-66.73165,37.2683525,32.84802,9.08001,-94.98578,-5.936001,90.79565,2
43.296875,28.2804852,-66.7202759,37.2797279,32.9119339,9.08001,-94.96025,-5.936001,90.78427,2
43.34707,28.2436657,-66.52895,37.4710464,32.97564,9.08001,-94.9348,-5.75599861,90.77296,2
43.4022369,28.19953,-66.51537,37.48463,33.0522766,9.08001,-94.90418,-5.75599861,90.75937,2
43.45262,28.1617832,-66.50374,37.49626,33.1180649,9.08001,-94.87789,-5.75599861,90.74774,2
43.5044632,28.12532,-66.492485,37.507515,33.18182,9.08001,-94.8524246,-5.75599861,90.73649,2
43.5550079,28.0882225,-66.48102,37.5189819,33.2469063,9.08001,-94.826416,-5.75599861,90.72502,2
43.6127625,28.0450478,-66.46766,37.53234,33.3229256,9.08001,-94.79606,-5.75599861,90.71166,2
43.66284,28.0093269,-66.45659,37.54341,33.38606,9.08001,-94.7708359,-5.75599861,90.70059,2
43.7214737,27.96538,-66.44295,37.5570526,33.46402,9.08001,-94.73969,-5.75599861,90.68695,2
43.77742,27.9226246,-66.42966,37.570343,33.540184,9.08001,-94.70926,-5.75599861,90.67366,2
43.83983,27.8820419,-66.41702,37.5829735,33.6127663,9.08001,-94.68027,-5.75599861,90.661026,2
43.8959122,27.8388634,-66.4035645,37.5964355,33.69031,9.08001,-94.6492844,-5.75599861,90.64757,2
43.9461746,27.80285,-66.39232,37.60768,33.7552338,9.08001,-94.62335,-5.75599861,90.63632,2
43.9963379,27.7660255,-66.38081,37.61919,33.8218727,9.08001,-94.5967255,-5.75600052,90.62481,2
44.20932,27.728302,-66.369,37.631,33.8903923,9.08001,-94.56935,-5.75600052,90.613,2
44.2647171,27.5736313,-66.28042,37.7195854,34.1741447,9.08001,-94.45599,-5.71600151,90.564415,2
44.3250961,27.5362682,-66.26865,37.7313538,34.24339,9.08001,-94.42833,-5.716007,90.5526352,2
44.3797836,27.492691,-66.25489,37.7451134,34.3245125,9.08001,-94.39592,-5.716007,90.53888,2
44.43096,27.4587154,-66.24415,37.75585,34.3880272,9.08001,-94.37055,-5.716007,90.52814,2
44.6513138,27.442112,-66.23889,37.76111,34.4191551,9.08001,-94.3581161,-5.716007,90.52289,2
44.8491974,27.3018322,-66.19439,37.8056145,34.68452,9.08001,-94.2521,-5.716015,90.47837,2
44.908493,27.13469,-66.0010452,37.9989548,35.00652,9.08001,-94.123436,-5.57601357,90.42503,2
44.95887,27.09985,-65.98988,38.0101128,35.0744629,9.08001,-94.0963058,-5.57601357,90.41387,2
45.1582947,27.0714684,-65.9808,38.0192,35.13004,9.08001,-94.0741043,-5.576029,90.40477,2
45.2083054,26.9370956,-65.93758,38.06242,35.39597,9.08001,-93.967865,-5.576029,90.36155,2
45.3715439,26.9307442,-65.93553,38.06447,35.40866,9.08001,-93.96279,-5.576029,90.3595047,2
45.54557,26.8253136,-65.90149,38.0985069,35.62088,9.08001,-93.878006,-5.57606125,90.32543,2
45.60498,26.6832542,-65.23538,38.7646179,35.9118729,9.08001,-93.76175,-4.95607,90.27931,2
45.6618347,26.6464043,-65.22343,38.7765732,35.98835,9.08001,-93.73119,-4.95611954,90.26731,2
45.7219925,26.6150627,-65.2132,38.7867966,36.0537376,9.08001,-93.70506,-4.95611954,90.25709,2
45.934845,26.5821056,-65.202446,38.7975578,36.12283,9.08001,-93.67746,-4.95611954,90.24632,2
45.99244,26.4440384,-65.15728,38.8427162,36.4161949,9.08001,-93.56026,-4.956192,90.20109,2
46.0565567,26.413723,-65.147316,38.85268,36.4815,9.08001,-93.5341644,-4.956192,90.191124,2
46.1066437,26.3748341,-65.13452,38.86548,36.56575,9.08001,-93.5005,-4.956192,90.17833,2
46.15776,26.34521,-65.12476,38.87524,36.6303177,9.08001,-93.47469,-4.956192,90.16857,2
46.3565369,26.3288555,-65.11937,38.8806343,36.6660919,9.08001,-93.4604,-4.956192,90.16318,2
46.41059,26.1943645,-63.82507,40.17493,36.9642754,9.08001,-93.34127,-3.70637512,90.11869,2
46.4679947,26.1621952,-63.8143959,40.1856041,37.0366859,9.08001,-93.31234,-3.70637512,90.10802,2
46.52057,26.1315727,-63.80439,40.19561,37.1060333,9.08001,-93.28462,-3.706543,90.09785,2
46.5831757,26.1049347,-63.7955322,40.2044678,37.16668,9.08001,-93.26039,-3.706543,90.08899,2
46.6351776,26.0687,-63.7834663,40.2165337,37.24967,9.08001,-93.22724,-3.706543,90.07692,2
46.69352,26.0349579,-63.7722168,40.2277832,37.32749,9.08001,-93.1961441,-3.706543,90.0656738,2
46.75219,26.0028133,-63.7614861,40.2385139,37.4021072,9.08001,-93.16634,-3.706543,90.05494,2
46.8092728,25.9693451,-63.7505264,40.2494736,37.4803162,9.08001,-93.13511,-3.70677,90.0437546,2
46.8605347,25.9409981,-63.74104,40.25896,37.54699,9.08001,-93.1084747,-3.70677,90.03427,2
46.9110641,25.9136524,-63.7318764,40.2681236,37.6116867,9.08001,-93.08263,-3.70677,90.02511,2
46.9686432,25.8821564,-63.7213135,40.2786865,37.68667,9.08001,-93.05267,-3.70677,90.01454,2
47.0219421,25.85401,-63.7118645,40.2881355,37.7541161,9.08001,-93.02573,-3.70677,90.0051,2
47.0770645,25.8230457,-63.70169,40.29831,37.8288,9.08001,-92.99589,-3.70700455,89.99468,2
47.1278839,25.7980232,-62.09371,41.90629,37.88953,9.08001,-92.97163,-2.10744667,89.98627,2
47.18535,25.766592,-62.0831223,41.9168777,37.9663048,9.08001,-92.9409561,-2.10744667,89.97568,2
47.24195,25.7355766,-62.07266,41.92734,38.04262,9.08001,-92.91046,-2.10744667,89.96521,2
47.29487,25.7100658,-62.064045,41.935955,38.1058044,9.08001,-92.88522,-2.10744667,89.9566,2
47.35003,25.6790218,-62.0540466,41.9459534,38.1832352,9.08001,-92.85428,-2.10794067,89.946106,2
47.40741,25.6531773,-62.0453,41.9547,38.2481346,9.08001,-92.82835,-2.10794067,89.937355,2
47.461113,25.6238136,-62.03535,41.96465,38.32239,9.08001,-92.79867,-2.10794067,89.9274139,2
47.51758,25.5924282,-62.024704,41.975296,38.4023552,9.08001,-92.76672,-2.10794067,89.91676,2
47.5763931,25.5670338,-62.0160828,41.9839172,38.46753,9.08001,-92.7406845,-2.10794067,89.90814,2
47.6292877,25.53757,-62.00658,41.99342,38.5436974,9.08001,-92.71025,-2.10845184,89.8981247,2
47.6877441,25.5088444,-61.9968033,42.0031967,38.61854,9.08001,-92.68034,-2.10845184,89.88835,2
47.7382278,25.48157,-61.98751,42.01249,38.6901436,9.08001,-92.65173,-2.10845184,89.87906,2
47.79013,25.4561787,-61.97885,42.02115,38.7572823,9.08001,-92.62491,-2.10845184,89.8704,2
47.8401337,25.43152,-61.9704323,42.0295677,38.8229446,9.08001,-92.59868,-2.10845184,89.8619843,2
47.8931046,25.4063969,-61.9624977,42.0375023,38.8903275,9.08001,-92.5717545,-2.10910034,89.85339,2
47.9445877,25.3983879,-61.95976,42.04024,38.9119,9.08001,-92.56315,-2.10910034,89.8506546,2
47.9955521,25.4217243,-61.9677353,42.0322647,38.849144,9.08001,-92.58823,-2.10910034,89.8586349,2
48.04698,25.4463253,-61.9754868,42.0245132,38.7834435,9.08001,-92.61448,-2.10845184,89.8670349,2
48.104744,25.4754238,-61.9854164,42.0145836,38.7063332,9.08001,-92.64528,-2.10845184,89.87696,2
48.16256,25.5037956,-61.9950829,42.0049171,38.63174,9.08001,-92.67508,-2.10845184,89.8866348,2
48.2190247,25.53322,-62.0051,41.9949,38.55499,9.08001,-92.70574,-2.10845184,89.8966446,2
48.2725,25.5593185,-62.0134621,41.9865379,38.48742,9.08001,-92.7327347,-2.10794067,89.90552,2
48.32715,25.5877228,-62.02311,41.97689,38.414402,9.08001,-92.76191,-2.10794067,89.91517,2
48.37973,25.6140842,-62.03205,41.96795,38.34711,9.08001,-92.7887955,-2.10794067,89.92411,2
48.4302826,25.6402264,-62.0409126,41.9590874,38.28082,9.08001,-92.8152847,-2.10794067,89.9329758,2
48.4811935,25.66429,-62.04906,41.95094,38.22018,9.08001,-92.8395157,-2.10794067,89.94112,2
48.5415573,25.6952343,-62.0590324,41.9409676,38.1427422,9.08001,-92.8704453,-2.10744667,89.9515839,2
48.59794,25.7264137,-62.06957,41.93043,38.06529,9.08001,-92.90139,-2.10744667,89.96212,2
48.654335,25.7572918,-62.0799866,41.9200134,37.98915,9.08001,-92.93181,-2.10744667,89.97254,2
48.7146454,25.78733,-62.09011,41.90989,37.91561,9.08001,-92.96118,-2.10744667,89.982666,2
48.7723465,25.8190041,-63.70033,40.29967,37.8386078,9.08001,-92.99194,-3.70700455,89.9933243,2
48.8272858,25.847023,-63.7095146,40.2904854,37.7709541,9.08001,-93.01897,-3.70677,90.00275,2
48.88214,25.879715,-63.7204933,40.2795067,37.6925354,9.08001,-93.05029,-3.70677,90.0137253,2
48.9352264,25.90621,-63.72938,40.27062,37.6293831,9.08001,-93.07553,-3.70677,90.02261,2
48.9936,25.9390373,-63.7403831,40.2596169,37.55164,9.08001,-93.10659,-3.70677,90.0336151,2
49.0518646,25.9704647,-63.7509,40.2491,37.47772,9.08001,-93.136116,-3.70677,90.04413,2
49.10264,25.9994068,-63.7603455,40.2396545,37.4100533,9.08001,-93.16316,-3.706543,90.0538,2
49.1596222,26.0317669,-63.7711525,40.2288475,37.334877,9.08001,-93.1932,-3.706543,90.0646057,2
49.2182922,26.0646839,-63.7821274,40.2178726,37.2589,9.08001,-93.22356,-3.706543,90.0755844,2
49.27581,26.0978355,-63.7931671,40.2068329,37.182888,9.08001,-93.25392,-3.706543,90.0866241,2
49.327652,26.1274261,-63.80301,40.19699,37.11545,9.08001,-93.28086,-3.706543,90.0964661,2
49.38069,26.1547127,-63.81191,40.18809,37.0536,9.08001,-93.30557,-3.70637512,90.10554,2
49.4313431,26.18387,-63.8215866,40.1784134,36.98786,9.08001,-93.33183,-3.70637512,90.11521,2
49.48945,26.2179146,-63.8328743,40.1671257,36.9115524,9.08001,-93.36232,-3.70637512,90.1264954,2
49.5439148,26.2531357,-65.0944443,38.9055557,36.83309,9.08001,-93.39368,-4.95628357,90.13816,2
49.59558,26.2817554,-65.1039047,38.8960953,36.76971,9.08001,-93.419,-4.95628357,90.14762,2
49.6460876,26.3121262,-65.1138458,38.8861542,36.7028,9.08001,-93.44573,-4.956192,90.15765,2
49.69609,26.3406315,-65.12325,38.8767471,36.64033,9.08001,-93.47068,-4.956192,90.16706,2
49.7519226,26.3767014,-65.13514,38.8648643,36.56172,9.08001,-93.5020752,-4.956192,90.17895,2
49.8062,26.4054661,-65.14461,38.8553963,36.4993668,9.08001,-93.52699,-4.956192,90.1884155,2
49.86062,26.4413319,-65.156395,38.843605,36.42205,9.08001,-93.55787,-4.956192,90.2002,2
49.9118958,26.4733448,-65.1669,38.8330956,36.3534241,9.08001,-93.58528,-4.956192,90.21071,2
49.9709,26.5065517,-65.17772,38.82228,36.2826042,9.08001,-93.61358,-4.95611954,90.2216,2
50.02813,26.542984,-65.18965,38.81035,36.2053337,9.08001,-93.644455,-4.95611954,90.23353,2
50.079567,26.5740833,-65.19982,38.80018,36.13973,9.08001,-93.67067,-4.95611954,90.2437,2
50.130867,26.6038132,-65.20953,38.7904663,36.0773125,9.08001,-93.6956,-4.95611954,90.25341,2
50.18579,26.6426315,-65.2222,38.7778,35.9962425,9.08001,-93.72799,-4.95611954,90.2660751,2
50.2452,26.6770916,-65.2333755,38.7666245,35.924675,9.08001,-93.75658,-4.95607,90.2773056,2
50.3035965,26.713932,-65.86536,38.1346474,35.84856,9.08001,-93.7869949,-5.57606125,90.28929,2
50.36229,26.7505875,-65.8772659,38.1227379,35.77324,9.08001,-93.8170853,-5.57606125,90.3012,2
50.4125061,26.7824841,-65.88761,38.1123848,35.70802,9.08001,-93.84315,-5.57606125,90.311554,2
50.4708023,26.8194885,-65.8996048,38.1003952,35.6327248,9.08001,-93.87324,-5.57606125,90.32355,2
50.52813,26.8579769,-65.91206,38.0879364,35.55482,9.08001,-93.90437,-5.57606125,90.336,2
50.5848923,26.89486,-65.92395,38.07605,35.48057,9.08001,-93.93403,-5.576029,90.34792,2
50.6370239,26.926815,-65.9342651,38.0657349,35.4165421,9.08001,-93.9596,-5.576029,90.35824,2
50.6957855,26.9654465,-65.94672,38.0532837,35.3395,9.08001,-93.99038,-5.576029,90.37069,2
50.75466,27.0030937,-65.95883,38.0411644,35.26481,9.08001,-94.02021,-5.576029,90.3828049,2
50.81269,27.04176,-65.97126,38.0287361,35.18848,9.08001,-94.05069,-5.576029,90.39523,2
50.8692322,27.0819645,-65.98415,38.0158463,35.1095123,9.08001,-94.08223,-5.57601357,90.40814,2
50.9292831,27.11944,-65.99616,38.0038376,35.0362663,9.08001,-94.11149,-5.57601357,90.42015,2
50.98542,27.1593151,-66.00893,37.9910736,34.95871,9.08001,-94.14247,-5.57601357,90.4329147,2
51.0464172,27.1974487,-66.02111,37.97889,34.88489,9.08001,-94.17197,-5.57601357,90.4451,2
51.1055374,27.2372284,-66.1738052,37.82619,34.80825,9.08001,-94.20259,-5.716015,90.4577942,2
51.1621323,27.27828,-66.18689,37.81311,34.72955,9.08001,-94.23403,-5.716015,90.47088,2
51.2130661,27.3116264,-66.1974945,37.8025055,34.665905,9.08001,-94.25945,-5.716007,90.48148,2
51.2716675,27.3519688,-66.21031,37.7896843,34.58924,9.08001,-94.29008,-5.716007,90.49431,2
51.3280869,27.3923874,-66.22314,37.77686,34.5127831,9.08001,-94.3206253,-5.716007,90.50713,2
51.4812,27.40807,-66.22811,37.77189,34.48321,9.08001,-94.33244,-5.716007,90.51211,2
51.5347366,27.5323448,-66.2674,37.7325935,34.25073,9.08001,-94.4253159,-5.716007,90.5514,2
51.58921,27.5738411,-66.28048,37.7195168,34.1738,9.08001,-94.4560547,-5.71600151,90.56448,2
51.6400223,27.6088848,-66.29151,37.7084846,34.109108,9.08001,-94.4818954,-5.71600151,90.5755157,2
51.692276,27.6458378,-66.30313,37.69687,34.0411453,9.08001,-94.5090561,-5.71600151,90.58713,2
51.74436,27.6831284,-66.31484,37.68516,33.9728355,9.08001,-94.53634,-5.71600151,90.59884,2
51.80082,27.7236462,-66.3675461,37.6324577,33.8989143,9.08001,-94.5658646,-5.75600052,90.61154,2
51.8562164,27.7518978,-66.37639,37.62361,33.8475533,9.08001,-94.58638,-5.75600052,90.62039,2
51.90838,27.80115,-66.39179,37.60821,33.75836,9.08001,-94.62201,-5.75599861,90.63579,2
51.96,27.83775,-66.40321,37.5967827,33.6923637,9.08001,-94.64838,-5.75599861,90.64722,2
52.01174,27.8743725,-66.4146347,37.5853653,33.62656,9.08001,-94.674675,-5.75599861,90.65864,2
52.0727539,27.916523,-66.42776,37.57224,33.55112,9.08001,-94.70482,-5.75599861,90.67176,2
52.12281,27.9556026,-66.43991,37.56009,33.48145,9.08001,-94.73266,-5.75599861,90.6839142,2
52.1748276,27.9934349,-66.45166,37.5483437,33.414257,9.08001,-94.75949,-5.75599861,90.6956558,2
52.2285919,28.03233,-66.4637146,37.53628,33.3454247,9.08001,-94.78699,-5.75599861,90.70772,2
52.27913,28.0675755,-66.47463,37.5253677,33.28326,9.08001,-94.81183,-5.75599861,90.7186356,2
52.32937,28.10338,-66.4857,37.5142937,33.22032,9.08001,-94.8369751,-5.75599861,90.7297058,2
52.3826675,28.1428089,-66.49788,37.5021172,33.15124,9.08001,-94.8645859,-5.75599861,90.74188,2
52.4425964,28.19,-66.5124359,37.4875641,33.0688934,9.08001,-94.8974838,-5.75599861,90.75644,2
52.49366,28.227211,-66.5238953,37.47611,33.00421,9.08001,-94.92332,-5.75599861,90.76789,2
52.54901,28.2713833,-66.5374756,37.4625244,32.9276962,9.08001,-94.95389,-5.75599861,90.78148,2
52.6092529,28.3149986,-66.7308655,37.2691345,32.8524361,9.08001,-94.9839554,-5.936001,90.79487,2
52.6708069,28.3598881,-66.74463,37.2553749,32.7752724,9.08001,-95.0147858,-5.936001,90.8086243,2
52.7262421,28.40623,-66.75881,37.24119,32.6959152,9.08001,-95.04649,-5.936001,90.82281,2
52.7784653,28.4429226,-66.77002,37.22998,32.6333046,9.08001,-95.07151,-5.936001,90.83402,2
52.82914,28.4837322,-66.78247,37.2175255,32.5638924,9.08001,-95.09924,-5.936001,90.84647,2
52.87957,28.52331,-66.79453,37.2054672,32.4967957,9.08001,-95.12605,-5.936001,90.8585358,2
52.9346466,28.5659771,-66.80752,37.192482,32.42471,9.08001,-95.15485,-5.936001,90.87151,2
52.9863358,28.6058617,-66.81963,37.1803627,32.3575439,9.08001,-95.18168,-5.936001,90.88364,2
53.037178,28.64457,-66.83138,37.1686172,32.29256,9.08001,-95.20765,-5.936001,90.89538,2
53.0877457,28.6844273,-66.84346,37.15654,32.225853,9.08001,-95.23431,-5.936001,90.9074554,2
53.1473465,28.7270927,-66.85637,37.14363,32.1546822,9.08001,-95.26274,-5.936001,90.92037,2
53.2011642,28.766161,-66.86817,37.1318245,32.0897141,9.08001,-95.2887,-5.936001,90.9321747,2
53.2579346,28.816412,-66.88333,37.1166649,32.00644,9.08001,-95.32196,-5.936001,90.9473343,2
53.31443,28.8617,-67.18697,36.8130264,31.93166,9.08001,-95.35183,-6.226,90.9609756,2
53.36859,28.9048462,-67.19995,36.8000526,31.8606472,9.08001,-95.3801956,-6.226,90.9739456,2
53.42736,28.9474564,-67.2127457,36.78726,31.7907429,9.08001,-95.40812,-6.226,90.98674,2
53.4819031,28.9951229,-67.2270355,36.7729645,31.71279,9.08001,-95.43927,-6.226,91.00104,2
53.53779,29.0339088,-67.23865,36.7613564,31.6495647,9.08001,-95.46452,-6.226,91.01264,2
53.59133,29.0816631,-67.25292,36.74708,31.5719566,9.08001,-95.49553,-6.226,91.02692,2
53.64218,29.1232681,-67.2653351,36.73466,31.5045567,9.08001,-95.52245,-6.226,91.03934,2
53.6945343,29.1618938,-67.27685,36.7231522,31.44216,9.08001,-95.54738,-6.226,91.05085,2
53.75367,29.2091923,-67.2909241,36.7090759,31.3659744,9.08001,-95.57782,-6.226,91.0649261,2
53.8117752,29.2585468,-67.30559,36.69441,31.2867413,9.08001,-95.6094742,-6.226,91.07959,2
53.86933,29.3038139,-67.31902,36.68098,31.2143059,9.08001,-95.6384048,-6.22600174,91.09302,2
53.9282455,29.3516922,-67.3332,36.6668,31.1379337,9.08001,-95.6689,-6.22600174,91.1072,2
53.9866257,29.4000683,-67.3475,36.6524963,31.0610065,9.08001,-95.69963,-6.22600174,91.1215057,2
54.0426178,29.4483147,-67.36175,36.6382561,30.9845276,9.08001,-95.73019,-6.22600174,91.13574,2
54.09938,29.4904327,-67.62416,36.37584,30.9179554,9.08001,-95.75678,-6.47600174,91.1481552,2
54.1545029,29.539381,-67.6385651,36.3614349,30.8408184,9.08001,-95.78759,-6.47600174,91.16256,2
54.20546,29.5835857,-67.65155,36.3484459,30.77136,9.08001,-95.81534,-6.47600174,91.17555,2
54.2654877,29.6295967,-67.6650543,36.33495,30.6992664,9.08001,-95.84414,-6.47600174,91.18905,2
54.3233643,29.6779518,-67.67922,36.32078,30.623724,9.08001,-95.87431,-6.47600555,91.20322,2
54.3816452,29.72746,-67.6936951,36.3063049,30.54661,9.08001,-95.90512,-6.47600555,91.21769,2
54.43273,29.7685528,-67.7056961,36.2943039,30.4827766,9.08001,-95.93063,-6.47600555,91.22969,2
54.48854,29.8197231,-67.72061,36.27939,30.403511,9.08001,-95.9623,-6.47600555,91.244606,2
54.5422821,29.859724,-67.732254,36.2677422,30.3417149,9.08001,-95.98699,-6.47600555,91.25625,2
54.6000824,29.9081326,-67.74633,36.2536736,30.2671261,9.08001,-96.01679,-6.47600555,91.2703247,2
54.65577,29.9576187,-67.76069,36.239315,30.1910934,9.08001,-96.04717,-6.47600555,91.28468,2
54.70697,30.0013161,-67.7733459,36.2266541,30.12414,9.08001,-96.07391,-6.47600555,91.29734,2
54.76555,30.051754,-67.78795,36.21205,30.0470619,9.08001,-96.1047058,-6.476015,91.3119354,2
54.81675,30.094183,-67.8002,36.1998,29.9823933,9.08001,-96.13055,-6.476015,91.32419,2
54.87401,30.1442146,-67.89463,36.10537,29.906332,9.08001,-96.1609344,-6.556017,91.3386154,2
54.9336853,30.1944313,-67.90909,36.09091,29.8302,9.08001,-96.19136,-6.556017,91.35307,2
54.98977,30.2461185,-67.92394,36.0760536,29.7520657,9.08001,-96.2225647,-6.556017,91.36793,2
55.0515442,30.2940788,-67.937706,36.062294,29.6797562,9.08001,-96.25146,-6.556017,91.38169,2
55.1062241,30.34575,-67.95251,36.04749,29.60206,9.08001,-96.2825,-6.556017,91.39649,2
55.1662064,30.3940372,-67.9663239,36.03368,29.529644,9.08001,-96.31144,-6.556017,91.4103,2
55.22377,30.44524,-67.98094,36.01906,29.45306,9.08001,-96.34203,-6.556017,91.42493,2
55.2834854,30.495512,-67.99529,36.0047073,29.378067,9.08001,-96.371994,-6.556038,91.4392548,2
55.33953,30.5487251,-68.01044,35.9895668,29.2988968,9.08001,-96.4036255,-6.556038,91.4544,2
55.3943176,30.5953522,-68.02368,35.97632,29.2297,9.08001,-96.4312744,-6.556038,91.46764,2
55.44789,30.644165,-68.03753,35.96247,29.15744,9.08001,-96.46013,-6.556038,91.48149,2
55.5021744,30.6906567,-68.0507,35.9493027,29.08878,9.08001,-96.48756,-6.556038,91.49466,2
55.55632,30.7321815,-68.06244,35.9375572,29.02758,9.08001,-96.51202,-6.556038,91.5064,2
55.6087646,30.7840233,-68.07708,35.92292,28.9513626,9.08001,-96.54246,-6.556038,91.52104,2
55.66217,30.8322372,-68.11067,35.889328,28.88065,9.08001,-96.5707,-6.57603455,91.53464,2
55.7162781,30.88155,-68.12455,35.87545,28.8084927,9.08001,-96.5995255,-6.57603455,91.5485153,2
55.7691269,30.9255371,-68.13694,35.8630562,28.74427,9.08001,-96.62518,-6.576063,91.56088,2
55.8248825,30.9792175,-68.15201,35.8479919,28.66608,9.08001,-96.65642,-6.576063,91.57594,2
55.87655,31.0241642,-68.1646,35.8354,28.6007652,9.08001,-96.6825,-6.576063,91.58854,2
55.9335632,31.0739288,-68.17852,35.82148,28.5286,9.08001,-96.71134,-6.576063,91.6024551,2
55.984642,31.11973,-68.1913147,35.8086853,28.4623318,9.08001,-96.7378159,-6.576063,91.61525,2
56.039032,31.16682,-68.2044449,35.79555,28.3943462,9.08001,-96.76497,-6.576063,91.62839,2
56.0892868,31.2151718,-68.21791,35.7820854,28.32469,9.08001,-96.79279,-6.576063,91.64185,2
56.14599,31.2635574,-68.23137,35.7686348,28.2551327,9.08001,-96.82058,-6.576063,91.655304,2
56.2023926,31.3172226,-68.24626,35.75374,28.1781654,9.08001,-96.85132,-6.576063,91.6702,2
56.25325,31.364872,-68.25947,35.7405319,28.1099739,9.08001,-96.87856,-6.576063,91.6834,2
56.3039,31.4065819,-68.27105,35.72895,28.0504017,9.08001,-96.90235,-6.5761013,91.69495,2
56.3650055,31.4620819,-68.2863846,35.7136154,27.9712982,9.08001,-96.93396,-6.5761013,91.71028,2
56.4209671,31.51768,-68.30172,35.69828,27.8922424,9.08001,-96.9655457,-6.5761013,91.72562,2
56.47368,31.5649166,-68.56472,35.43528,27.825222,9.08001,-96.9923248,-6.826092,91.7386246,2
56.52845,31.614481,-68.57835,35.42165,27.75504,9.08001,-97.02037,-6.826092,91.75226,2
56.5862045,31.6675968,-68.592926,35.40707,27.6799965,9.08001,-97.05035,-6.826092,91.76684,2
56.64126,31.71432,-68.6057358,35.3942642,27.61412,9.08001,-97.07666,-6.826092,91.77964,2
56.6983643,31.7722778,-68.6216,35.3784065,27.5325756,9.08001,-97.10924,-6.826092,91.7955,2
56.75499,31.82467,-68.6359,35.3640938,27.4590244,9.08001,-97.1386261,-6.826092,91.8098145,2
56.80619,31.87239,-68.64892,35.35108,27.3921738,9.08001,-97.16533,-6.826092,91.82283,2
56.8626633,31.9248028,-68.66325,35.3367462,27.3188934,9.08001,-97.1946,-6.82615471,91.8371,2
56.9129944,31.9724331,-68.6762,35.3237953,27.2524281,9.08001,-97.22116,-6.82615471,91.85005,2
56.9655533,32.0214462,-68.68951,35.31049,27.1841621,9.08001,-97.248436,-6.82615471,91.86336,2
57.0172119,32.06485,-68.70127,35.2987251,27.12382,9.08001,-97.27255,-6.82615471,91.87512,2
57.074028,32.12127,-68.7165451,35.2834549,27.04553,9.08001,-97.3038254,-6.82615471,91.89039,2
57.13247,32.1719971,-68.73025,35.26975,26.9752846,9.08001,-97.3319,-6.82615471,91.9041,2
57.18936,32.23053,-68.74604,35.25396,26.8943977,9.08001,-97.36422,-6.82615471,91.91988,2
57.2430649,32.2773972,-68.75866,35.24134,26.8297615,9.08001,-97.39004,-6.82615471,91.9325,2
57.296463,32.326,-68.77173,35.22827,26.7628479,9.08001,-97.41676,-6.82615471,91.94557,2
57.35016,32.3824844,-69.61687,34.3831329,26.6852379,9.08001,-97.44776,-7.65613,91.96074,2
57.40071,32.42962,-69.62957,34.3704262,26.6205978,9.08001,-97.47359,-7.65620041,91.97337,2
57.4552155,32.4824257,-69.64371,34.3562965,26.5483036,9.08001,-97.50248,-7.65620041,91.9875,2
57.5151672,32.5347023,-69.65767,34.3423271,26.4768715,9.08001,-97.53103,-7.65620041,92.00147,2
57.572052,32.5905228,-69.67256,34.32744,26.40075,9.08001,-97.56145,-7.65620041,92.0163651,2
57.6323624,32.6455345,-69.68721,34.31279,26.3258743,9.08001,-97.5913544,-7.65620041,92.03101,2
57.6861267,32.70195,-69.70221,34.29779,26.249239,9.08001,-97.62196,-7.65620041,92.0460052,2
57.7383728,32.7529755,-69.71575,34.28425,26.1800537,9.08001,-97.64961,-7.65620041,92.05955,2
57.7902069,32.8038864,-69.72924,34.27076,26.11115,9.08001,-97.67713,-7.65620041,92.0730438,2
57.84188,32.8519974,-69.7419739,34.25803,26.0461426,9.08001,-97.7031,-7.65620041,92.08577,2
57.89234,32.90132,-69.7550049,34.245,25.9796028,9.08001,-97.72969,-7.65620041,92.0988,2
57.9530029,32.954258,-69.76897,34.2310333,25.9083138,9.08001,-97.75818,-7.65620041,92.11276,2
58.0073776,33.0134735,-69.7846451,34.21535,25.8287163,9.08001,-97.78998,-7.656288,92.12836,2
58.0594864,33.0625153,-69.79754,34.2024574,25.7629185,9.08001,-97.81627,-7.656288,92.14125,2
58.1165771,33.1176834,-69.81202,34.1879768,25.689024,9.08001,-97.84579,-7.656288,92.15573,2
58.1693039,33.16934,-71.68546,32.31454,25.6199532,9.08001,-97.87338,-9.51619,92.16927,2
58.2207565,33.2190628,-71.69847,32.30153,25.55357,9.08001,-97.89991,-9.51619,92.18228,2
58.2755661,33.2725868,-71.7124557,32.2875443,25.482235,9.08001,-97.92841,-9.51619,92.1962662,2
58.33104,33.32707,-71.72667,32.2733345,25.4097519,9.08001,-97.95737,-9.51619,92.21048,2
58.38144,33.37606,-71.7394257,32.2605743,25.344677,9.08001,-97.98335,-9.51619,92.2232361,2
58.4355,33.4244957,-71.75202,32.24798,25.28044,9.08001,-98.00901,-9.51619,92.23583,2
58.490654,33.483284,-71.76729,32.2327156,25.2026024,9.08001,-98.0401154,-9.51619,92.2511,2
58.54412,33.53665,-71.78112,32.21888,25.13206,9.08001,-98.0683,-9.51619,92.26493,2
58.6041336,33.59076,-71.79512,32.20488,25.06066,9.08001,-98.0968246,-9.51619,92.27893,2
58.66075,33.65115,-71.81079,32.18921,24.9811058,9.08001,-98.12859,-9.516258,92.29453,2
58.7137222,33.7034149,-71.82427,32.1757278,24.9123669,9.08001,-98.15607,-9.516258,92.3080139,2
58.77069,33.7590179,-71.83859,32.16141,24.8393612,9.08001,-98.1852341,-9.516258,92.3223343,2
58.82251,33.8099747,-71.85169,32.14831,24.772562,9.08001,-98.2119141,-9.516258,92.335434,2
58.8743439,33.8625641,-71.86519,32.13481,24.703722,9.08001,-98.23942,-9.516258,92.34893,2
58.9256439,33.9141464,-71.87841,32.12159,24.6363068,9.08001,-98.26634,-9.516258,92.36215,2
58.97632,33.96423,-71.89123,32.1087723,24.5709438,9.08001,-98.29245,-9.516258,92.37497,2
59.02923,34.0176926,-71.90489,32.095108,24.5012779,9.08001,-98.3202744,-9.516258,92.38863,2
59.0801926,34.06775,-75.33752,28.6624813,24.43614,9.08001,-98.3463058,-12.9361153,92.4014053,2
59.1362762,34.12431,-75.35193,28.6480713,24.3626518,9.08001,-98.37566,-12.9361153,92.41581,2
59.1869278,34.17292,-75.364296,28.6357079,24.2995872,9.08001,-98.400856,-12.9361153,92.42818,2
59.23797,34.2262077,-75.37782,28.6221733,24.2305527,9.08001,-98.42843,-12.9361153,92.44171,2
59.29077,34.27931,-75.39129,28.60871,24.1618633,9.08001,-98.45587,-12.9361153,92.45518,2
59.346962,34.3366928,-75.40586,28.594141,24.0877438,9.08001,-98.48547,-12.9361553,92.4697,2
59.40786,34.392292,-75.4199142,28.5800877,24.016037,9.08001,-98.5141144,-12.9361553,92.48376,2
59.4661636,34.45499,-75.43573,28.5642662,23.9353046,9.08001,-98.54637,-12.9361553,92.49958,2
59.5223846,34.5141068,-75.45062,28.5493774,23.8593025,9.08001,-98.57675,-12.9361553,92.5144653,2
59.5741272,34.56297,-75.46291,28.5370884,23.7965775,9.08001,-98.6018143,-12.9361553,92.52676,2
59.63391,34.622673,-75.4779053,28.5220966,23.7200451,9.08001,-98.63238,-12.9361553,92.54175,2
59.68969,34.6829758,-75.49302,28.5069828,23.6428623,9.08001,-98.6632156,-12.9361553,92.55686,2
59.74163,34.735424,-75.50614,28.4938583,23.5758362,9.08001,-98.6899948,-12.9361553,92.5699844,2
59.79754,34.7926254,-75.52043,28.4795647,23.50283,9.08001,-98.71916,-12.9361553,92.58428,2
59.8508,34.8410072,-75.5325,28.467495,23.4411678,9.08001,-98.7438049,-12.9361553,92.59635,2
59.9081421,34.90542,-75.5485458,28.4514523,23.3591938,9.08001,-98.77655,-12.9361553,92.61239,2
59.96035,34.9549,-75.56085,28.4391479,23.2963085,9.08001,-98.8016739,-12.9361553,92.6246948,2
60.0159149,35.015583,-78.09585,25.9041519,23.2192936,9.08001,-98.83244,-15.4560852,92.63976,2
60.066803,35.0683937,-78.10897,25.8910313,23.1523647,9.08001,-98.8591843,-15.4561157,92.6528549,2
60.11927,35.12131,-78.12206,25.8779354,23.0853882,9.08001,-98.88593,-15.4561157,92.66595,2
60.1754456,35.17919,-78.13637,25.8636322,23.0122261,9.08001,-98.91517,-15.4561157,92.68025,2
60.2290344,35.23423,-78.14995,25.8500538,22.9427528,9.08001,-98.94292,-15.4561157,92.69383,2
60.28076,35.28828,-78.16326,25.8367386,22.8746147,9.08001,-98.97013,-15.4561157,92.7071457,2
60.33259,35.3370934,-78.17527,25.8247318,22.8131561,9.08001,-98.99468,-15.4561157,92.7191544,2
60.39395,35.4009933,-78.19096,25.80904,22.7328053,9.08001,-99.02678,-15.4561157,92.73485,2
60.449234,35.4605827,-78.20557,25.7944317,22.6579857,9.08001,-99.05667,-15.4561157,92.74945,2
60.5021744,35.5126228,-78.21831,25.7816944,22.5927315,9.08001,-99.08275,-15.4561157,92.76219,2
60.5570145,35.57409,-78.23333,25.7666721,22.5157528,9.08001,-99.1135,-15.4561157,92.7772141,2
60.61788,35.6329041,-78.24767,25.7523251,22.4422016,9.08001,-99.1428757,-15.4561157,92.79156,2
60.6681824,35.6899643,-78.26157,25.7384262,22.3709354,9.08001,-99.17136,-15.4561157,92.80546,2
60.7249832,35.7490463,-78.27594,25.72406,22.297245,9.08001,-99.2008,-15.4561157,92.8198242,2
60.7849274,35.80737,-78.2901,25.7099,22.22459,9.08001,-99.22983,-15.4561157,92.8339844,2
60.8407669,35.8711662,-78.30559,25.6944084,22.1452332,9.08001,-99.26153,-15.4561462,92.84944,2
60.8932648,35.9253349,-78.3186951,25.681303,22.0779343,9.08001,-99.28842,-15.4561462,92.86255,2
60.9512329,35.9815941,-78.33229,25.6677113,22.0081272,9.08001,-99.31631,-15.4561462,92.8761444,2
61.00615,36.043766,-73.69757,30.3024273,21.93108,9.08001,-99.34709,-10.8064346,92.8911362,2
61.0575638,36.0986481,-73.7107849,30.2892113,21.8631535,9.08001,-99.37423,-10.8064346,92.90435,2
61.107933,36.1492424,-73.72295,30.2770462,21.8006039,9.08001,-99.39922,-10.8064346,92.91652,2
61.16642,36.209034,-73.73731,30.2626915,21.7267685,9.08001,-99.42871,-10.8064346,92.93088,2
61.223587,36.2713737,-73.75225,30.2477512,21.6498928,9.08001,-99.45943,-10.8064346,92.945816,2
61.27626,36.32844,-73.76591,30.2340946,21.5796032,9.08001,-99.4875,-10.8064346,92.95947,2
61.3385925,36.38637,-73.77975,30.2202549,21.5083351,9.08001,-99.515976,-10.8064346,92.97331,2
61.3961334,36.4533539,-73.79572,30.20428,21.4260387,9.08001,-99.54886,-10.8064346,92.98929,2
61.4533463,36.5136642,-73.81008,30.1899223,21.3520355,9.08001,-99.57842,-10.8064346,93.00365,2
61.50997,36.5685158,-73.82312,30.1768837,21.28481,9.08001,-99.6052856,-10.8064346,93.0166855,2
61.5605927,36.6288,-73.8374252,30.1625767,21.21101,9.08001,-99.63477,-10.8064346,93.03099,2
61.618927,36.6896248,-73.85196,30.1480427,21.1366425,9.08001,-99.66448,-10.8065567,93.0454,2
61.6699066,36.74454,-73.86495,30.1350517,21.0695724,9.08001,-99.6912842,-10.8065567,93.0583954,2
61.7306671,36.8056,-73.87937,30.12063,20.99509,9.08001,-99.72104,-10.8065567,93.0728149,2
61.7860336,36.8702774,-73.89462,30.105381,20.9162922,9.08001,-99.7525253,-10.8065567,93.0880661,2
61.8362579,36.9225159,-73.90691,30.0930824,20.85272,9.08001,-99.77792,-10.8065567,93.10036,2
61.8892746,36.974453,-73.91913,30.0808735,20.7895775,9.08001,-99.80315,-10.8065567,93.11257,2
61.9464264,37.04054,-73.93464,30.065361,20.7093239,9.08001,-99.8352051,-10.8065567,93.12808,2
62.0065765,37.1011047,-69.42984,34.57016,20.6358643,9.08001,-99.86455,-6.287569,93.14227,2
62.06202,37.1659241,-69.445,34.5549965,20.55734,9.08001,-99.89591,-6.287569,93.15743,2
62.1215439,37.2255669,-69.45893,34.54107,20.4851723,9.08001,-99.92474,-6.287569,93.1713638,2
62.1731033,37.28007,-69.47164,34.5283623,20.41929,9.08001,-99.9510651,-6.287569,93.18407,2
62.2293549,37.3413773,-69.48591,34.5140877,20.3452663,9.08001,-99.98064,-6.287569,93.19834,2
62.28823,37.4055023,-69.50082,34.4991875,20.267931,9.08001,-100.011528,-6.287569,93.21324,2
62.3467026,37.4691772,-69.51559,34.4844131,20.1912231,9.08001,-100.042183,-6.287569,93.22802,2
62.3997955,37.52297,-69.5280457,34.47195,20.1264935,9.08001,-100.068047,-6.287569,93.24048,2
62.45375,37.58791,-69.54307,34.4569321,20.0484333,9.08001,-100.099236,-6.287569,93.2555,2
62.5054855,37.64396,-69.55637,34.44363,19.98113,9.08001,-100.126129,-6.28792953,93.26844,2
62.56201,37.70394,-69.5702,34.4298019,19.90918,9.08001,-100.154877,-6.28792953,93.28227,2
62.61496,37.7590637,-69.5828857,34.41711,19.8431263,9.08001,-100.181282,-6.28792953,93.29496,2
62.6755371,37.8226471,-69.5975,34.4024963,19.7670116,9.08001,-100.211685,-6.28792953,93.30957,2
62.73221,37.8882446,-69.61256,34.3874474,19.68858,9.08001,-100.243019,-6.28792953,93.32462,2
62.78344,37.93995,-69.6244,34.3756,19.62682,9.08001,-100.267685,-6.28792953,93.33647,2
62.841713,38.0032654,-69.6388855,34.36112,19.5512638,9.08001,-100.297874,-6.28792953,93.35095,2
62.892067,38.05748,-69.65127,34.3487358,19.4866352,9.08001,-100.3237,-6.28792953,93.3633347,2
62.94236,38.1140556,-69.66417,34.33583,19.41925,9.08001,-100.350624,-6.28792953,93.376236,2
62.99813,38.1764832,-69.67838,34.3216171,19.3449745,9.08001,-100.380295,-6.28792953,93.39046,2
63.05802,38.23869,-69.69253,34.307476,19.2710419,9.08001,-100.409843,-6.28792953,93.4045944,2
63.1157761,38.30445,-66.83923,37.1607666,19.1929646,9.08001,-100.44104,-3.419712,93.41952,2
63.1755676,38.37013,-66.85411,37.14589,19.1150684,9.08001,-100.47216,-3.419712,93.4344,2
63.23349,38.4329872,-66.86833,37.1316681,19.040596,9.08001,-100.501923,-3.419712,93.448616,2
63.2887039,38.4991,-66.88326,37.11674,18.9623528,9.08001,-100.53318,-3.419712,93.46355,2
63.3394928,38.5496941,-66.89467,37.1053352,18.90253,9.08001,-100.557083,-3.419712,93.47495,2
63.3999023,38.6162376,-66.9096451,37.0903549,18.823925,9.08001,-100.588493,-3.419712,93.48994,2
63.4563,38.6823349,-66.92528,37.0747261,18.74593,9.08001,-100.619652,-3.42048645,93.50479,2
63.5081558,38.739502,-66.9381,37.0618973,18.6785355,9.08001,-100.646584,-3.42048645,93.51762,2
63.55931,38.79513,-66.95057,37.0494347,18.6130142,9.08001,-100.672768,-3.42048645,93.53008,2
63.6096268,38.84776,-66.96234,37.03766,18.5510788,9.08001,-100.69751,-3.42048645,93.5418549,2
63.6606064,38.9033165,-66.9747543,37.0252457,18.4857521,9.08001,-100.723618,-3.42048645,93.55427,2
63.7171936,38.970314,-66.9897,37.0103,18.4070511,9.08001,-100.755066,-3.42048645,93.5692139,2
63.77684,39.033123,-67.003685,36.99631,18.3333416,9.08001,-100.784515,-3.42048645,93.5832,2
63.8283539,39.09,-67.0163345,36.9836655,18.2666512,9.08001,-100.81115,-3.42048645,93.59585,2
63.8828049,39.1535263,-67.03044,36.9695625,18.19224,9.08001,-100.840881,-3.42048645,93.6099548,2
63.9351273,39.2092819,-67.0428,36.9572,18.1269836,9.08001,-100.866951,-3.42048645,93.6223145,2
63.9942627,39.27364,-67.057045,36.942955,18.05173,9.08001,-100.897018,-3.42048645,93.63656,2
64.0511246,39.3411636,-67.07197,36.9280357,17.97285,9.08001,-100.92852,-3.42048645,93.65148,2
64.10945,39.4037,-67.08576,36.914238,17.899868,9.08001,-100.957672,-3.42048645,93.6652756,2
64.17113,39.4693527,-67.10022,36.8997765,17.8233242,9.08001,-100.988243,-3.42048645,93.67973,2
64.22673,39.53477,-65.50659,38.49341,17.7471218,9.08001,-101.018692,-1.81247139,93.69412,2
64.27882,39.5924873,-65.5192642,38.4807358,17.67995,9.08001,-101.04554,-1.81247139,93.7067947,2
64.33628,39.65671,-65.53334,38.46666,17.6052742,9.08001,-101.075378,-1.81247139,93.72087,2
64.39529,39.72232,-65.54906,38.450943,17.5290546,9.08001,-101.105827,-1.81382942,93.73523,2
64.45135,39.7879333,-65.56339,38.4366074,17.4529057,9.08001,-101.136238,-1.81382942,93.7495651,2
64.50193,39.844532,-65.57574,38.42426,17.3872738,9.08001,-101.162453,-1.81382942,93.76191,2
64.56261,39.90873,-65.58972,38.41028,17.312891,9.08001,-101.192177,-1.81382942,93.7758942,2
64.61775,39.9750252,-65.60414,38.39586,17.2361469,9.08001,-101.222839,-1.81382942,93.79031,2
64.67779,40.0393333,-65.6181,38.3819,17.1617756,9.08001,-101.252541,-1.81382942,93.80427,2
64.72836,40.0957146,-65.6303253,38.3696747,17.0966225,9.08001,-101.278572,-1.81382942,93.8165,2
64.78603,40.1610527,-65.64447,38.3555336,17.02118,9.08001,-101.308716,-1.81382942,93.8306351,2
64.8377151,40.2193527,-65.65707,38.3429337,16.9539223,9.08001,-101.335587,-1.81382942,93.84324,2
64.89412,40.2848778,-65.6712,38.3287926,16.8783913,9.08001,-101.365768,-1.81382942,93.8573761,2
64.9469,40.343998,-65.6839447,38.3160553,16.8103,9.08001,-101.392967,-1.81382942,93.87012,2
65.0032043,40.4081726,-65.69775,38.30225,16.7364483,9.08001,-101.42247,-1.81382942,93.88392,2
65.0537949,40.46667,-65.71031,38.2896843,16.6691856,9.08001,-101.449348,-1.81382942,93.8964844,2
65.106575,40.5231361,-65.72243,38.2775764,16.60431,9.08001,-101.475266,-1.81382942,93.90859,2
65.16211,40.58979,-65.7367,38.263298,16.5277863,9.08001,-101.505836,-1.81382942,93.9228745,2
65.21421,40.64824,-65.7492,38.2508,16.4607353,9.08001,-101.532623,-1.81382942,93.93537,2
65.27044,40.7127953,-65.7629852,38.23702,16.3867416,9.08001,-101.562187,-1.81382942,93.94915,2
65.3217545,40.7712021,-65.77544,38.2245636,16.3198471,9.08001,-101.588913,-1.81382942,93.96161,2
65.37284,40.8271523,-65.7873459,38.2126541,16.2558136,9.08001,-101.614494,-1.81382942,93.97352,2
65.43013,40.8912544,-65.30191,38.69809,16.1825047,9.08001,-101.643784,-1.31476784,93.9871445,2
65.4889,40.9584122,-65.31771,38.6822929,16.1057644,9.08001,-101.674454,-1.31631088,94.0013962,2
65.53997,41.0171,-65.33015,38.6698532,16.03876,9.08001,-101.701218,-1.31631088,94.01383,2
65.5906143,41.0762329,-65.34266,38.65734,15.9712934,9.08001,-101.728172,-1.31631088,94.0263443,2
65.64784,41.1383133,-65.3557739,38.6442261,15.9005165,9.08001,-101.756447,-1.31631088,94.03947,2
65.70819,41.2059364,-65.37004,38.62996,15.8234816,9.08001,-101.787224,-1.31631088,94.0537338,2
65.76488,41.2720947,-65.38398,38.616024,15.7481775,9.08001,-101.817322,-1.31631088,94.0676651,2
65.82206,41.33803,-65.39784,38.6021576,15.6731873,9.08001,-101.84729,-1.31631088,94.08153,2
65.87633,41.3977051,-65.41037,38.58963,15.60537,9.08001,-101.87439,-1.31631088,94.09406,2
65.9316,41.4619064,-65.42383,38.5761681,15.5324631,9.08001,-101.903526,-1.31631088,94.10752,2
65.9907455,41.5295868,-65.4379959,38.562,15.4556665,9.08001,-101.934204,-1.31631088,94.12169,2
66.0471954,41.5983543,-65.45237,38.54763,15.3776979,9.08001,-101.965347,-1.31631088,94.136055,2
66.1068649,41.663002,-65.46586,38.53414,15.3044567,9.08001,-101.994606,-1.31631088,94.14954,2
66.15936,41.7252769,-65.47883,38.5211678,15.2339563,9.08001,-102.022774,-1.31631088,94.16252,2
66.21439,41.7899361,-65.49228,38.50772,15.1608133,9.08001,-102.052,-1.31631088,94.17597,2
66.26494,41.84629,-65.50398,38.4960136,15.097105,9.08001,-102.077469,-1.31631088,94.1876755,2
66.32201,41.91386,-65.518,38.4820023,15.0207767,9.08001,-102.107964,-1.31631088,94.20169,2
66.38539,41.979538,-65.5316,38.4684029,14.9466419,9.08001,-102.137589,-1.31631088,94.21529,2
66.44137,42.05127,-65.5464249,38.45357,14.8657341,9.08001,-102.169914,-1.31631088,94.23012,2
66.5017242,42.1170273,-65.56,38.44,14.7916231,9.08001,-102.199524,-1.31631088,94.24369,2
66.5555344,42.1800957,-65.573,38.427002,14.7205935,9.08001,-102.227905,-1.31631088,94.25668,2
66.6131744,42.24402,-65.58615,38.41385,14.6486549,9.08001,-102.256653,-1.31631088,94.26984,2
66.66905,42.3134766,-66.31046,37.689537,14.5705433,9.08001,-102.287865,-2.02635384,94.28411,2
66.72008,42.37395,-66.32287,37.67713,14.5025816,9.08001,-102.315018,-2.02635384,94.29652,2
66.7713852,42.42807,-66.3339539,37.6660461,14.4418,9.08001,-102.339294,-2.02635384,94.3076,2
66.8301,42.49637,-66.34792,37.6520767,14.3651495,9.08001,-102.369911,-2.02635384,94.32157,2
66.88161,42.55379,-66.35966,37.6403465,14.300745,9.08001,-102.395638,-2.02635384,94.3333,2
66.93764,42.62519,-66.3742142,37.6257858,14.22072,9.08001,-102.427612,-2.02635384,94.34786,2
66.98933,42.6847649,-66.3863449,37.6136551,14.1539984,9.08001,-102.454269,-2.02635384,94.35999,2
67.04488,42.7492523,-66.39946,37.60054,14.0818176,9.08001,-102.483109,-2.02635384,94.37311,2
67.09745,42.81096,-66.41199,37.5880127,14.0127983,9.08001,-102.510689,-2.02635384,94.3856354,2
67.1487045,42.86532,-66.42301,37.57699,13.9520321,9.08001,-102.534966,-2.02635384,94.39666,2
67.2030258,42.9353142,-66.43718,37.5628166,13.87384,9.08001,-102.5662,-2.02635384,94.41083,2
67.25586,42.991684,-66.44858,37.5514221,13.8109093,9.08001,-102.591339,-2.02635384,94.422226,2
67.31458,43.0588875,-66.46214,37.5378532,13.73593,9.08001,-102.621292,-2.02635384,94.43579,2
67.3654861,43.1177444,-66.47401,37.52599,13.67031,9.08001,-102.6475,-2.02635384,94.4476547,2
67.4209442,43.18905,-66.4883652,37.51164,13.5908623,9.08001,-102.679222,-2.02635384,94.4620056,2
67.47356,43.2493553,-66.50048,37.49952,13.5237112,9.08001,-102.706047,-2.02635384,94.47413,2
67.5238,43.30313,-66.51128,37.4887238,13.4638672,9.08001,-102.729958,-2.02635384,94.4849243,2
67.5806,43.37511,-66.5257,37.4743,13.3838186,9.08001,-102.761932,-2.02635384,94.4993439,2
67.64017,43.4409142,-66.53887,37.461132,13.3106871,9.08001,-102.791145,-2.02635384,94.51251,2
67.69134,43.50044,-66.55076,37.4492378,13.2445765,9.08001,-102.817551,-2.02635384,94.52441,2
67.74705,43.571373,-66.56491,37.4350853,13.1658449,9.08001,-102.849007,-2.02635384,94.53856,2
67.79896,43.62825,-66.57625,37.4237556,13.1027508,9.08001,-102.874214,-2.02635384,94.54989,2
67.85417,43.6964645,-66.58981,37.410183,13.0271311,9.08001,-102.904427,-2.02635384,94.56346,2
67.905304,43.75515,-66.6032,37.3967972,12.9621143,9.08001,-102.9304,-2.0280838,94.57512,2
67.95939,43.8163643,-66.61535,37.384655,12.8943338,9.08001,-102.957489,-2.0280838,94.587265,2
68.01818,43.8831863,-69.10338,34.89662,12.8203926,9.08001,-102.987038,-4.50288,94.6004944,2
68.07414,43.953537,-69.1172943,34.88271,12.7425966,9.08001,-103.018112,-4.50288,94.61441,2
68.12634,44.01468,-69.129364,34.8706322,12.6750231,9.08001,-103.045105,-4.50288,94.62649,2
68.1852341,44.0795326,-69.14216,34.8578453,12.6033907,9.08001,-103.073715,-4.50288,94.6392746,2
68.23534,44.1434555,-69.15474,34.8452568,12.5328341,9.08001,-103.101906,-4.50288,94.65186,2
68.29357,44.2081261,-69.16746,34.8325424,12.4614887,9.08001,-103.130409,-4.50288,94.66458,2
68.35049,44.2778473,-69.1811447,34.8188553,12.3846245,9.08001,-103.161125,-4.50288,94.67827,2
68.40167,44.3370667,-69.19276,34.8072433,12.3193722,9.08001,-103.187187,-4.50288,94.68987,2
68.45589,44.4006577,-69.2052,34.794796,12.2493458,9.08001,-103.215157,-4.50288,94.7023239,2
68.5116653,44.46892,-69.218544,34.7814522,12.17422,9.08001,-103.245171,-4.50288,94.71567,2
68.56496,44.5279121,-69.2300644,34.76994,12.1093349,9.08001,-103.271088,-4.50288,94.72718,2
68.6159439,44.58839,-69.24185,34.75815,12.0428524,9.08001,-103.297653,-4.50288,94.73897,2
68.6725,44.660408,-69.25587,34.74413,11.963727,9.08001,-103.329262,-4.50288,94.75299,2
68.72902,44.7272224,-69.26885,34.7311478,11.8903685,9.08001,-103.358566,-4.50288,94.765976,2
68.78305,44.7870636,-69.2804642,34.719532,11.8247013,9.08001,-103.384811,-4.50288,94.77759,2
68.83797,44.8569,-69.294,34.706,11.7481089,9.08001,-103.415413,-4.50288,94.79112,2
68.89891,44.9232063,-69.30683,34.69317,11.67543,9.08001,-103.444443,-4.50288,94.80395,2
68.95724,44.991375,-69.32,34.68,11.6007576,9.08001,-103.474274,-4.50288,94.81712,2
69.01224,45.0635338,-69.33392,34.66608,11.5217581,9.08001,-103.505836,-4.50288,94.83104,2
69.0654755,45.121067,-69.345,34.655,11.45881,9.08001,-103.530991,-4.50288,94.8421249,2
69.11695,45.1865768,-69.357605,34.642395,11.3871708,9.08001,-103.559616,-4.50288,94.85472,2
69.17423,45.2544937,-69.37065,34.6293526,11.3129416,9.08001,-103.589272,-4.50288,94.86777,2
69.2259445,45.3152847,-69.38231,34.61769,11.2465343,9.08001,-103.6158,-4.50288,94.87943,2
69.28031,45.3758049,-69.39489,34.605114,11.1804581,9.08001,-103.6422,-4.50386429,94.89102,2
69.338,45.44859,-69.4088058,34.5911942,11.1010389,9.08001,-103.673935,-4.50386429,94.9049454,2
69.38865,45.50568,-69.41971,34.5802879,11.0387735,9.08001,-103.698814,-4.50386429,94.91585,2
69.43886,45.57112,-69.43219,34.5678062,10.9674425,9.08001,-103.72731,-4.50386429,94.92833,2
69.49659,45.63564,-76.05835,27.9416485,10.8971519,9.08001,-103.7554,-11.117733,94.94062,2
69.54779,45.6992455,-76.07045,27.9295521,10.8278952,9.08001,-103.783066,-11.117733,94.95271,2
69.6028442,45.76601,-76.08313,27.91687,10.7552328,9.08001,-103.812096,-11.117733,94.96539,2
69.65586,45.82992,-76.09525,27.9047489,10.6857176,9.08001,-103.839874,-11.117733,94.9775162,2
69.71284,45.8943329,-76.10745,27.8925514,10.6156931,9.08001,-103.867851,-11.117733,94.9897156,2
69.7657,45.96096,-76.12005,27.87995,10.5432968,9.08001,-103.896774,-11.117733,95.00232,2
69.81765,46.01872,-76.13096,27.8690414,10.4805689,9.08001,-103.921837,-11.117733,95.01322,2
69.87672,46.0787125,-76.14227,27.8577251,10.4154415,9.08001,-103.947853,-11.117733,95.02454,2
69.92807,46.1536026,-76.15638,27.8436184,10.3341894,9.08001,-103.980309,-11.117733,95.03865,2
69.9785,46.21423,-76.1677856,27.8322182,10.26845,9.08001,-104.006577,-11.117733,95.05005,2
70.02876,46.27337,-76.178894,27.82111,10.2043514,9.08001,-104.032188,-11.117733,95.06116,2
70.08703,46.34442,-76.192215,27.8077831,10.1273785,9.08001,-104.062943,-11.117733,95.0744858,2
70.14196,46.4136124,-76.20518,27.7948246,10.0524654,9.08001,-104.092865,-11.117733,95.08744,2
70.1941757,46.4705963,-76.2158356,27.7841663,9.990797,9.08001,-104.117493,-11.117733,95.0981,2
70.24483,46.53219,-76.22734,27.7726631,9.924175,9.08001,-104.144104,-11.117733,95.1096039,2
70.30127,46.602253,-76.24041,27.759594,9.848426,9.08001,-104.17437,-11.117733,95.12267,2
70.36027,46.67233,-76.2534561,27.746542,9.772701,9.08001,-104.20462,-11.117733,95.13573,2
70.4104,46.73482,-76.26508,27.73492,9.705208,9.08001,-104.23159,-11.117733,95.14735,2
70.46714,46.80329,-76.2777939,27.7222042,9.631297,9.08001,-104.261116,-11.117733,95.1600647,2
70.51766,46.864933,-76.28923,27.7107716,9.564785,9.08001,-104.287689,-11.117733,95.17149,2
70.57057,46.9228554,-76.29996,27.7000427,9.50231552,9.08001,-104.312653,-11.117733,95.18222,2
70.6255646,46.9938164,-76.31308,27.6869183,9.425825,9.08001,-104.343208,-11.117733,95.19535,2
70.677475,47.05425,-76.32424,27.6757545,9.36071,9.08001,-104.369232,-11.117733,95.20651,2
70.7289047,47.1152725,-76.3355,27.6644974,9.294991,9.08001,-104.395485,-11.117733,95.2177658,2
70.77917,47.1750679,-76.34677,27.6532249,9.23061848,9.08001,-104.4212,-11.1179886,95.22878,2
70.83716,47.2452774,-76.3596954,27.6403084,9.155074,9.08001,-104.451378,-11.1179886,95.24171,2
70.89427,47.3170967,-76.37289,27.6271133,9.077837,9.08001,-104.482231,-11.1179886,95.2549,2
70.9458,47.3796844,-76.38437,27.615633,9.010564,9.08001,-104.509109,-11.1179886,95.26638,2
71.00547,47.44946,-76.39715,27.60285,8.935595,9.08001,-104.539063,-11.1179886,95.27916,2
71.06159,47.5207062,-82.67866,21.32134,8.859084,9.08001,-104.569626,-17.386467,95.29219,2
71.114006,47.58261,-82.6899643,21.3100319,8.792642,9.08001,-104.596184,-17.386467,95.3035,2
71.17252,47.6524162,-82.7027,21.2972984,8.717747,9.08001,-104.6261,-17.386467,95.31623,2
71.23072,47.7222366,-82.715416,21.2845821,8.64287949,9.08001,-104.656006,-17.386467,95.32895,2
71.28135,47.78513,-82.72686,21.2731419,8.575468,9.08001,-104.682938,-17.386467,95.34039,2
71.33852,47.855175,-82.73958,21.26042,8.500423,9.08001,-104.712921,-17.386467,95.35311,2
71.3892059,47.91877,-82.7511139,21.2488842,8.432324,9.08001,-104.74012,-17.386467,95.36465,2
71.44107,47.9788971,-82.76201,21.2379932,8.367962,9.08001,-104.765823,-17.386467,95.37554,2
71.4979858,48.0495453,-82.77479,21.2252121,8.292374,9.08001,-104.796028,-17.386467,95.38832,2
71.54845,48.111,-82.78589,21.21411,8.226654,9.08001,-104.822289,-17.386467,95.39942,2
71.59886,48.1748734,-82.79742,21.2025871,8.158374,9.08001,-104.849564,-17.386467,95.41095,2
71.64904,48.23257,-82.80781,21.19219,8.096722,9.08001,-104.874191,-17.386467,95.42134,2
71.6994553,48.2954559,-82.81913,21.180872,8.029551,9.08001,-104.901024,-17.386467,95.43266,2
71.74972,48.3536148,-82.82958,21.1704178,7.96745539,9.08001,-104.925827,-17.386467,95.4431152,2
71.80072,48.41421,-82.84046,21.15954,7.90278625,9.08001,-104.951668,-17.386467,95.4539948,2
71.85843,48.48615,-82.8533554,21.1466446,7.82604361,9.08001,-104.982323,-17.386467,95.46689,2
71.91339,48.55537,-82.8657455,21.1342525,7.752232,9.08001,-105.01181,-17.386467,95.47928,2
71.96494,48.6200523,-82.87731,21.1226883,7.68328953,9.08001,-105.03936,-17.386467,95.4908447,2
72.01608,48.68101,-82.88819,21.111805,7.618345,9.08001,-105.065308,-17.386467,95.5017242,2
72.07286,48.75027,-82.90054,21.0994568,7.54458857,9.08001,-105.094772,-17.386467,95.51408,2
72.13379,48.81978,-82.91292,21.0870819,7.470598,9.08001,-105.124336,-17.386467,95.52645,2
72.19177,48.8918037,-82.92572,21.0742779,7.39396763,9.08001,-105.154953,-17.386467,95.53925,2
72.24193,48.9532356,-82.93663,21.06337,7.32863045,9.08001,-105.181053,-17.386467,95.55016,2
72.29243,49.01544,-82.94766,21.05234,7.262499,9.08001,-105.207474,-17.386467,95.5611954,2
72.3492355,49.0881348,-82.96053,21.0394669,7.185252,9.08001,-105.238335,-17.386467,95.5740662,2
72.39997,49.147316,-82.97106,21.0289364,7.12238741,9.08001,-105.263458,-17.3865318,95.58453,2
72.45579,49.2189674,-82.98372,21.016283,7.04631,9.08001,-105.293854,-17.3865318,95.59718,2
72.50859,49.27903,-82.99431,21.00569,6.9825635,9.08001,-105.319328,-17.3865318,95.60778,2
72.5651,49.35341,-83.00741,20.99259,6.90365171,9.08001,-105.350861,-17.3865318,95.62088,2
72.61619,49.41586,-83.0183945,20.9816055,6.837427,9.08001,-105.377319,-17.3865318,95.63186,2
72.66732,49.474472,-83.0286942,20.97131,6.775294,9.08001,-105.402145,-17.3865318,95.64216,2
72.72511,49.54591,-70.72974,33.27026,6.69959545,9.08001,-105.432381,-5.07504845,95.65469,2
72.78132,49.61856,-70.74247,33.257534,6.62264347,9.08001,-105.463127,-5.07504845,95.66742,2
72.83369,49.6787376,-70.753,33.2470055,6.55893135,9.08001,-105.488571,-5.07504845,95.67795,2
72.88442,49.74013,-70.7637253,33.23628,6.49395561,9.08001,-105.514534,-5.07504845,95.6886749,2
72.94199,49.81424,-70.77666,33.2233467,6.415552,9.08001,-105.545853,-5.07504845,95.70161,2
73.00304,49.88581,-70.78912,33.2108765,6.33987045,9.08001,-105.576088,-5.07504845,95.71407,2
73.05874,49.96045,-70.80211,33.19789,6.260975,9.08001,-105.607613,-5.07504845,95.72706,2
73.1096,50.0227928,-70.81294,33.1870575,6.195103,9.08001,-105.633926,-5.07504845,95.73789,2
73.1687851,50.09162,-70.82488,33.1751137,6.12241,9.08001,-105.662979,-5.07504845,95.74984,2
73.2278442,50.1643867,-70.8374939,33.1625061,6.04558754,9.08001,-105.69368,-5.07504845,95.76244,2
73.27797,50.22609,-70.84817,33.15183,5.980471,9.08001,-105.7197,-5.07504845,95.7731247,2
73.3359451,50.29848,-70.86068,33.13932,5.904105,9.08001,-105.750214,-5.07504845,95.78563,2
73.39374,50.3686256,-70.87279,33.1272163,5.83013773,9.08001,-105.77977,-5.07504845,95.79774,2
73.44436,50.43087,-70.8835144,33.1164856,5.76452732,9.08001,-105.805977,-5.07504845,95.8084641,2
73.50121,50.5045547,-70.8961945,33.1038055,5.686886,9.08001,-105.83699,-5.07504845,95.8211441,2
73.56054,50.57392,-70.90812,33.0918846,5.61382675,9.08001,-105.86618,-5.07504845,95.83307,2
73.61752,50.64845,-70.9209061,33.0790939,5.53536129,9.08001,-105.897522,-5.07504845,95.8458557,2
73.67047,50.70841,-70.93118,33.0688171,5.47225571,9.08001,-105.922729,-5.07504845,95.85613,2
73.8971939,50.77264,-70.94218,33.05782,5.40468025,9.08001,-105.94973,-5.07504845,95.8671341,2
74.0800552,51.0028725,-70.9814758,33.0185242,5.162662,9.08001,-106.046417,-5.07504845,95.9064255,2
74.13783,51.2897,-71.03019,32.9698143,4.861578,9.08001,-106.1667,-5.07504845,95.95514,2
74.19524,51.3591881,-71.043045,32.956955,4.788704,9.08001,-106.195816,-5.076145,95.9668961,2
74.2535,51.43293,-71.0555038,32.9444962,4.711402,9.08001,-106.226692,-5.076145,95.97936,2
74.30927,51.5037422,-71.06746,32.9325447,4.637197,9.08001,-106.256325,-5.076145,95.99131,2
74.36021,51.56563,-71.07789,32.92211,4.57236433,9.08001,-106.282227,-5.076145,96.00174,2
74.41135,51.6276474,-71.0883255,32.9116745,4.50742435,9.08001,-106.308174,-5.076145,96.0121841,2
74.46623,51.6990471,-71.1003342,32.89967,4.4326787,9.08001,-106.338036,-5.076145,96.0241852,2
74.52455,51.7657433,-66.29173,37.70827,4.36288643,9.08001,-106.365913,-0.256345749,96.0353851,2
74.5813,51.83808,-66.3038559,37.69614,4.28721571,9.08001,-106.396149,-0.256345749,96.0475159,2
74.6388245,51.910183,-66.31593,37.6840668,4.211821,9.08001,-106.42627,-0.256345749,96.0595856,2
74.6966,51.98329,-66.3281555,37.6718445,4.13540125,9.08001,-106.456795,-0.256345749,96.07181,2
74.7482452,52.0449867,-66.33846,37.66154,4.07093525,9.08001,-106.482544,-0.256345749,96.0821152,2
74.80625,52.1175232,-66.3505554,37.6494446,3.99516726,9.08001,-106.51281,-0.256345749,96.09421,2
74.86231,52.1914139,-66.36286,37.63714,3.91801357,9.08001,-106.543633,-0.256345749,96.106514,2
74.91341,52.2550545,-66.37344,37.6265526,3.851584,9.08001,-106.570175,-0.256345749,96.1171,2
74.96523,52.31693,-66.38373,37.6162758,3.78701735,9.08001,-106.595963,-0.256345749,96.12738,2
75.01566,52.3789444,-66.39401,37.6059837,3.722329,9.08001,-106.621811,-0.256345749,96.13767,2
75.0734,52.45144,-66.40603,37.59397,3.64673114,9.08001,-106.652008,-0.256345749,96.14968,2
75.131424,52.5252762,-66.41825,37.5817528,3.56975818,9.08001,-106.682762,-0.256345749,96.1619,2
75.18176,52.58866,-66.42873,37.5712776,3.50370669,9.08001,-106.709152,-0.256345749,96.17238,2
75.2329254,52.64988,-66.43883,37.5611725,3.439935,9.08001,-106.734634,-0.256345749,96.18248,2
75.29176,52.7221565,-66.4507446,37.5492554,3.36466336,9.08001,-106.764717,-0.256345749,96.1944,2
75.34764,52.7984848,-66.46331,37.53669,3.28520584,9.08001,-106.796463,-0.256345749,96.20696,2
75.40766,52.8678551,-66.47472,37.5252838,3.21301031,9.08001,-106.825294,-0.256345749,96.21837,2
75.46002,52.93258,-66.4853439,37.51466,3.145679,9.08001,-106.852196,-0.256345749,96.229,2
75.51746,53.00677,-66.4975052,37.50249,3.06852031,9.08001,-106.883026,-0.256345749,96.2411652,2
75.57435,53.07774,-66.50913,37.49087,2.9947412,9.08001,-106.912514,-0.256345749,96.2527847,2
75.62655,53.1397057,-66.5192642,37.4807358,2.93033838,9.08001,-106.938248,-0.256345749,96.26292,2
75.68193,53.21545,-66.53164,37.4683647,2.85164356,9.08001,-106.969696,-0.256345749,96.27529,2
75.73216,53.2786369,-66.54195,37.4580574,2.78601742,9.08001,-106.995911,-0.256345749,96.2856,2
75.7836456,53.3395,-66.55186,37.44814,2.72282481,9.08001,-107.021156,-0.256345749,96.29552,2
75.83528,53.400486,-66.56178,37.4382133,2.65952134,9.08001,-107.04644,-0.256345749,96.30544,2
75.890976,53.4757347,-66.57401,37.4259834,2.58143425,9.08001,-107.077644,-0.256345749,96.31767,2
75.95076,53.5460358,-66.58543,37.4145737,2.5085113,9.08001,-107.106781,-0.256345749,96.32908,2
76.0084152,53.6098022,-66.5957642,37.4042358,2.44238138,9.08001,-107.133194,-0.256345749,96.33942,2
76.06332,53.6892357,-66.60863,37.3913765,2.36003661,9.08001,-107.166077,-0.256345749,96.35228,2
76.11979,53.7646675,-66.62082,37.37918,2.28186584,9.08001,-107.1973,-0.256345749,96.36447,2
76.1714249,53.8285332,-66.631134,37.36887,2.21570325,9.08001,-107.223732,-0.256345749,96.37479,2
76.230545,53.89792,-66.64616,37.3538475,2.14384151,9.08001,-107.252434,-0.2601776,96.38598,2
76.28088,53.9612274,-66.65635,37.34365,2.07829618,9.08001,-107.278618,-0.2601776,96.39617,2
76.33863,54.0343323,-66.6681061,37.33189,2.002629,9.08001,-107.308846,-0.2601776,96.40793,2
76.39984,54.1074181,-66.67985,37.3201523,1.92700684,9.08001,-107.339058,-0.2601776,96.41967,2
76.4550858,54.1810875,-66.6916656,37.3083344,1.85080683,9.08001,-107.3695,-0.2601776,96.43149,2
76.51536,54.2545662,-64.2685852,39.7314148,1.77482736,9.08001,-107.399857,2.174676,96.44326,2
76.57295,54.3307381,-64.28077,39.7192268,1.69609082,9.08001,-107.431313,2.174676,96.4554443,2
76.63115,54.40451,-64.29256,39.7074432,1.61985946,9.08001,-107.461761,2.174676,96.46723,2
76.68982,54.4774246,-64.30419,39.69581,1.54453909,9.08001,-107.491852,2.174676,96.47887,2
76.74766,54.55216,-64.3161,39.6839027,1.46736467,9.08001,-107.52269,2.174676,96.4907761,2
76.79898,54.6141,-64.32596,39.6740456,1.40341592,9.08001,-107.548248,2.174676,96.50063,2
76.85668,54.6849174,-64.33721,39.66279,1.33032966,9.08001,-107.577446,2.174676,96.51189,2
76.9127655,54.76229,-64.3494949,39.65051,1.25049973,9.08001,-107.609344,2.174676,96.52417,2
76.97281,54.8307228,-64.36034,39.63966,1.17991543,9.08001,-107.637543,2.174676,96.53501,2
77.02807,54.90727,-64.37246,39.6275444,1.100991,9.08001,-107.669075,2.174676,96.5471344,2
77.0782852,54.9712753,-64.382576,39.617424,1.03501332,9.08001,-107.695435,2.174676,96.55725,2
77.1305,55.0361824,-64.39282,39.6071739,0.9681262,9.08001,-107.722153,2.174676,96.5675,2
77.189476,55.10732,-64.4040451,39.5959549,0.8948396,9.08001,-107.751427,2.174676,96.57872,2
77.24743,55.1805878,-64.41559,39.5844154,0.81937623,9.08001,-107.781586,2.174676,96.59026,2
77.29805,55.2459679,-64.42587,39.5741272,0.7520605,9.08001,-107.808479,2.174676,96.60055,2
77.34849,55.3079453,-64.43561,39.5643921,0.688266635,9.08001,-107.833969,2.174676,96.61028,2
77.58347,55.36905,-64.4452,39.5548,0.625386834,9.08001,-107.859093,2.174676,96.61987,2
77.6354446,55.6719055,-64.4925842,39.50742,0.313950658,9.08001,-107.983505,2.174676,96.66726,2
77.693634,55.7453842,-64.5040359,39.4959641,0.238449946,9.08001,-108.01368,2.174676,96.67871,2
77.87047,55.7659,-64.50723,39.4927673,0.217376485,9.08001,-108.0221,2.174676,96.68191,2
77.9277,56.0434265,-64.550354,39.449646,-0.06756915,9.08001,-108.135948,2.174676,96.72503,2
78.11191,56.0767975,-64.55553,39.4444771,-0.101809345,9.08001,-108.149628,2.174676,96.7302,2
78.16586,56.33756,-64.59582,39.40418,-0.369221568,9.08001,-108.256462,2.174676,96.77049,2
78.22118,56.4174423,-64.60812,39.3918724,-0.4510873,9.08001,-108.289162,2.174676,96.78281,2
78.27356,56.4752922,-64.61703,39.3829727,-0.5103572,9.08001,-108.312851,2.174676,96.7917,2
78.32998,56.55238,-64.6288757,39.3711243,-0.5893164,9.08001,-108.344391,2.174676,96.80355,2
78.3875656,56.62377,-64.63983,39.3601646,-0.6624216,9.08001,-108.3736,2.174676,96.8145142,2
78.44641,56.6989021,-64.65135,39.3486481,-0.7393357,9.08001,-108.404327,2.174676,96.82603,2
78.50471,56.77448,-64.67004,39.3299637,-0.816679,9.08001,-108.435234,2.16756248,96.8376,2
78.5630951,56.84778,-64.6812439,39.3187561,-0.8916753,9.08001,-108.465187,2.16756248,96.84881,2
78.61327,56.91207,-64.69106,39.30894,-0.9574382,9.08001,-108.491463,2.16756248,96.85862,2
78.675766,56.9865761,-63.6601219,40.3398781,-1.03362727,9.08001,-108.521904,3.20986366,96.86999,2
78.7265244,57.05835,-63.6710548,40.3289452,-1.10700417,9.08001,-108.551216,3.20986366,96.88092,2
78.7872238,57.1296272,-63.6819,40.3181,-1.17985225,9.08001,-108.580322,3.20986366,96.89176,2
78.84002,57.2027359,-63.69301,40.30699,-1.25455308,9.08001,-108.610153,3.20986366,96.90287,2
78.8936539,57.265152,-63.70248,40.29752,-1.31831515,9.08001,-108.635628,3.20986366,96.9123459,2
78.94906,57.34181,-63.7141,40.2859,-1.39660013,9.08001,-108.6669,3.20986366,96.9239655,2
79.00068,57.40369,-63.72347,40.27653,-1.45978236,9.08001,-108.692139,3.20986366,96.9333344,2
79.05068,57.4687576,-63.7333069,40.2666931,-1.52620184,9.08001,-108.718681,3.20986366,96.94317,2
79.10691,57.5430946,-63.7445374,40.2554626,-1.60206223,9.08001,-108.748985,3.20986366,96.9544,2
79.1580353,57.6075859,-63.7542648,40.2457352,-1.66786075,9.08001,-108.775276,3.20986366,96.96413,2
79.21123,57.6745529,-63.7643547,40.2356453,-1.73616624,9.08001,-108.802567,3.20986366,96.97422,2
79.26445,57.7387924,-63.774025,40.225975,-1.80167913,9.08001,-108.828735,3.20986366,96.98389,2
79.31506,57.8062325,-63.7841644,40.2158356,-1.87043381,9.08001,-108.856209,3.20986366,96.9940262,2
79.37382,57.8793526,-63.7951431,40.2048569,-1.94496548,9.08001,-108.885986,3.20986366,97.0050049,2
79.42645,57.94713,-63.80531,40.19469,-2.014031,9.08001,-108.913574,3.20986366,97.0151749,2
79.48292,58.0224953,-63.8166,40.1834,-2.09081268,9.08001,-108.944244,3.20986366,97.02647,2
79.53453,58.08412,-63.82582,40.17418,-2.15358424,9.08001,-108.969315,3.20986366,97.03568,2
79.5930939,58.15814,-63.83688,40.16312,-2.2289505,9.08001,-108.999428,3.20986366,97.0467453,2
79.6486053,58.2338676,-63.8481827,40.1518173,-2.30604553,9.08001,-109.030228,3.20986366,97.0580444,2
79.70053,58.29872,-63.8578529,40.1421471,-2.37205172,9.08001,-109.056595,3.20986366,97.06772,2
79.75718,58.3709068,-63.8686,40.1314,-2.44550276,9.08001,-109.085945,3.20986366,97.07846,2
79.81043,58.4343452,-63.8780365,40.1219635,-2.51003933,9.08001,-109.111732,3.20986366,97.0879,2
79.86648,58.5116844,-63.8895226,40.1104774,-2.58869863,9.08001,-109.143158,3.20986366,97.09939,2
79.9184,58.573288,-63.8986626,40.1013374,-2.65133548,9.08001,-109.168182,3.20986366,97.10853,2
79.97405,58.64833,-63.9097862,40.0902138,-2.727623,9.08001,-109.198669,3.20986366,97.11965,2
80.02846,58.71743,-63.9200134,40.0799866,-2.79785085,9.08001,-109.22673,3.20986366,97.1298752,2
80.08239,58.78205,-63.9295654,40.0704346,-2.863512,9.08001,-109.25296,3.20986366,97.13943,2
80.13687,58.8571739,-63.94066,40.05934,-2.93982649,9.08001,-109.283447,3.20986366,97.15052,2
80.19147,58.9215279,-63.9501534,40.0498466,-3.0051856,9.08001,-109.309563,3.20986366,97.16002,2
80.2447739,58.9965248,-63.9612,40.0388,-3.08133912,9.08001,-109.339989,3.20986366,97.17107,2
80.2964249,59.0564842,-63.9700241,40.0299759,-3.14220524,9.08001,-109.3643,3.20986366,97.1798859,2
80.35415,59.1305923,-63.9809151,40.0190849,-3.21742082,9.08001,-109.394348,3.20986366,97.19078,2
80.40777,59.2042465,-63.99173,40.00827,-3.29215884,9.08001,-109.4242,3.20986366,97.20159,2
80.4669342,59.27649,-64.00232,39.99768,-3.36544371,9.08001,-109.453484,3.20986366,97.21218,2
80.51761,59.3426,-64.012,39.9879951,-3.43249869,9.08001,-109.480263,3.20986366,97.22187,2
80.5724,59.4138,-64.0224152,39.97758,-3.504693,9.08001,-109.5091,3.20986366,97.2322845,2
80.62388,59.480217,-64.03212,39.9678764,-3.57202554,9.08001,-109.536011,3.20986366,97.24199,2
80.68137,59.5506248,-64.0424,39.9576035,-3.64338756,9.08001,-109.564514,3.20986366,97.25226,2
80.7369843,59.6285362,-64.05376,39.9462471,-3.72233772,9.08001,-109.596046,3.20986366,97.26362,2
80.7896042,59.6909,-64.0628357,39.9371643,-3.78551531,9.08001,-109.621284,3.20986366,97.2727,2
80.8487549,59.76729,-64.0739441,39.9260559,-3.86288786,9.08001,-109.652191,3.20986366,97.2838058,2
80.90362,59.8421669,-64.084816,39.915184,-3.93870974,9.08001,-109.68248,3.20986366,97.29468,2
80.9550552,59.9074631,-64.09429,39.90571,-4.00481939,9.08001,-109.708885,3.20986366,97.30415,2
81.00648,59.96743,-64.1125946,39.8874054,-4.065516,9.08001,-109.733131,3.20024776,97.31284,2
81.0639343,60.043335,-64.2509155,39.74909,-4.142331,9.08001,-109.763817,3.072918,97.32383,2
81.11491,60.1107674,-64.2606659,39.7393379,-4.21055651,9.08001,-109.791077,3.072918,97.33358,2
81.17397,60.18266,-64.27104,39.7289543,-4.283275,9.08001,-109.820137,3.072918,97.34396,2
81.2319641,60.2602539,-64.2822342,39.717762,-4.36174631,9.08001,-109.851486,3.072918,97.3551559,2
81.28295,60.3269043,-64.29184,39.70816,-4.429134,9.08001,-109.8784,3.072918,97.36475,2
81.3363342,60.39692,-64.30191,39.6980858,-4.499911,9.08001,-109.90667,3.072918,97.37483,2
81.3872452,60.4567032,-64.31051,39.6894951,-4.56033325,9.08001,-109.9308,3.072918,97.38342,2
81.4428558,60.53382,-64.32158,39.67842,-4.63825655,9.08001,-109.961937,3.072918,97.39449,2
81.49609,60.59707,-64.33065,39.66935,-4.702152,9.08001,-109.987465,3.072918,97.4035645,2
81.55228,60.67047,-64.34116,39.6588364,-4.77629,9.08001,-110.017082,3.072918,97.4140854,2
81.60242,60.7369881,-64.3506851,39.64932,-4.84345961,9.08001,-110.043915,3.072918,97.4236,2
81.6541,60.8055267,-64.36048,39.6395226,-4.91265869,9.08001,-110.071556,3.072918,97.4333954,2
81.70947,60.8781433,-64.37084,39.6291542,-4.98595762,9.08001,-110.100845,3.072918,97.44376,2
81.76259,60.9394341,-64.3795853,39.6204147,-5.04781246,9.08001,-110.125557,3.072918,97.45251,2
81.8202438,61.0174446,-64.3907,39.6093025,-5.12652349,9.08001,-110.157,3.072918,97.4636154,2
81.8707352,61.0831,-64.40004,39.59996,-5.19275427,9.08001,-110.183464,3.072918,97.47295,2
81.92113,61.144062,-64.4087,39.5912971,-5.25423765,9.08001,-110.208023,3.072918,97.48162,2
81.97812,61.22297,-64.41991,39.5800934,-5.333806,9.08001,-110.239807,3.072918,97.49282,2
82.02954,61.28795,-64.4291153,39.57088,-5.399316,9.08001,-110.265984,3.072918,97.50204,2
82.08538,61.362793,-64.43972,39.56028,-5.474757,9.08001,-110.296127,3.072918,97.5126343,2
82.13875,61.4246635,-64.44847,39.55153,-5.537106,9.08001,-110.321045,3.072918,97.52139,2
82.1943741,61.50281,-64.45952,39.5404854,-5.61584425,9.08001,-110.352493,3.072918,97.53243,2
82.24537,61.5686531,-64.46881,39.53119,-5.6821723,9.08001,-110.37899,3.072918,97.5417252,2
82.3045654,61.63984,-64.47884,39.5211525,-5.75386858,9.08001,-110.407631,3.072918,97.5517654,2
82.3608856,61.7175941,-64.4898,39.5102043,-5.83216047,9.08001,-110.438911,3.072918,97.56271,2
82.41305,61.78074,-64.49868,39.50132,-5.89573,9.08001,-110.46431,3.072918,97.5715942,2
82.4633255,61.8440475,-64.507576,39.492424,-5.95945263,9.08001,-110.489777,3.072918,97.58049,2
82.52079,61.9217949,-64.518486,39.48151,-6.03769541,9.08001,-110.521034,3.072918,97.59141,2
82.5795059,61.9944725,-64.52868,39.4713249,-6.11081839,9.08001,-110.550247,3.072918,97.60159,2
82.6299057,62.060894,-64.53798,39.46202,-6.17763567,9.08001,-110.57695,3.072918,97.61089,2
82.68854,62.13499,-64.54834,39.4516563,-6.252157,9.08001,-110.606728,3.072918,97.62126,2
82.73994,62.20108,-64.55758,39.4424248,-6.318613,9.08001,-110.633278,3.072918,97.63049,2
82.79676,62.27733,-64.5682144,39.43178,-6.39526939,9.08001,-110.66391,3.072918,97.6411362,2
82.85475,62.35128,-64.57852,39.4214745,-6.46959972,9.08001,-110.693611,3.072918,97.65144,2
82.91195,62.42857,-64.58929,39.410717,-6.54727,9.08001,-110.724632,3.072918,97.6622,2
82.9710159,62.50313,-64.5996552,39.40035,-6.62218475,9.08001,-110.754562,3.072918,97.67257,2
83.0213,62.57023,-64.60897,39.39103,-6.68958426,9.08001,-110.781494,3.072918,97.68189,2
83.0801239,62.6422272,-64.61896,39.38104,-6.76189661,9.08001,-110.810387,3.072918,97.69188,2
83.13063,62.7073555,-64.62799,39.3720131,-6.82729769,9.08001,-110.83651,3.072918,97.7009048,2
83.1886139,62.78461,-64.63868,39.3613167,-6.9048605,9.08001,-110.867485,3.072918,97.7116,2
83.24088,62.8511047,-64.64787,39.3521233,-6.97160244,9.08001,-110.89415,3.072918,97.7207947,2
83.29946,62.9251938,-64.65811,39.3418922,-7.04595947,9.08001,-110.923859,3.072918,97.7310257,2
83.35576,63.0048256,-64.66909,39.3309059,-7.12586069,9.08001,-110.95578,3.072918,97.74201,2
83.4071,63.0676041,-64.67774,39.3222542,-7.188839,9.08001,-110.980942,3.072918,97.75066,2
83.46647,63.14334,-64.68817,39.3118324,-7.264802,9.08001,-111.011292,3.072918,97.7610855,2
83.5217361,63.2198524,-64.6986847,39.30131,-7.34152651,9.08001,-111.041946,3.072918,97.77161,2
83.58248,63.2926865,-64.70869,39.2913132,-7.4145503,9.08001,-111.071121,3.072918,97.78161,2
83.63941,63.3719749,-64.71956,39.2804375,-7.494032,9.08001,-111.102875,3.072918,97.79248,2
83.69058,63.4342651,-64.728096,39.271904,-7.55645943,9.08001,-111.127823,3.072918,97.80101,2
83.74093,63.50144,-66.09319,37.9068069,-7.623771,9.08001,-111.154709,1.71701336,97.8102,2
83.79848,63.5745621,-66.10319,37.8968124,-7.69702864,9.08001,-111.183975,1.71701336,97.8202057,2
83.8548,63.6507225,-66.11359,37.88641,-7.773319,9.08001,-111.214455,1.71701336,97.8306046,2
83.90773,63.7163162,-66.1299057,37.8700943,-7.83900928,9.08001,-111.240692,1.70964146,97.83955,2
83.96609,63.7919159,-66.1402054,37.8597946,-7.914709,9.08001,-111.270935,1.70964146,97.8498459,2
84.02456,63.86743,-66.15048,37.8495178,-7.99031067,9.08001,-111.30114,1.70964146,97.86012,2
84.08106,63.9456558,-66.16112,37.8388863,-8.068609,9.08001,-111.33242,1.70964146,97.87076,2
84.1409,64.01869,-66.17103,37.82897,-8.141699,9.08001,-111.361618,1.70964146,97.88067,2
84.19654,64.09643,-66.18157,37.818428,-8.219477,9.08001,-111.392685,1.70964146,97.89121,2
84.24834,64.15746,-66.1898346,37.81016,-8.280536,9.08001,-111.417084,1.70964146,97.89948,2
84.2989,64.22964,-66.1996,37.800396,-8.352725,9.08001,-111.44593,1.70964146,97.90925,2
84.35729,64.30195,-66.20937,37.7906227,-8.425036,9.08001,-111.474831,1.70964146,97.91902,2
84.41539,64.37721,-66.2195358,37.7804642,-8.500289,9.08001,-111.50489,1.70964146,97.92918,2
84.46541,64.44288,-66.22839,37.7716064,-8.565933,9.08001,-111.531113,1.70964146,97.9380341,2
84.5154648,64.50999,-66.2374344,37.7625656,-8.633009,9.08001,-111.557907,1.70964146,97.9470749,2
84.56577,64.57194,-66.24577,37.75423,-8.69492149,9.08001,-111.582642,1.70964146,97.9554138,2
84.62304,64.6494141,-66.25619,37.7438164,-8.772329,9.08001,-111.613571,1.70964146,97.96583,2
84.68194,64.7229,-66.26605,37.7339478,-8.845743,9.08001,-111.642914,1.70964146,97.97569,2
84.7320862,64.78962,-66.275,37.725,-8.912383,9.08001,-111.669548,1.70964146,97.98464,2
84.79054,64.8647842,-66.28507,37.7149277,-8.987442,9.08001,-111.699524,1.70964146,97.99471,2
84.84085,64.92837,-66.29359,37.7064171,-9.050936,9.08001,-111.724884,1.70964146,98.00323,2
84.89904,65.00682,-66.30407,37.6959267,-9.129253,9.08001,-111.75618,1.70964146,98.01371,2
84.9571,65.0822144,-66.31414,37.68586,-9.204505,9.08001,-111.786247,1.70964146,98.02378,2
85.00711,65.14706,-66.32279,37.6772079,-9.269219,9.08001,-111.812096,1.70964146,98.03243,2
85.05737,65.21263,-66.33153,37.6684723,-9.334646,9.08001,-111.838234,1.70964146,98.04117,2
85.11349,65.28803,-66.34157,37.6584358,-9.409872,9.08001,-111.868279,1.70964146,98.05121,2
85.16636,65.35462,-66.35042,37.6495819,-9.47629,9.08001,-111.894821,1.70964146,98.06006,2
85.2263,65.43039,-66.36048,37.6395149,-9.551854,9.08001,-111.925026,1.70964146,98.07012,2
85.28506,65.50813,-66.3708,37.6292,-9.629375,9.08001,-111.955994,1.70964146,98.08044,2
85.34313,65.58542,-66.38104,37.61896,-9.70642948,9.08001,-111.986771,1.70964146,98.09068,2
85.3958359,65.65396,-66.3901138,37.6098862,-9.774748,9.08001,-112.014069,1.70964146,98.0997543,2
85.44865,65.71797,-66.3985748,37.60142,-9.838543,9.08001,-112.039558,1.70964146,98.1082153,2
85.50346,65.79559,-66.40883,37.59117,-9.915888,9.08001,-112.070457,1.70964146,98.11847,2
85.56423,65.86922,-66.41854,37.5814552,-9.989237,9.08001,-112.09977,1.70964146,98.12818,2
85.61745,65.9453354,-66.42857,37.5714264,-10.0650587,9.08001,-112.130058,1.70964146,98.1382141,2
85.66946,66.01031,-66.4371262,37.56287,-10.1297741,9.08001,-112.155914,1.70964146,98.1467743,2
85.71968,66.07898,-66.44616,37.55384,-10.1981544,9.08001,-112.183235,1.70964146,98.1558,2
85.7796249,66.1524658,-66.45582,37.5441856,-10.2713242,9.08001,-112.212471,1.70964146,98.16546,2
85.835434,66.2311249,-66.46613,37.5338631,-10.3496284,9.08001,-112.243759,1.70964146,98.17578,2
85.88665,66.29623,-66.47467,37.52533,-10.414422,9.08001,-112.269646,1.70964146,98.18431,2
85.94588,66.36976,-66.4843,37.5157,-10.4875994,9.08001,-112.298874,1.70964146,98.19394,2
86.0029755,66.44585,-66.49425,37.50575,-10.5633039,9.08001,-112.329117,1.70964146,98.20389,2
86.05319,66.513855,-66.5031357,37.4968643,-10.6309662,9.08001,-112.356148,1.70964146,98.2127762,2
86.10471,66.5776138,-66.51146,37.48854,-10.6943808,9.08001,-112.381485,1.70964146,98.2211,2
86.16061,66.65655,-66.52175,37.47825,-10.7728891,9.08001,-112.412849,1.70964146,98.23139,2
86.21593,66.71806,-66.52976,37.4702377,-10.8340549,9.08001,-112.437286,1.70964146,98.2394,2
86.27203,66.79774,-66.54013,37.45987,-10.913271,9.08001,-112.468933,1.70964146,98.24977,2
86.32898,66.8725,-66.54984,37.4501534,-10.9875889,9.08001,-112.498627,1.70964146,98.25948,2
86.37949,66.93935,-66.5585251,37.44148,-11.0540266,9.08001,-112.525169,1.70964146,98.2681656,2
86.4307861,67.0056458,-66.56712,37.43288,-11.1199121,9.08001,-112.551491,1.70964146,98.2767639,2
86.48536,67.08077,-66.57686,37.4231453,-11.1945629,9.08001,-112.581322,1.70964146,98.2865,2
86.53714,67.1445541,-66.58511,37.41489,-11.257926,9.08001,-112.606644,1.70964146,98.294754,2
86.58826,67.211,-66.5937042,37.4063,-11.3239222,9.08001,-112.633018,1.70964146,98.3033447,2
86.63887,67.27584,-66.60207,37.3979225,-11.38832,9.08001,-112.658745,1.70964146,98.3117142,2
86.69432,67.3543243,-69.5460739,34.4539261,-11.466259,9.08001,-112.689873,-1.22422791,98.321846,2
86.74559,67.41935,-69.55445,34.4455452,-11.5308275,9.08001,-112.715668,-1.22422791,98.33022,2
86.8047943,67.49314,-69.56396,34.4360428,-11.60408,9.08001,-112.744934,-1.22422791,98.33973,2
86.86328,67.57081,-69.5739441,34.4260559,-11.6811724,9.08001,-112.775734,-1.22422791,98.34972,2
86.91924,67.6494141,-69.5840454,34.4159546,-11.7591772,9.08001,-112.8069,-1.22422791,98.35982,2
86.9712753,67.7170639,-69.59273,34.4072723,-11.8263063,9.08001,-112.833725,-1.22422791,98.3685,2
87.02733,67.78963,-69.60203,34.3979721,-11.8982983,9.08001,-112.862488,-1.22422791,98.3778,2
87.0792847,67.85368,-69.61023,34.3897667,-11.9618368,9.08001,-112.887871,-1.22422791,98.386,2
87.1299438,67.91952,-69.61865,34.3813438,-12.0271292,9.08001,-112.913963,-1.22422791,98.3944244,2
87.18907,67.99684,-69.62854,34.3714638,-12.1038122,9.08001,-112.9446,-1.22422791,98.40431,2
87.2472839,68.0740051,-69.6424561,34.3575439,-12.1803226,9.08001,-112.975159,-1.22829628,98.41416,2
87.30552,68.15135,-69.65232,34.34768,-12.2570066,9.08001,-113.0058,-1.22829628,98.42403,2
87.35565,68.214386,-69.6603546,34.33965,-12.3194857,9.08001,-113.030762,-1.22829628,98.43205,2
87.4062042,68.28008,-69.66871,34.3312874,-12.3845968,9.08001,-113.05677,-1.22829628,98.4404144,2
87.46157,68.35892,-69.6787338,34.3212662,-12.4627209,9.08001,-113.087975,-1.22829628,98.45044,2
87.51397,68.42481,-69.6871,34.3128967,-12.5280094,9.08001,-113.114059,-1.22829628,98.45881,2
87.57171,68.50242,-69.69695,34.30305,-12.6048965,9.08001,-113.144775,-1.22829628,98.46865,2
87.623764,68.5645752,-69.70483,34.2951736,-12.6664639,9.08001,-113.16938,-1.22829628,98.47653,2
87.68284,68.64166,-69.7145844,34.28541,-12.7428036,9.08001,-113.199883,-1.22829628,98.48629,2
87.73818,68.7195053,-69.7244339,34.27557,-12.8198891,9.08001,-113.230667,-1.22829628,98.49613,2
87.78856,68.78561,-69.73278,34.2672157,-12.8853388,9.08001,-113.256813,-1.22829628,98.5044861,2
87.84622,68.86275,-69.7425156,34.25748,-12.9617014,9.08001,-113.287323,-1.22829628,98.51422,2
87.9074249,68.9366,-69.75183,34.2481728,-13.0348024,9.08001,-113.316536,-1.22829628,98.52353,2
87.96145,69.015564,-69.76177,34.2382278,-13.11295,9.08001,-113.347763,-1.22829628,98.53348,2
88.01352,69.07948,-69.76981,34.2301865,-13.1762,9.08001,-113.373032,-1.22829628,98.54152,2
88.06447,69.14672,-69.77827,34.2217369,-13.2427235,9.08001,-113.399612,-1.22829628,98.5499649,2
88.11467,69.21453,-69.78677,34.2132225,-13.3098011,9.08001,-113.426414,-1.22829628,98.55848,2
88.1698,69.28947,-69.79617,34.2038231,-13.3839226,9.08001,-113.456024,-1.22829628,98.56788,2
88.22079,69.35677,-69.80461,34.1953926,-13.4504881,9.08001,-113.482613,-1.22829628,98.57631,2
88.28355,69.4298,-69.81375,34.18625,-13.5227041,9.08001,-113.511459,-1.22829628,98.58546,2
88.33766,69.5106354,-69.82386,34.1761436,-13.6026287,9.08001,-113.543396,-1.22829628,98.59556,2
88.3900757,69.57576,-69.83199,34.16801,-13.6670084,9.08001,-113.569115,-1.22829628,98.60369,2
88.44709,69.64984,-69.84123,34.1587677,-13.7402306,9.08001,-113.598366,-1.22829628,98.61294,2
88.50367,69.72895,-69.8511,34.1489067,-13.81841,9.08001,-113.629608,-1.22829628,98.6227951,2
88.55416,69.79538,-69.85937,34.1406364,-13.8840551,9.08001,-113.65583,-1.22829628,98.6310654,2
88.6146545,69.86927,-69.86855,34.131443,-13.9570627,9.08001,-113.685,-1.22829628,98.64026,2
88.66493,69.9370041,-69.87697,34.1230278,-14.0239725,9.08001,-113.711739,-1.22829628,98.648674,2
88.72104,70.01442,-69.88658,34.11342,-14.1004419,9.08001,-113.742279,-1.22829628,98.65829,2
88.78053,70.08825,-69.89574,34.1042633,-14.1733618,9.08001,-113.771416,-1.22829628,98.66744,2
88.8403549,70.16653,-69.90543,34.09457,-14.2506552,9.08001,-113.802292,-1.22829628,98.67713,2
88.8985062,70.2448,-69.9151154,34.0848846,-14.3279352,9.08001,-113.833168,-1.22829628,98.68682,2
88.95619,70.3222961,-69.92469,34.0753059,-14.4044418,9.08001,-113.863731,-1.22829628,98.6963959,2
89.0064545,70.38562,-69.93251,34.06749,-14.4669447,9.08001,-113.88871,-1.22829628,98.704216,2
89.062294,70.46342,-69.94211,34.0578957,-14.5437288,9.08001,-113.91938,-1.22829628,98.7138062,2
89.115036,70.5319,-69.95055,34.0494576,-14.6113052,9.08001,-113.946373,-1.22829628,98.7222443,2
89.17056,70.60713,-69.9598,34.0401955,-14.6855383,9.08001,-113.976028,-1.22829628,98.73151,2
89.2207,70.6715,-69.96772,34.0322838,-14.7490387,9.08001,-114.0014,-1.22829628,98.73942,2
89.27285,70.73761,-69.97584,34.0241623,-14.8142471,9.08001,-114.027458,-1.22829628,98.74754,2
89.33159,70.8137054,-69.9851761,34.01482,-14.8893051,9.08001,-114.057442,-1.22829628,98.75688,2
89.38888,70.89355,-69.9949646,34.0050354,-14.96804,9.08001,-114.08889,-1.22829628,98.76667,2
89.44815,70.9686661,-70.0041656,33.9958344,-15.04211,9.08001,-114.118492,-1.22829628,98.77587,2
89.50038,71.03269,-70.012,33.9880028,-15.1052351,9.08001,-114.143715,-1.22829628,98.7837,2
89.5562057,71.114296,-70.02197,33.97803,-15.1856737,9.08001,-114.17585,-1.22829628,98.79367,2
89.61019,71.1858749,-70.03071,33.96929,-15.2562218,9.08001,-114.204041,-1.22829628,98.8024139,2
89.67084,71.258934,-70.03962,33.96038,-15.328228,9.08001,-114.232811,-1.22829628,98.8113251,2
89.72621,71.34021,-70.04952,33.95048,-15.408309,9.08001,-114.264809,-1.22829628,98.82122,2
89.77765,71.40171,-70.05701,33.942997,-15.4689035,9.08001,-114.289017,-1.22829628,98.8287048,2
89.83507,71.48163,-70.06672,33.93328,-15.547636,9.08001,-114.320473,-1.22829628,98.8384247,2
89.88523,71.5463638,-70.074585,33.925415,-15.6114025,9.08001,-114.345947,-1.22829628,98.84629,2
89.9429855,71.62402,-70.08401,33.9159927,-15.6878881,9.08001,-114.376511,-1.22829628,98.85571,2
89.99752,71.69693,-70.09284,33.9071579,-15.7596788,9.08001,-114.40519,-1.22829628,98.86455,2
90.0480652,71.75844,-74.17473,29.8252754,-15.82024,9.08001,-114.42939,-5.30273056,98.871994,2
90.10188,71.83367,-74.18383,29.8161736,-15.8943148,9.08001,-114.458984,-5.30273056,98.8810959,2
90.15836,71.9072,-74.19271,29.8072853,-15.9667006,9.08001,-114.4879,-5.30273056,98.8899841,2
90.21649,71.98446,-74.20204,29.7979584,-16.04274,9.08001,-114.518272,-5.30273056,98.89931,2
90.26743,72.0481644,-74.2097244,29.7902756,-16.1054325,9.08001,-114.54332,-5.30273056,98.90699,2
90.32501,72.1271744,-74.2192459,29.780756,-16.18318,9.08001,-114.574394,-5.30273056,98.91651,2
90.3831558,72.2038345,-74.22847,29.7715282,-16.2586079,9.08001,-114.60453,-5.30273056,98.92574,2
90.43353,72.27022,-74.23645,29.7635479,-16.32391,9.08001,-114.630623,-5.30273056,98.93372,2
90.49246,72.34556,-74.24551,29.7544975,-16.3980236,9.08001,-114.660225,-5.30273056,98.94277,2
90.5424957,72.41281,-74.25357,29.7464256,-16.4641685,9.08001,-114.686653,-5.30273056,98.95084,2
90.6016541,72.4892,-74.26273,29.7372684,-16.53929,9.08001,-114.716675,-5.30273056,98.96,2
90.66077,72.56638,-74.27197,29.7280254,-16.6151829,9.08001,-114.747,-5.30273056,98.9692459,2
90.7176,72.64705,-74.2816238,29.7183743,-16.6944942,9.08001,-114.778687,-5.30273056,98.9789,2
90.77787,72.7216949,-74.29054,29.7094555,-16.76787,9.08001,-114.808006,-5.30273056,98.9878159,2
90.82878,72.79329,-74.2990952,29.7009068,-16.83825,9.08001,-114.836121,-5.30273056,98.99636,2
90.88502,72.87121,-74.30839,29.6916142,-16.9148273,9.08001,-114.866714,-5.30273056,99.00565,2
90.9377747,72.93699,-74.31622,29.6837769,-16.9794674,9.08001,-114.89254,-5.30273056,99.01349,2
90.9883,73.0012,-74.32387,29.6761341,-17.0425587,9.08001,-114.91774,-5.30273056,99.02113,2
91.04678,73.07975,-74.3350754,29.6649246,-17.11973,9.08001,-114.94857,-5.3046,99.03048,2
91.10336,73.15788,-74.34436,29.6556435,-17.1964817,9.08001,-114.97924,-5.3046,99.03976,2
91.1553345,73.2223,-74.352005,29.6479969,-17.2597561,9.08001,-115.004524,-5.3046,99.0474,2
91.2129745,73.3012161,-74.36136,29.6386414,-17.3372612,9.08001,-115.035492,-5.3046,99.0567551,2
91.2717743,73.37734,-74.37038,29.6296253,-17.412014,9.08001,-115.065353,-5.3046,99.06577,2
91.32915,73.45614,-74.3797,29.6203041,-17.4893837,9.08001,-115.096268,-5.3046,99.0750961,2
91.37957,73.52189,-74.38747,29.6125317,-17.5539379,9.08001,-115.122055,-5.3046,99.08287,2
91.4378052,73.59907,-74.39658,29.6034184,-17.6297016,9.08001,-115.152313,-5.3046,99.09198,2
91.49385,73.67489,-74.4055252,29.5944748,-17.70412,9.08001,-115.182045,-5.3046,99.10092,2
91.54631,73.74199,-74.41343,29.5865669,-17.7699757,9.08001,-115.208359,-5.3046,99.10883,2
91.59693,73.80778,-74.42118,29.5788231,-17.83453,9.08001,-115.234154,-5.3046,99.11658,2
91.65499,73.88786,-74.4305954,29.5694027,-17.9131069,9.08001,-115.265549,-5.3046,99.126,2
91.71365,73.96214,-74.43932,29.5606766,-17.985981,9.08001,-115.294662,-5.3046,99.13473,2
91.77113,74.0411,-74.44859,29.5514069,-18.0634384,9.08001,-115.325607,-5.3046,99.14399,2
91.83129,74.1170349,-74.4575,29.5425053,-18.1379166,9.08001,-115.355362,-5.3046,99.15289,2
91.8882446,74.19687,-74.46684,29.5331535,-18.2162132,9.08001,-115.386635,-5.3046,99.16225,2
91.94641,74.27137,-74.47556,29.524437,-18.28927,9.08001,-115.415817,-5.3046,99.17097,2
91.99679,74.3379059,-74.48334,29.5166588,-18.3545074,9.08001,-115.441879,-5.3046,99.17874,2
92.04708,74.4061661,-74.49131,29.5086861,-18.4214287,9.08001,-115.468613,-5.3046,99.1867142,2
92.10457,74.48377,-74.50037,29.4996319,-18.497509,9.08001,-115.499008,-5.3046,99.19577,2
92.15503,74.55053,-74.50815,29.49185,-18.5629387,9.08001,-115.525146,-5.3046,99.20355,2
92.20637,74.61515,-74.51568,29.4843254,-18.626276,9.08001,-115.550453,-5.3046,99.2110748,2
92.26133,74.69494,-74.5249557,29.4750423,-18.7044621,9.08001,-115.581696,-5.3046,99.22036,2
92.31199,74.76111,-74.5326462,29.46735,-18.7693024,9.08001,-115.6076,-5.3046,99.22805,2
92.37216,74.8350143,-74.54123,29.4587688,-18.841711,9.08001,-115.636528,-5.3046,99.23663,2
92.42738,74.9158859,-74.55061,29.4493866,-18.92094,9.08001,-115.668175,-5.3046,99.24602,2
92.47743,74.98175,-74.55824,29.4417534,-18.9854546,9.08001,-115.693947,-5.3046,99.25365,2
92.52932,75.04682,-74.56578,29.43422,-19.0491924,9.08001,-115.719406,-5.3046,99.2611847,2
92.5880661,75.12221,-74.5745,29.425499,-19.1230164,9.08001,-115.7489,-5.3046,99.2699051,2
92.64759,75.20121,-74.58363,29.4163685,-19.2003784,9.08001,-115.7798,-5.3046,99.27903,2
92.70496,75.27842,-74.5925446,29.4074554,-19.2759781,9.08001,-115.81,-5.3046,99.28795,2
92.76138,75.35768,-74.6016846,29.3983135,-19.3535767,9.08001,-115.841,-5.3046,99.29709,2
92.82399,75.43205,-74.61025,29.3897457,-19.4263783,9.08001,-115.870087,-5.3046,99.30566,2
92.87842,75.5122757,-74.6194839,29.3805141,-19.5048981,9.08001,-115.901459,-5.3046,99.31489,2
92.92856,75.5804138,-74.62732,29.37268,-19.5715771,9.08001,-115.9281,-5.3046,99.32272,2
92.97925,75.64779,-74.63506,29.36494,-19.6375084,9.08001,-115.954445,-5.3046,99.33046,2
93.03544,75.72233,-74.6436157,29.3563862,-19.7104454,9.08001,-115.983582,-5.3046,99.33901,2
93.08922,75.7877655,-74.6511154,29.3488827,-19.7744675,9.08001,-116.009163,-5.3046,99.34652,2
93.1464539,75.8646545,-74.65993,29.3400745,-19.8496857,9.08001,-116.039207,-5.3046,99.35532,2
93.20222,75.94447,-74.66906,29.3309422,-19.9277611,9.08001,-116.070404,-5.3046,99.3644562,2
93.2535553,76.01193,-74.67677,29.3232288,-19.9937382,9.08001,-116.096756,-5.3046,99.37217,2
93.3131943,76.08646,-74.68528,29.3147182,-20.06662,9.08001,-116.12587,-5.3046,99.3806839,2
93.3712,76.16592,-74.69435,29.30565,-20.1443214,9.08001,-116.156914,-5.3046,99.38975,2
93.4218445,76.2301254,-74.70167,29.2983322,-20.2071,9.08001,-116.182,-5.3046,99.3970642,2
93.4799347,76.30788,-74.7105255,29.2894783,-20.2831173,9.08001,-116.212357,-5.3046,99.40592,2
93.5383453,76.38492,-74.7192841,29.2807121,-20.3584232,9.08001,-116.242455,-5.3046,99.41469,2
93.59607,76.46546,-74.72844,29.2715588,-20.4371471,9.08001,-116.273911,-5.3046,99.42384,2
93.64767,76.53071,-74.73585,29.26415,-20.5009174,9.08001,-116.299385,-5.3046,99.43125,2
93.69783,76.5962143,-74.74328,29.25672,-20.5649338,9.08001,-116.324951,-5.3046,99.43868,2
93.7539139,76.67697,-74.75243,29.2475662,-20.64384,9.08001,-116.356491,-5.3046,99.44783,2
93.80507,76.7402344,-74.7596,29.2404022,-20.7056541,9.08001,-116.381187,-5.3046,99.4549942,2
93.86279,76.81914,-73.06734,30.93266,-20.7827377,9.08001,-116.411987,-3.60341644,99.46392,2
93.91957,76.8975143,-73.0761948,30.9238014,-20.8593025,9.08001,-116.442574,-3.60341644,99.47278,2
93.97004,76.96555,-73.08388,30.91612,-20.9257526,9.08001,-116.469124,-3.60341644,99.48046,2
94.02096,77.02826,-73.09095,30.9090462,-20.9869938,9.08001,-116.4936,-3.60341644,99.48753,2
94.07183,77.09763,-73.09877,30.901228,-21.0547428,9.08001,-116.52066,-3.60341644,99.49535,2
94.13124,77.17355,-73.10732,30.89268,-21.1288757,9.08001,-116.55027,-3.60341644,99.50391,2
94.185524,77.25303,-73.1162643,30.8837376,-21.2064762,9.08001,-116.581276,-3.60341644,99.51285,2
94.23626,77.32145,-73.1239548,30.876049,-21.2732716,9.08001,-116.607971,-3.60341644,99.52054,2
94.28627,77.3882,-73.13145,30.8685532,-21.3384323,9.08001,-116.633995,-3.60341644,99.52803,2
94.3389053,77.4524,-73.13865,30.861351,-21.4010963,9.08001,-116.659035,-3.60341644,99.53523,2
94.3890152,77.51581,-73.14576,30.8542423,-21.4629841,9.08001,-116.683754,-3.60341644,99.54234,2
94.44933,77.5931854,-73.15443,30.8455772,-21.538496,9.08001,-116.713921,-3.60341644,99.55101,2
94.5026855,77.67563,-73.16365,30.8363533,-21.618948,9.08001,-116.746063,-3.60341644,99.5602341,2
94.554924,77.7398758,-73.17083,30.82917,-21.6816349,9.08001,-116.771111,-3.60341644,99.56741,2
94.61408,77.81648,-73.17938,30.8206158,-21.7563725,9.08001,-116.800972,-3.60341644,99.5759659,2
94.6713943,77.89702,-73.18837,30.8116322,-21.8349361,9.08001,-116.832352,-3.60341644,99.58495,2
94.72995,77.9742355,-73.1969757,30.8030262,-21.9102554,9.08001,-116.86245,-3.60341644,99.59356,2
94.78929,78.0493,-73.20533,30.7946682,-21.9834671,9.08001,-116.8917,-3.60341644,99.60191,2
94.84864,78.12752,-73.214035,30.7859669,-22.0597477,9.08001,-116.922173,-3.60341644,99.61062,2
94.9034042,78.21026,-73.22323,30.7767735,-22.14043,9.08001,-116.9544,-3.60341644,99.61981,2
94.95353,78.27559,-73.23048,30.7695217,-22.2041225,9.08001,-116.979851,-3.60341644,99.62706,2
95.00517,78.33871,-73.23748,30.76252,-22.26566,9.08001,-117.004448,-3.60341644,99.63406,2
95.05696,78.40532,-73.2448654,30.7551384,-22.3305931,9.08001,-117.030388,-3.60341644,99.64145,2
95.11408,78.48306,-73.25347,30.74653,-22.4063759,9.08001,-117.060669,-3.60341644,99.6500549,2
95.1651,78.5521,-73.26111,30.7388916,-22.4736671,9.08001,-117.087547,-3.60341644,99.65769,2
95.2196655,78.63216,-73.26996,30.7300453,-22.55169,9.08001,-117.118713,-3.60341644,99.66654,2
95.27128,78.6977158,-73.27719,30.722805,-22.6155739,9.08001,-117.144241,-3.60341644,99.6737747,2
95.32172,78.7601852,-73.28409,30.7159138,-22.6764488,9.08001,-117.168556,-3.60341644,99.68067,2
95.3725052,78.82895,-73.2916641,30.708334,-22.7434425,9.08001,-117.19532,-3.60341644,99.68825,2
95.4299,78.90622,-73.30018,30.6998234,-22.8187275,9.08001,-117.225395,-3.60341644,99.69676,2
95.4808655,78.97818,-73.3081,30.691906,-22.8888264,9.08001,-117.253395,-3.60341644,99.70468,2
95.53133,79.04051,-73.31495,30.6850529,-22.94954,9.08001,-117.277649,-3.60341644,99.71153,2
95.5892258,79.116745,-73.3260345,30.6739674,-23.0237885,9.08001,-117.307304,-3.60612869,99.7199,2
95.63954,79.18401,-73.33341,30.6665859,-23.089304,9.08001,-117.333481,-3.60612869,99.72729,2
95.69454,79.2644653,-73.34223,30.6577663,-23.1676445,9.08001,-117.364777,-3.60612869,99.73611,2
