timeSeconds,distanceMeters,prxDbm,snrDb,worldX,worldY,worldZ,txGainDbi,pathLossDb,buildingCollisions
0,46.6146469,-84.33987,19.6601315,94.67,8.592,-110.69,-22.2148857,95.1249847,2
0.0527046919,46.6146469,-84.33987,19.6601315,94.67,8.592,-110.69,-22.2148857,95.1249847,2
0.142290592,45.983387,-82.48117,21.5188332,93.91604,8.602656,-111.007912,-20.4746132,95.00655,2
0.214464545,45.428566,-82.08146,21.918541,93.24741,8.612089,-111.2898,-20.1803436,94.9011154,2
0.2702359,44.94249,-80.6161346,23.3838615,92.65675,8.620413,-111.538795,-18.80846,94.80768,2
0.321459055,44.6451263,-80.55848,23.4415226,92.293045,8.625538,-111.692116,-18.80846,94.7500153,2
0.375599384,44.3319168,-80.49732,23.5026741,91.90793,8.630962,-111.854454,-18.80846,94.6888657,2
0.4294907,43.9426727,-79.30413,24.6958675,91.4263,8.637745,-112.057487,-17.6918678,94.61227,2
0.480196834,43.64201,-79.2445,24.7555027,91.0518951,8.643017,-112.215317,-17.6918678,94.55263,2
0.5323502,43.3218,-78.39591,25.6040859,90.6507645,8.648664,-112.384407,-16.90725,94.48866,2
0.5917405,42.9776573,-78.32664,25.67336,90.2168,8.654775,-112.567345,-16.90725,94.41939,2
0.654031754,42.6314354,-78.2563858,25.7436161,89.7770844,8.660965,-112.7527,-16.90725,94.34914,2
0.706509233,42.26555,-77.68274,26.31726,89.30884,8.667557,-112.950081,-16.408474,94.27426,2
0.758873,41.977,-77.62324,26.3767624,88.93687,8.672793,-113.106873,-16.408474,94.21476,2
0.814440846,41.6245842,-77.1420059,26.8579941,88.4791641,8.679236,-113.299828,-16.000473,94.14153,2
0.86723423,41.3283539,-77.07997,26.92003,88.09142,8.684695,-113.46328,-16.000473,94.0795,2
0.925904751,40.98876,-76.74668,27.253315,87.64337,8.691002,-113.652153,-15.7388535,94.00783,2
0.9841356,40.6606522,-77.1526642,26.8473358,87.20669,8.697149,-113.836243,-16.2146416,93.93802,2
1.04242158,40.31796,-76.95216,27.04784,86.7464142,8.703628,-114.030266,-16.0876541,93.86451,2
1.10271573,39.9875031,-76.88068,27.1193256,86.29831,8.709935,-114.21917,-16.0876541,93.79302,2
1.15848446,39.655304,-76.7802658,27.2197361,85.84339,8.716338,-114.410942,-16.0597038,93.72056,2
1.20928836,39.3722076,-78.27102,25.72898,85.4519958,8.721848,-114.575943,-17.61269,93.65833,2
1.26020122,39.1134377,-78.24997,25.7500267,85.0911,8.726929,-114.728065,-17.6489182,93.60105,2
1.32003093,38.78576,-78.1769,25.823101,84.62958,8.733426,-114.922607,-17.6489182,93.5279846,2
1.377686,38.4733963,-78.2116547,25.78835,84.18464,8.739689,-115.110168,-17.7539063,93.45775,2
1.42772937,38.2103653,-78.15206,25.8479347,83.80599,8.745019,-115.269783,-17.7539063,93.3981552,2
1.47796106,37.93797,-82.9373245,21.0626755,83.40981,8.750597,-115.43679,-22.6013069,93.33601,2
1.53053427,37.6477242,-82.87061,21.1293831,82.98288,8.756606,-115.616776,-22.6013069,93.26931,2
1.58709311,37.3744965,-82.7323761,21.267622,82.5762,8.762331,-115.788216,-22.5263367,93.20604,2
1.6372714,37.1297951,-82.67532,21.3246765,82.20783,8.767516,-115.943504,-22.5263367,93.14899,2
1.69338846,36.82217,-89.33047,14.6695356,81.7388153,8.774118,-116.141228,-29.2537422,93.07672,2
1.74391937,36.5701027,-89.289505,14.710495,81.3493042,8.779601,-116.30542,-29.2724457,93.01706,2
1.79392815,36.343483,-89.23551,14.7644882,80.99485,8.784591,-116.454849,-29.2724457,92.9630661,2
1.84506321,36.0893478,-88.87221,15.1277914,80.59228,8.790257,-116.624557,-28.9700928,92.9021149,2
1.90533042,35.84857,-88.814064,15.1859341,80.20563,8.7957,-116.787544,-28.9700928,92.84397,2
1.9594481,35.53375,-84.78483,19.2151718,79.6917953,8.802933,-117.00415,-25.0174713,92.76736,2
2.01507115,35.37813,-84.7467041,19.2532959,79.43413,8.80656,-117.11277,-25.0174713,92.72923,2
2.06751418,35.0579376,-85.10732,18.8926754,78.89572,8.814138,-117.339737,-25.4570618,92.65026,2
2.123166,34.79174,-86.41033,17.58967,78.439064,8.820566,-117.532249,-26.8262711,92.58406,2
2.18428,34.57159,-88.99284,15.0071564,78.05468,8.825976,-117.694283,-29.46392,92.52892,2
2.24010134,34.280056,-94.81989,9.180105,77.53549,8.833284,-117.913155,-35.36453,92.45537,2
2.2939024,34.07818,-94.76859,9.231408,77.16865,8.838448,-118.0678,-35.36453,92.40406,2
2.35021949,33.83499,-93.68488,10.3151188,76.7180939,8.84478951,-118.257721,-34.3430252,92.34186,2
2.40128255,33.6229744,-87.95186,16.0481377,76.31693,8.850437,-118.426842,-28.6646042,92.2872543,2
2.45984244,33.39424,-84.42849,19.57151,75.87465,8.856663,-118.613289,-25.2005234,92.22797,2
2.51707578,33.1675,-84.3693161,19.6306858,75.4256,8.862984,-118.802582,-25.2005234,92.16879,2
2.56745243,32.9866867,-82.12475,21.87525,75.05923,8.868141,-118.957024,-23.00344,92.12131,2
2.625389,32.76403,-80.6159439,23.3840561,74.59699,8.874647,-119.151886,-21.553463,92.0624847,2
2.676338,32.5831337,-79.26451,24.7354889,74.21161,8.880072,-119.314354,-20.2501183,92.01439,2
2.73523641,32.3803024,-78.47296,25.5270367,73.76792,8.886316,-119.501381,-19.51281,91.96015,2
2.79218984,32.1809959,-77.90683,26.0931664,73.3187256,8.89264,-119.690742,-19.000309,91.9065247,2
2.84300041,32.01865,-77.86291,26.1370945,72.9421,8.897942,-119.84951,-19.000309,91.8625946,2
2.90044546,31.8278236,-77.3087158,26.6912861,72.48564,8.90436649,-120.041931,-18.49804,91.81068,2
2.95991659,31.649992,-77.0113,26.988699,72.0453,8.910565,-120.227554,-18.2492943,91.76201,2
3.01793,31.47692,-76.7991257,27.2008724,71.60106,8.916819,-120.414825,-18.0847473,91.71438,2
3.07784319,31.3034058,-76.651825,27.3481789,71.13799,8.923337,-120.610039,-17.9854546,91.66637,2
3.135127,31.1388874,-76.5625458,27.4374523,70.68019,8.929781,-120.803032,-17.9419518,91.6206,2
3.19006062,30.9892426,-76.50975,27.49025,70.24551,8.9359,-120.986282,-17.9309959,91.57876,2
3.24653959,30.84822,-76.5140457,27.4859524,69.81747,8.941925,-121.166718,-17.97491,91.53914,2
3.29874945,30.72713,-76.57576,27.4242439,69.43343,8.94733,-121.328613,-18.0707817,91.5049744,2
3.35633421,30.5960045,-76.69016,27.3098354,68.99762,8.953465,-121.512329,-18.2223358,91.46783,2
3.55910063,30.5033169,-76.88686,27.1131382,68.67506,8.958006,-121.648308,-18.445385,91.4414749,2
3.618277,30.0803814,-78.55683,25.4431686,66.98823,8.98175,-122.3594,-20.23663,91.3202,2
3.66974831,29.9995537,-79.2206345,24.7793674,66.6075058,8.987108,-122.51989,-20.9238014,91.29683,2
3.72465134,29.908432,-79.8555756,24.14442,66.14331,8.993643,-122.715569,-21.58517,91.27041,2
3.78474617,29.83142,-80.446434,23.5535641,65.71359,8.999691,-122.896721,-22.1984215,91.24802,2
3.8431015,29.7571011,-80.14877,23.8512287,65.25513,9.006145,-123.09,-21.9224243,91.22635,2
4.04258966,29.7283516,-80.14037,23.859623,65.0628357,9.008851,-123.171059,-21.9224243,91.21795,2
4.202874,29.5619469,-77.39887,26.6011257,63.6552429,9.028665,-123.764435,-19.22968,91.1692,2
4.262516,29.4682484,-75.88622,28.1137753,62.065155,9.051046,-124.434738,-17.7446022,91.1416245,2
4.320318,29.4600258,-75.71574,28.2842636,61.6132927,9.057407,-124.625229,-17.5765381,91.1392,2
4.37044525,29.45944,-75.5976944,28.4023075,61.2306252,9.062794,-124.786545,-17.4586678,91.13902,2
4.42495966,29.466507,-75.46192,28.5380764,60.76963,9.069283,-124.980873,-17.320816,91.1411057,2
4.475465,29.4794846,-75.43139,28.56861,60.3703423,9.074903,-125.149185,-17.2864571,91.1449356,2
4.525679,29.4970322,-75.41413,28.5858688,60.0033264,9.080069,-125.3039,-17.26403,91.1501,2
4.576872,29.5210476,-75.4105453,28.5894566,59.6206169,9.085456,-125.46524,-17.2533722,91.15717,2
4.627491,29.5495777,-75.41374,28.5862541,59.25315,9.090629,-125.620148,-17.2481842,91.16556,2
4.68558264,29.5924358,-75.42978,28.5702171,58.79703,9.097049,-125.812431,-17.2516327,91.17815,2
4.736502,29.6334438,-75.4453049,28.5546951,58.425148,9.102283,-125.969193,-17.255127,91.19018,2
4.79424524,29.69277,-75.46799,28.5320129,57.9571762,9.108869,-126.166466,-17.260437,91.20755,2
4.95332861,29.7025261,-75.47084,28.52916,57.8861237,9.109869,-126.196419,-17.260437,91.2104,2
5.008666,29.9719658,-75.5915146,28.4084873,56.2961121,9.13225,-126.866684,-17.3026733,91.28884,2
5.0610137,30.0504055,-75.58422,28.4157753,55.9173927,9.137582,-127.026337,-17.2726822,91.31154,2
5.11853743,30.1481667,-75.57964,28.4203587,55.4780273,9.143766,-127.211548,-17.2398872,91.33975,2
5.28087473,30.16696,-75.55557,28.4444256,55.3971138,9.144905,-127.245659,-17.2104073,91.34517,2
5.33960342,30.5896,-75.63914,28.3608665,53.7768021,9.167574,-127.923172,-17.1731224,91.46601,2
5.55097055,30.657095,-75.65828,28.3417225,53.521698,9.170897,-128.020081,-17.1731224,91.48515,2
5.60113239,31.2015171,-75.740036,28.259964,51.7081451,9.194521,-128.708923,-17.1019859,91.63805,2
5.652382,31.3344383,-75.57483,28.425169,51.31404,9.199655,-128.858582,-16.8998566,91.67497,2
5.706027,31.4799919,-75.37431,28.6256847,50.89878,9.205065,-129.016266,-16.6590881,91.7152252,2
5.89280224,31.5512371,-75.12096,28.87904,50.7011147,9.207639,-129.091324,-16.386097,91.73486,2
5.94841528,32.2104073,-74.57738,29.4226227,49.0116158,9.229645,-129.732834,-15.6629181,91.91446,2
5.99967146,32.3374443,-74.21246,29.7875347,48.7096443,9.233577,-129.847488,-15.2638149,91.94865,2
6.17792,32.4672356,-74.24725,29.7527428,48.4075851,9.237512,-129.962173,-15.2638149,91.9834442,2
6.23473358,33.2084236,-73.44542,30.5545845,46.78748,9.25861549,-130.577316,-14.2659149,92.1795044,2
6.293161,33.42383,-74.41283,29.5871754,46.3446045,9.264385,-130.745483,-15.177166,92.23566,2
6.492918,33.6200638,-74.25651,29.7434883,45.9502678,9.269523,-130.8952,-14.970005,92.28651,2
6.54361439,34.43356,-75.91577,28.08423,44.39498,9.289782,-131.485718,-16.4215965,92.49417,2
6.600446,34.6750526,-75.8799744,28.1200218,43.9543839,9.29552,-131.653,-16.3251,92.55488,2
6.651377,34.8898544,-75.84617,28.15383,43.5695,9.300533,-131.799133,-16.2376518,92.60852,2
6.701565,35.12229,-75.90385,28.0961571,43.15992,9.305868,-131.954636,-16.2376518,92.66619,2
6.87312126,35.1982727,-72.41346,31.58654,43.027523,9.307593,-132.004913,-12.7284966,92.68496,2
6.93014431,36.1851959,-70.04007,33.95993,41.366188,9.329232,-132.635681,-10.1149178,92.9251556,2
6.98231125,36.4207268,-69.77762,34.2223854,40.9839859,9.334211,-132.780792,-9.796108,92.98151,2
7.040555,36.69805,-69.8435059,34.156498,40.5401649,9.339993,-132.9493,-9.796108,93.04739,2
7.09849453,36.9900665,-69.61269,34.3873062,40.0796242,9.345992,-133.124146,-9.496456,93.1162338,2
7.15744972,37.28283,-68.37759,35.6224174,39.6244278,9.351921,-133.296951,-8.192871,93.1847153,2
7.21272,37.5820847,-68.44702,35.5529747,39.1654968,9.3579,-133.471191,-8.192871,93.25415,2
7.26528,37.8414726,-68.17101,35.8289833,38.7725754,9.363018,-133.620361,-7.85712051,93.3138962,2
7.31603146,38.0548172,-68.21985,35.78015,38.45263,9.367186,-133.741837,-7.85712051,93.3627243,2
7.3685627,38.401062,-67.98303,36.0169678,37.9391937,9.373873,-133.936752,-7.54163361,93.4414,2
7.41916,38.6509781,-67.47092,36.5290833,37.57289,9.378644,-134.075836,-6.973171,93.49774,2
7.469386,38.921608,-67.22854,36.77146,37.180027,9.383761,-134.224991,-6.670189,93.55835,2
7.519969,39.1987762,-67.29018,36.7098274,36.78158,9.388951,-134.376266,-6.670189,93.61999,2
7.5790205,39.50266,-67.05795,36.9420471,36.34905,9.394586,-134.540482,-6.37088966,93.6870651,2
7.63824844,39.82999,-66.9378,37.0622063,35.887928,9.400592,-134.715546,-6.179056,93.7587357,2
7.694521,40.1546555,-66.72191,37.2780876,35.43524,9.406487,-134.887436,-5.892658,93.8292542,2
7.744789,40.4430542,-66.78407,37.2159271,35.0368042,9.411677,-135.038727,-5.892658,93.89141,2
7.80339336,40.7771645,-66.57353,37.4264679,34.5793,9.417636,-135.212418,-5.61065674,93.9628754,2
7.854398,41.05248,-66.91477,37.085228,34.2054939,9.422505,-135.354355,-5.893448,94.0213242,2
7.90452,41.3433075,-66.97609,37.0239143,33.8135872,9.427609,-135.503159,-5.893448,94.08264,2
7.95463562,41.63634,-66.78125,37.21875,33.4216461,9.432714,-135.651962,-5.63726425,94.14399,2
8.00962448,41.98506,-66.8537,37.1463051,32.9589157,9.438742,-135.827652,-5.63726425,94.21643,2
8.072001,42.3188934,-66.68412,37.31588,32.5195236,9.444465,-135.994476,-5.398899,94.28522,2
8.126178,42.6862373,-68.01041,35.9895935,32.0398827,9.450713,-136.17659,-6.650116,94.36029,2
8.178731,42.9722,-67.90007,36.0999336,31.66919,9.455542,-136.317352,-6.481781,94.41829,2
8.233879,43.33466,-67.97302,36.0269775,31.20251,9.46162,-136.494537,-6.481781,94.49124,2
8.287868,43.6364937,-68.03331,35.9666862,30.816515,9.466648,-136.641083,-6.481781,94.55153,2
8.342575,43.994957,-67.9467239,36.0532761,30.3610859,9.472581,-136.814011,-6.324131,94.6226,2
8.403188,44.3413,-73.24835,30.75165,29.923975,9.478275,-136.979965,-11.5576458,94.6907043,2
8.454392,44.65023,-73.3086548,30.6913452,29.5364113,9.483324,-137.1271,-11.5576458,94.75101,2
8.504499,44.97181,-73.33152,30.6684818,29.135231,9.488549,-137.279419,-11.5181751,94.81334,2
8.562037,45.33851,-73.4020538,30.5979443,28.6804485,9.4944725,-137.452087,-11.5181751,94.88388,2
8.619777,45.69762,-73.43546,30.5645332,28.2377281,9.50024,-137.620163,-11.4830589,94.95241,2
8.677932,46.0735435,-79.49821,24.50179,27.7769947,9.506242,-137.795074,-17.4746437,95.02357,2
8.728668,46.4050751,-79.5604858,24.4395123,27.372879,9.511506,-137.9485,-17.4746437,95.0858459,2
8.779895,46.7151527,-79.61833,24.3816662,26.9967155,9.516405,-138.091309,-17.4746437,95.14369,2
8.836522,47.099762,-79.68113,24.3188744,26.5324821,9.522451,-138.267563,-17.466217,95.21491,2
8.886652,47.41221,-79.7385559,24.2614441,26.1571846,9.52734,-138.410049,-17.466217,95.27234,2
8.938511,47.73598,-68.643364,35.356636,25.7699623,9.532384,-138.557068,-6.31191254,95.33145,2
8.992757,48.1406822,-68.60709,35.3929062,25.2882767,9.538657,-138.73996,-6.20231247,95.40478,2
9.053859,48.49994,-68.67167,35.3283272,24.8627453,9.544201,-138.90152,-6.20231247,95.46936,2
9.11185,48.899292,-68.7429,35.257103,24.3919373,9.550332,-139.080276,-6.20231247,95.54059,2
9.170448,49.28467,-68.70648,35.29352,23.9397259,9.556224,-139.251984,-6.097706,95.60877,2
9.22872,49.67109,-68.7743149,35.2256851,23.4883,9.562104,-139.42337,-6.097706,95.6766052,2
9.284568,50.069,-65.6367,38.3632965,23.0254822,9.568133,-139.599091,-2.890789,95.74591,2
9.335634,50.40361,-65.46937,38.530632,22.6378384,9.573182,-139.746277,-2.66559982,95.8037643,2
9.38568,50.7444572,-65.52791,38.47209,22.24435,9.578307,-139.89566,-2.66559982,95.8623047,2
9.436488,51.067318,-65.58299,38.4170036,21.8728981,9.583145,-140.036682,-2.66559982,95.9174,2
9.495492,51.4653053,-65.65043,38.349575,21.4166737,9.589088,-140.209915,-2.66559982,95.9848251,2
9.545508,51.82634,-65.49243,38.5075722,21.0043087,9.59446,-140.36647,-2.44688225,96.04555,2
9.603719,52.21385,-64.19205,39.8079529,20.563282,9.600205,-140.533936,-1.08179855,96.11025,2
9.654538,52.54977,-64.24775,39.75225,20.1822243,9.605169,-140.678619,-1.08179855,96.1659546,2
9.712249,52.9483032,-64.31338,39.6866264,19.73162,9.61104,-140.849716,-1.08179855,96.231575,2
9.767721,53.3615341,-64.1266556,39.8733444,19.26602,9.61710548,-141.026489,-0.8275528,96.2991,2
9.8186,53.7158165,-64.18413,39.81587,18.8681374,9.622289,-141.177567,-0.8275528,96.356575,2
9.870135,54.055088,-64.23882,39.76118,18.4881763,9.627237,-141.321823,-0.8275528,96.41127,2
9.928543,54.4504166,-64.30211,39.6978874,18.0467377,9.632989,-141.489426,-0.8275528,96.474556,2
9.986869,54.8629227,-63.7840347,40.2159653,17.58756,9.638969,-141.663773,-0.243919373,96.5401154,2
10.0450706,55.27835,-63.59305,40.40695,17.1265621,9.644974,-141.838791,0.012588501,96.60564,2
10.10403,55.67839,-63.65568,40.34432,16.6839733,9.65074,-142.006836,0.012588501,96.66827,2
10.1648579,56.09225,-63.720005,40.279995,16.22741,9.656686,-142.180176,0.012588501,96.73259,2
10.2201338,56.5136528,-63.7850151,40.2149849,15.7638607,9.66272449,-142.356155,0.012588501,96.7976,2
10.2779789,56.9289551,-63.590065,40.409935,15.3083086,9.668659,-142.5291,0.271133423,96.8612,2
10.3384295,57.3390961,-63.65242,40.34758,14.8596315,9.674504,-142.699432,0.271133423,96.92355,2
10.3955307,57.7540054,-63.7895,40.2105,14.4069366,9.680402,-142.871292,0.196676254,96.9861755,2
10.4537344,58.1704178,-63.851902,40.148098,13.9537725,9.686304,-143.043335,0.196676254,97.04858,2
10.5053492,58.5702934,-63.9114075,40.0885925,13.5196848,9.691958,-143.208145,0.196676254,97.1080856,2
10.5554047,58.91,-63.7276649,40.2723351,13.1517086,9.69675,-143.347839,0.4306507,97.15832,2
10.6058159,59.2732925,-63.7810669,40.2189331,12.7589979,9.701864,-143.496948,0.4306507,97.2117157,2
10.6573782,59.62474,-63.8324127,40.1675873,12.3798523,9.706803,-143.6409,0.4306507,97.26306,2
10.7124834,60.05864,-63.8953934,40.1046066,11.9127779,9.712888,-143.818253,0.4306507,97.32604,2
10.7733688,60.4659767,-63.9541054,40.0458946,11.47528,9.718586,-143.98436,0.4306507,97.38476,2
10.8293972,60.9105034,-64.64452,39.35548,10.9988995,9.724792,-144.165222,-0.1961422,97.44838,2
10.9959965,61.032505,-64.6619,39.3381,10.8683558,9.726492,-144.2148,-0.1961422,97.46576,2
11.0533314,62.5158348,-64.8704758,39.12952,9.28731251,9.747087,-144.815048,-0.1961422,97.67434,2
11.1041927,62.8856125,-64.92171,39.0782967,8.894932,9.752196,-144.96405,-0.1961422,97.72556,2
11.1625242,63.32822,-64.7991257,39.20088,8.426097,9.758302,-145.142029,-0.0126419067,97.78648,2
11.2178888,63.7611923,-64.85831,39.1416931,7.96837759,9.764265,-145.315811,-0.0126419067,97.845665,2
11.2703409,64.12651,-67.08357,36.9164238,7.5828495,9.769287,-145.462189,-2.18828773,97.89529,2
11.3211021,64.48926,-67.13257,36.8674278,7.20062,9.774266,-145.6073,-2.18828773,97.94428,2
11.3785877,64.92095,-67.19052,36.80948,6.746504,9.780181,-145.779724,-2.18828773,98.0022354,2
11.4359579,65.36208,-67.2493439,36.75066,6.283273,9.786214,-145.9556,-2.18828773,98.06105,2
11.6329155,65.61209,-67.17943,36.8205757,6.02883863,9.789568,-146.063568,-2.08521271,98.0942154,2
11.6845608,67.2117844,-67.38866,36.6113434,4.40583,9.810965,-146.752426,-2.08521271,98.3034439,2
11.7392159,67.66214,-67.44666,36.5533371,3.9504168,9.816969,-146.945755,-2.08521271,98.36145,2
11.7892265,68.04167,-71.06784,32.9321556,3.56712484,9.82202148,-147.10849,-5.6578083,98.4100342,2
11.84079,68.41697,-71.11562,32.88438,3.18851423,9.827013,-147.269211,-5.6578083,98.45781,2
11.8988123,68.86396,-71.1342239,32.86578,2.73812842,9.832951,-147.460419,-5.61984634,98.51437,2
11.9557619,69.3039551,-71.1895447,32.81046,2.295354,9.838788,-147.648392,-5.61984634,98.5696945,2
12.1401987,69.50994,-71.21532,32.78468,2.0882628,9.841518,-147.736313,-5.61984634,98.5954742,2
12.1971941,71.11849,-71.41403,32.585968,0.475022078,9.862787,-148.421249,-5.61984634,98.79419,2
12.2544136,71.57229,-71.46928,32.53072,0.0211344175,9.868771,-148.613968,-5.61984634,98.8494339,2
12.3046713,71.9569,-71.51583,32.48417,-0.3631615,9.87383652,-148.77713,-5.61984634,98.89598,2
12.3612785,72.4090652,-71.53552,32.4644775,-0.814466357,9.879786,-148.968765,-5.585129,98.95039,2
12.4128389,72.79768,-70.0087357,33.9912643,-1.20198011,9.884894,-149.13327,-4.01184845,98.99689,2
12.4628506,73.177124,-70.05389,33.94611,-1.5799787,9.889878,-149.293762,-4.01184845,99.04204,2
12.6642914,73.56647,-70.09998,33.9000168,-1.96749938,9.894988,-149.4583,-4.01184845,99.0881348,2
12.7216425,75.1812,-70.28857,33.71143,-3.57104325,9.916127,-150.13916,-4.01184845,99.27672,2
12.7801056,75.62186,-70.33933,33.66067,-4.00766325,9.921883,-150.324554,-4.01184845,99.3274841,2
12.839612,76.07357,-70.39106,33.60894,-4.45483875,9.927776,-150.51442,-4.01184845,99.37921,2
12.9007587,76.52197,-70.3993149,33.6006851,-4.89831161,9.933622,-150.702728,-3.96905518,99.43026,2
13.0600719,76.63042,-70.41161,33.5883865,-5.005502,9.935036,-150.748245,-3.96905518,99.44256,2
13.1122007,78.2222061,-66.94187,37.05813,-6.576332,9.955744,-151.4152,-0.320734024,99.62114,2
13.1658192,78.61305,-66.98516,37.01484,-6.96130943,9.960819,-151.578659,-0.320734024,99.66443,2
13.2225618,79.06968,-67.03547,36.96453,-7.41071844,9.966743,-151.769485,-0.320734024,99.71474,2
13.2736282,79.4458,-67.07669,36.9233131,-7.78063154,9.97162,-151.926529,-0.320734024,99.75595,2
13.3336153,79.89863,-67.12605,36.8739433,-8.225643,9.977487,-152.115479,-0.320734024,99.80532,2
13.3895855,80.38499,-67.17877,36.82123,-8.703227,9.983783,-152.318253,-0.320734024,99.85803,2
13.4482479,80.8212662,-67.2257843,36.77422,-9.13129,9.989427,-152.5,-0.320734024,99.9050446,2
13.5069046,81.2631,-67.18387,36.81613,-9.56448,9.995138,-152.683945,-0.2314663,99.9524,2
13.5579443,81.65537,-67.2257,36.7743034,-9.948808,10.000205,-152.847137,-0.2314663,99.99423,2
13.6132622,82.14316,-67.27743,36.7225723,-10.4263887,10.0065012,-153.049911,-0.2314663,100.045959,2
13.6638651,82.5310059,-67.3183441,36.6816559,-10.8058558,10.0115042,-153.211029,-0.2314663,100.086876,2
13.8933535,82.9266357,-67.3598862,36.6401176,-11.1926851,10.0166044,-153.3753,-0.2314663,100.128418,2
13.949707,84.75297,-65.6454849,38.35451,-12.9754381,10.0401068,-154.132278,1.67214584,100.317635,2
14.0074854,85.2117,-65.6923752,38.3076248,-13.4224749,10.0460014,-154.3221,1.67214584,100.364517,2
14.0578852,85.60399,-65.73227,38.26773,-13.8045359,10.0510368,-154.484314,1.67214584,100.404411,2
14.1174459,86.05103,-65.77751,38.22249,-14.2396793,10.0567741,-154.669067,1.67214584,100.449654,2
14.1737576,86.51472,-65.69684,38.30316,-14.6907291,10.0627193,-154.86058,1.79949665,100.496338,2
14.2245522,86.92219,-65.73765,38.26235,-15.0868616,10.0679417,-155.0288,1.79949665,100.537148,2
14.2822924,87.37024,-65.78231,38.21769,-15.5222006,10.0736809,-155.213638,1.79949665,100.5818,2
14.4805079,87.65184,-65.81026,38.18974,-15.79569,10.0772867,-155.329758,1.79949665,100.609756,2
14.5377674,89.38291,-65.9801254,38.01987,-17.4747028,10.0994225,-156.042679,1.79949665,100.779625,2
14.5884056,89.79943,-66.02051,37.97949,-17.8781662,10.1047421,-156.213989,1.79949665,100.820007,2
14.6386166,90.17682,-66.05694,37.94306,-18.2435627,10.1095591,-156.369125,1.79949665,100.85643,2
14.6888981,90.5724,-66.0949554,37.9050446,-18.6263866,10.1146069,-156.531677,1.79949665,100.894455,2
14.748044,91.0336456,-65.55576,38.44424,-19.0725422,10.1204891,-156.7211,2.3828125,100.938576,2
14.80271,91.5225143,-65.60228,38.3977165,-19.545166,10.12672,-156.921768,2.3828125,100.985092,2
14.855114,91.68709,-65.49307,38.5069275,-19.8543739,10.1293011,-156.78595,2.50762558,101.0007,2
14.9128761,91.75664,-65.49966,38.50034,-20.19387,10.1310434,-156.442444,2.50762558,101.007286,2
14.9698238,91.83034,-65.50663,38.4933662,-20.5419865,10.1328259,-156.089874,2.50762558,101.014259,2
15.0211716,91.89165,-41.2324333,62.7675667,-20.8232632,10.134264,-155.804733,2.50762558,76.74006,0
15.2103405,91.93722,-41.1187973,62.8812027,-21.027813,10.1353092,-155.597229,2.62556744,76.74436,0
15.2610226,92.22246,-41.0435638,62.9564362,-22.2293,10.1414433,-154.377335,2.727705,76.77127,0
15.3189125,92.3098755,-65.3317947,38.6682053,-22.5752239,10.1432095,-154.02533,2.727705,101.0595,2
15.3746281,92.39841,-65.34012,38.65988,-22.9159565,10.144949,-153.678482,2.727705,101.067825,2
15.4259911,92.476326,-65.2552,38.7447968,-23.20836,10.1464405,-153.380768,2.81994438,101.07515,2
15.4764729,92.5555954,-65.26264,38.7373543,-23.4991741,10.1479244,-153.084625,2.81994438,101.082588,2
15.5286369,92.6361,-65.270195,38.729805,-23.7881489,10.1493969,-152.7903,2.81994438,101.090141,2
15.5835247,92.73463,-65.27943,38.72057,-24.1335869,10.1511593,-152.4384,2.81994438,101.099373,2
15.63558,92.6621857,-65.18545,38.8145561,-24.2833614,10.121233,-152.054352,2.90714169,101.092583,2
15.8221588,92.59502,-65.1791458,38.8208542,-24.3749084,10.0965843,-151.77182,2.90714169,101.086288,2
15.879488,92.2044754,-65.06397,38.9360275,-24.9155846,9.947427,-150.077148,2.98560333,101.049576,2
15.9382019,92.1034851,-65.05445,38.9455452,-25.060667,9.906674,-149.618546,2.98560333,101.040054,2
15.9954872,92.00059,-65.6411743,38.35883,-25.2120285,9.86409,-149.139816,2.38917542,101.03035,2
16.0454941,91.9174957,-65.63332,38.3666763,-25.33714,9.828857,-148.744034,2.38917542,101.0225,2
16.0959778,91.8354,-65.6255646,38.37444,-25.4635639,9.793238,-148.344147,2.38917542,101.01474,2
16.15223,91.74259,-65.61678,38.38322,-25.61013,9.751934,-147.880615,2.38917542,101.005959,2
16.3421345,91.70223,-65.61296,38.387043,-25.6751537,9.733608,-147.675,2.38917542,101.002136,2
16.3997726,91.38239,-65.47643,38.5235672,-26.222187,9.579396,-145.945419,2.49535465,100.971786,2
16.4501839,91.312,-65.4697342,38.530262,-26.3518753,9.54287052,-145.53598,2.49535465,100.965096,2
16.658432,91.24575,-65.46343,38.5365677,-26.4774342,9.507514,-145.139633,2.49535465,100.958786,2
16.9033623,90.9886551,-65.39289,38.60711,-27.0034657,9.359406,-143.479477,2.54138947,100.93428,2
16.95454,90.7296448,-65.28588,38.7141228,-27.62023,9.185841,-141.534134,2.623642,100.909523,2
17.01079,90.67634,-65.28077,38.7192268,-27.7627563,9.145742,-141.084763,2.623642,100.904411,2
17.063448,90.629715,-65.2763062,38.7236938,-27.8930969,9.109075,-140.673782,2.623642,100.899948,2
17.1165085,90.58832,-65.27234,38.72766,-28.0138931,9.075091,-140.2929,2.623642,100.895981,2
17.1714554,90.53988,-65.23104,38.76896,-28.1623535,9.033327,-139.824829,2.66029167,100.891335,2
17.2215481,90.50028,-65.22724,38.77276,-28.29026,8.997347,-139.421585,2.66029167,100.887535,2
17.2746181,90.47617,-65.22493,38.77507,-28.4019718,8.978369,-139.098328,2.66029167,100.885223,2
17.32827,90.46227,-65.18896,38.8110428,-28.6000957,8.9816,-138.61055,2.69492817,100.883888,2
17.3857555,90.4520645,-65.18798,38.8120232,-28.7778187,8.984137,-138.171921,2.69492817,100.882904,2
17.4369221,90.44539,-65.18733,38.812664,-28.9233875,8.98604,-137.812119,2.69492817,100.882263,2
17.4954128,90.43933,-65.18675,38.8132477,-29.1016865,8.988218,-137.370956,2.69492817,100.881683,2
17.5497017,90.4362,-65.15376,38.8462372,-29.2437267,8.989867,-137.019211,2.72762012,100.881378,2
17.6058826,90.4344,-65.15359,38.8464127,-29.442503,8.992081,-136.526627,2.72762012,100.88121,2
17.6637173,90.43547,-65.1536942,38.84631,-29.6302071,8.994101,-136.0612,2.72762012,100.88131,2
17.71956,90.4389648,-65.1250839,38.8749161,-29.80702,8.99596,-135.622589,2.75656414,100.881645,2
17.7746181,90.4442444,-65.12559,38.87441,-29.9670715,8.99762,-135.225479,2.75656414,100.882156,2
17.8249226,90.45141,-65.12628,38.8737221,-30.125082,8.999239,-134.833344,2.75656414,100.882843,2
17.8806019,90.46216,-65.12731,38.87269,-30.3081055,9.001101,-134.379044,2.75656414,100.883873,2
17.934103,90.4727,-65.099205,38.900795,-30.455204,9.002588,-134.01387,2.78568172,100.884888,2
17.9889812,90.48859,-65.10073,38.89927,-30.642683,9.004477,-133.548355,2.78568172,100.886414,2
18.0420685,90.50315,-65.10213,38.8978729,-30.7913132,9.00597,-133.179291,2.78568172,100.88781,2
18.0980263,90.52407,-65.07842,38.9215736,-30.97926,9.007854,-132.712585,2.81139183,100.889816,2
18.14867,90.544014,-65.08034,38.9196625,-31.13882,9.009451,-132.31633,2.81139183,100.891731,2
18.21019,90.56768,-65.08261,38.9173927,-31.3103142,9.011166,-131.890427,2.81139183,100.894,2
18.26642,90.59667,-65.06116,38.9388428,-31.5007381,9.013067,-131.4175,2.83562088,100.896782,2
18.31662,90.62172,-65.06356,38.93644,-31.6519241,9.014576,-131.041992,2.83562088,100.899178,2
18.3666534,90.6485,-65.066124,38.9338722,-31.80276,9.016081,-130.667343,2.83562088,100.901749,2
18.4248371,90.68348,-65.06948,38.9305229,-31.9861412,9.017911,-130.211868,2.83562088,100.9051,2
18.4757137,90.71405,-65.05108,38.9489174,-32.13614,9.019406,-129.83931,2.856945,100.908028,2
18.53039,90.754776,-65.05498,38.94502,-32.3237648,9.021276,-129.37326,2.856945,100.911926,2
18.5808277,90.7907639,-65.0584259,38.9415779,-32.47989,9.022834,-128.985474,2.856945,100.915367,2
18.6332569,90.82845,-65.06203,38.937973,-32.6351738,9.024382,-128.599747,2.856945,100.918976,2
18.69142,90.87491,-65.04495,38.9550438,-32.8167458,9.026193,-128.1487,2.878459,100.923416,2
18.7415142,90.91602,-65.04888,38.9511147,-32.969574,9.027717,-127.7691,2.878459,100.927345,2
18.79999,90.9672852,-65.05378,38.94622,-33.15134,9.029529,-127.3176,2.878459,100.932243,2
18.8557034,91.02197,-65.04012,38.959877,-33.3359222,9.031369,-126.859108,2.897338,100.937462,2
18.9079342,90.97948,-65.0360641,38.9639359,-33.4043579,9.034416,-126.441406,2.897338,100.9334,2
18.9593258,90.94154,-65.03244,38.967556,-33.4682961,9.037262,-126.051193,2.897338,100.929779,2
19.0159588,90.8963852,-65.01037,38.9896278,-33.5484657,9.040831,-125.561905,2.91509628,100.925468,2
19.0741615,90.85483,-65.0064,38.9936,-33.62687,9.04432,-125.083443,2.91509628,100.921494,2
19.1261654,90.82186,-65.00325,38.9967537,-33.6928253,9.047255,-124.680946,2.91509628,100.918343,2
19.1772327,90.78986,-65.00018,38.9998131,-33.76061,9.050271,-124.267242,2.91509628,100.915283,2
19.23603,90.7548,-64.98131,39.0186958,-33.8400726,9.053807,-123.782219,2.930622,100.911926,2
19.2898655,90.72228,-64.9781952,39.02181,-33.91979,9.057354,-123.295639,2.930622,100.908813,2
19.34934,90.6940842,-64.9754944,39.02451,-33.994873,9.060695,-122.83728,2.930622,100.906113,2
19.4078865,90.67529,-64.95907,39.04093,-34.0820236,9.045247,-122.339066,2.94524765,100.904312,2
19.4659348,90.67215,-64.95876,39.0412331,-34.17243,9.00502,-121.863869,2.94524765,100.904015,2
19.52462,90.67167,-64.95872,39.04128,-34.26628,8.96289349,-121.370285,2.94524765,100.903969,2
19.5824337,90.6740341,-64.94417,39.0558319,-34.3610077,8.920101,-120.871872,2.96002579,100.90419,2
19.6429081,90.6789,-64.94463,39.0553665,-34.45035,8.879572,-120.401726,2.96002579,100.904663,2
19.6943417,90.6853943,-64.94526,39.0547447,-34.5298538,8.843407,-119.98333,2.96002579,100.905281,2
19.74793,90.69591,-67.34007,36.6599274,-34.6257362,8.799696,-119.478661,0.566214561,100.906288,2
19.7993717,90.70694,-67.3341751,36.6658249,-34.7058754,8.763106,-119.0568,0.573170662,100.907349,2
19.85013,90.71837,-67.3352661,36.66473,-34.7764854,8.73084,-118.685127,0.573170662,100.90844,2
19.9081459,90.73686,-67.3370361,36.66296,-34.8703766,8.698294,-118.209229,0.573170662,100.91021,2
19.9640179,90.76011,-67.33219,36.66781,-34.97037,8.67353,-117.7198,0.580242157,100.912437,2
20.0244312,90.78415,-67.3344955,36.6655045,-35.0632362,8.65052,-117.2652,0.580242157,100.914734,2
20.0832386,90.81278,-67.3372345,36.66277,-35.16359,8.625641,-116.773796,0.580242157,100.917473,2
20.1414223,90.84301,-67.33401,36.66599,-35.2604,8.601633,-116.29969,0.586356163,100.920364,2
20.2016182,90.8747,-67.3370361,36.66296,-35.3540459,8.578404,-115.841034,0.586356163,100.923393,2
20.25826,90.91006,-67.340416,36.659584,-35.4510574,8.554337,-115.365845,0.586356163,100.926773,2
20.3160152,90.94765,-67.34401,36.65599,-35.547226,8.530472,-114.8947,0.586356163,100.930367,2
20.3748322,90.98966,-67.34229,36.65771,-35.6478,8.505513,-114.401985,0.592085838,100.93438,2
20.4253235,91.02656,-67.34581,36.65419,-35.7311,8.484839,-113.993874,0.592085838,100.9379,2
20.4853935,91.071846,-67.3501358,36.649868,-35.8279724,8.460796,-113.519264,0.592085838,100.942215,2
20.5424118,91.11804,-67.3491745,36.65082,-35.92159,8.43756,-113.060577,0.597444534,100.946625,2
20.5984745,91.1706543,-67.3541946,36.64581,-36.02278,8.412442,-112.564735,0.597444534,100.951637,2
20.65014,91.216095,-67.35852,36.64148,-36.10615,8.39174652,-112.156204,0.597444534,100.955963,2
20.7002888,91.26081,-67.35777,36.6422234,-36.1850243,8.372169,-111.769714,0.6024456,100.96022,2
20.75066,91.3118439,-67.36263,36.6373672,-36.2716,8.350677,-111.345482,0.6024456,100.96508,2
20.8064957,91.37144,-67.3683,36.6317024,-36.3686142,8.326592,-110.870056,0.6024456,100.970741,2
20.85888,91.42386,-67.37328,36.62672,-36.4507065,8.306212,-110.467781,0.6024456,100.975723,2
20.9175,91.4865341,-67.37458,36.62542,-36.54535,8.282717,-110.00399,0.607099533,100.981682,2
20.97444,91.55651,-67.38122,36.61878,-36.64695,8.257496,-109.506119,0.607099533,100.988319,2
21.0346661,91.62425,-67.38764,36.6123543,-36.7416878,8.233974,-109.04184,0.607099533,100.994743,2
21.09385,91.69407,-67.39029,36.6097145,-36.8359871,8.210564,-108.579704,0.611074448,101.001358,2
21.1509647,91.76943,-67.39742,36.6025772,-36.9343567,8.186141,-108.097618,0.611074448,101.0085,2
21.20789,91.84871,-67.40492,36.5950775,-37.03438,8.161308,-107.607445,0.611074448,101.016,2
21.268034,91.92579,-67.40818,36.59182,-37.12856,8.137927,-107.145905,0.615100861,101.023285,2
21.32515,92.00993,-67.41613,36.58387,-37.22825,8.113176,-106.657333,0.615100861,101.031227,2
21.383194,92.09129,-67.4238052,36.5761948,-37.3217926,8.089952,-106.198906,0.615100861,101.03891,2
21.4342041,92.16922,-67.43115,36.5688477,-37.4090042,8.068298,-105.771484,0.615100861,101.046249,2
21.4917431,92.25764,-67.43577,36.5642357,-37.505352,8.044379,-105.299316,0.6188164,101.054581,2
21.7052937,92.34843,-67.4443054,36.55569,-37.601635,8.020474,-104.827446,0.6188164,101.063126,2
21.9053764,92.69381,-67.47359,36.52641,-37.94682,7.93477345,-103.135742,0.6219597,101.095551,2
21.9626637,93.01055,-67.50007,36.4999275,-38.24338,7.881263,-101.703362,0.625107765,101.125183,2
22.01905,93.1190948,-67.5102,36.4898,-38.3442,7.88066,-101.234741,0.625107765,101.135307,2
22.20146,93.13274,-67.5114746,36.4885254,-38.3567238,7.88057852,-101.176521,0.625107765,101.136581,2
22.3731117,93.488205,-67.5416946,36.4583054,-38.67199,7.878321,-99.71056,0.6279774,101.16967,2
22.5355988,93.84597,-67.57248,36.4275246,-38.9706955,7.875813,-98.32096,0.630372047,101.20285,2
22.7192554,94.20425,-67.60321,36.3967857,-39.25428,7.873361,-97.0014954,0.6327324,101.235947,2
22.771946,94.73408,-91.929985,12.0700178,-39.6499939,7.869916,-95.1602249,0.634676,125.564659,4
22.8221416,94.85493,-91.9410553,12.0589437,-39.7368164,7.86915874,-94.7562,0.634676,125.575729,4
23.0245628,94.95585,-91.9502945,12.0497074,-39.80843,7.86853456,-94.42299,0.634676,125.584969,4
23.0783253,95.50526,-91.9986649,12.0013351,-40.18531,7.86524773,-92.66933,0.6364145,125.635078,4
23.274292,95.598465,-92.00546,11.9945354,-40.2472458,7.864707,-92.38113,0.6380882,125.643555,4
23.33246,96.192,-92.05801,11.9419956,-40.62968,7.861372,-90.6016159,0.6393089,125.697311,4
23.384058,96.34873,-92.07214,11.9278555,-40.7274857,7.860519,-90.1465,0.6393089,125.711456,4
23.44473,96.50621,-92.0863342,11.91367,-40.82453,7.859672,-89.6949,0.6393089,125.725639,4
23.4977188,96.67582,-92.10042,11.8995838,-40.92773,7.85877132,-89.2146759,0.6404753,125.740891,4
23.5520782,96.82647,-89.66656,14.3334455,-41.0182953,7.857981,-88.79325,3.087861,125.754417,4
23.7595863,96.92614,-89.67549,14.3245087,-41.07767,7.857463,-88.517,3.087861,125.763351,4
23.8155,97.62285,-89.73612,14.263876,-41.48136,7.853941,-86.63855,3.08943939,125.825562,4
23.8734818,97.7972946,-89.75163,14.2483683,-41.579567,7.853084,-86.1815948,3.08943939,125.841072,4
23.93384,97.97615,-89.7663,14.2337065,-41.6791534,7.85221434,-85.7182159,3.0906477,125.856941,4
23.9923325,98.16033,-89.78261,14.2173929,-41.7805824,7.85133,-85.24626,3.0906477,125.873253,4
24.0463314,98.35785,-89.8000641,14.1999331,-41.888134,7.85039234,-84.7458,3.0906477,125.890717,4
24.0987339,98.51616,-89.81403,14.1859646,-41.97346,7.84964752,-84.34876,3.0906477,125.904686,4
24.15458,98.7067642,-89.82981,14.1701889,-42.0751953,7.84875965,-83.87536,3.09166145,125.921471,4
24.2070465,98.86694,-89.843895,14.156105,-42.159874,7.84802055,-83.48132,3.09166145,125.935555,4
24.4092255,98.90297,-89.84706,14.1529408,-42.1788177,7.84785557,-83.3931656,3.09166145,125.938721,4
24.459383,99.73592,-89.91908,14.0809212,-42.60723,7.844119,-81.39965,3.09248734,126.011566,4
24.51141,99.92168,-89.93524,14.0647593,-42.70041,7.84330654,-80.96608,3.09248734,126.027725,4
24.5627136,100.105232,-89.95118,14.0488176,-42.7916946,7.84251,-80.5413055,3.09248734,126.043671,4
24.6132717,100.272209,-89.96508,14.03492,-42.8728867,7.842254,-80.15269,3.09306526,126.058144,4
24.66529,100.443626,-89.97992,14.0200834,-42.9551353,7.84217072,-79.75483,3.09306526,126.072983,4
24.7208385,100.658516,-89.99848,14.00152,-43.0573425,7.842067,-79.26044,3.09306526,126.091545,4
24.7717972,100.830856,-90.0133362,13.9866619,-43.13861,7.841985,-78.8673553,3.09306526,126.1064,4
24.8223,101.01561,-90.0292358,13.9707613,-43.22506,7.841897,-78.44921,3.09306526,126.122307,4
25.0177937,101.10746,-90.03679,13.9632082,-43.2677841,7.841853,-78.2425461,3.09340668,126.130196,4
25.0741844,101.940491,-90.1077957,13.8922014,-43.6480179,7.84146643,-76.40339,3.09367,126.201469,4
25.1267071,102.129074,-90.1238556,13.8761482,-43.73238,7.841381,-75.99534,3.09367,126.217522,4
25.1770554,102.319931,-90.14007,13.859931,-43.8171539,7.84129524,-75.58531,3.09367,126.233742,4
25.2308064,102.551186,-90.1596756,13.8403225,-43.91907,7.841192,-75.09235,3.09367,126.253349,4
25.2828979,102.742096,-90.1758347,13.8241673,-44.0025673,7.841107,-74.68846,3.09367,126.2695,4
25.4652061,102.799286,-90.1806641,13.819334,-44.0274658,7.84108162,-74.56801,3.09367,126.274338,4
25.5171719,103.654373,-90.25243,13.7475662,-44.3940468,7.84070873,-72.7949,3.093853,126.346283,4
25.5752583,103.883842,-90.27156,13.7284412,-44.4906769,7.8406105,-72.32755,3.093936,126.365494,4
25.6260052,104.090965,-90.28886,13.7111416,-44.5772858,7.84052229,-71.90863,3.093936,126.3828,4
25.68181,104.3332,-90.30905,13.6909513,-44.67788,7.84042025,-71.42208,3.093936,126.402985,4
25.735342,104.527542,-90.32521,13.6747866,-44.75805,7.84033871,-71.0343246,3.093936,126.419151,4
25.7914658,104.768,-90.34513,13.6548691,-44.8565941,7.840238,-70.5576553,3.093976,126.43911,4
25.84331,104.9748,-90.36226,13.6377411,-44.9407959,7.84015226,-70.15039,3.093976,126.456238,4
25.8979473,105.230064,-90.3833542,13.6166458,-45.04404,7.84004736,-69.65102,3.093976,126.477333,4
25.9483356,105.438026,-90.4005051,13.5994968,-45.12761,7.839962,-69.24682,3.093976,126.494476,4
26.0015316,105.657219,-90.41854,13.5814581,-45.215168,7.83987236,-68.8233,3.093976,126.51252,4
26.0561562,105.892525,-90.43784,13.5621567,-45.3085823,7.83977747,-68.37145,3.093996,126.531837,4
26.1066322,106.110954,-114.735741,-10.7357416,-45.39478,7.83968973,-67.95452,3.093996,150.829742,6
26.1583233,106.321266,-114.752937,-10.75294,-45.4773064,7.83960629,-67.55534,3.093996,150.846939,6
26.217062,106.569229,-114.77317,-10.7731733,-45.57404,7.839508,-67.08748,3.093996,150.867172,6
26.27217,106.823036,-114.793839,-10.7938347,-45.6724243,7.839408,-66.6116,3.093996,150.887833,6
26.3249645,107.040459,-114.021492,-10.021492,-45.7562141,7.839322,-66.20631,3.88399982,150.905487,6
26.3770828,107.260956,-114.039368,-10.0393658,-45.840744,7.839236,-65.7974854,3.88399982,150.92337,6
26.4323654,107.533325,-114.061394,-10.0613947,-45.9445457,7.8391304,-65.29544,3.88399982,150.945389,6
26.4825878,107.754669,-114.079254,-10.0792551,-46.0284081,7.83904552,-64.8898,3.88399982,150.963257,6
26.5340958,107.975273,-114.097015,-10.0970192,-46.11157,7.838961,-64.48758,3.88399982,150.981018,6
26.59206,108.238815,-114.118195,-10.1181927,-46.21037,7.83886051,-64.00969,3.88400078,151.0022,6
26.65104,108.500412,-114.13916,-10.1391592,-46.30787,7.83876133,-63.53809,3.88400078,151.023163,6
26.709219,108.76046,-89.87995,14.1200457,-46.4042435,7.83866358,-63.07193,3.88400078,126.763954,4
26.8762569,108.807236,-89.88369,14.1163111,-46.42152,7.838646,-62.9883652,3.88400078,126.767693,4
26.93324,109.802643,-89.96279,14.03721,-46.78522,7.83827639,-61.2292,3.88400078,126.846786,4
26.9922581,110.062271,-89.9833,14.0166979,-46.87888,7.838181,-60.7761765,3.88400078,126.8673,4
27.04886,110.35173,-90.00612,13.9938841,-46.9827423,7.838075,-60.27381,3.88400078,126.890114,4
27.1004944,110.580635,-90.02412,13.9758854,-47.06447,7.837992,-59.8785133,3.88400078,126.908119,4
27.15197,110.816757,-90.04265,13.9573545,-47.1484,7.837907,-59.4725571,3.883997,126.926643,4
27.20642,111.108742,-65.7855,38.2144966,-47.2516747,7.837802,-58.9730072,3.883997,102.6695,2
27.2567673,111.341743,-65.8036957,38.1963,-47.33369,7.83771849,-58.5762863,3.883997,102.6877,2
27.445507,111.500847,-65.8161,38.1839,-47.3895,7.83766174,-58.30635,3.883997,102.700096,2
27.4956341,112.489311,-65.89278,38.10722,-47.7327461,7.8373127,-56.64613,3.88398075,102.776764,2
27.5534286,112.776436,-65.9149246,38.08508,-47.83137,7.837212,-56.1691132,3.88398075,102.798904,2
27.60929,113.062256,-65.9369049,38.06309,-47.92908,7.837113,-55.69649,3.88398075,102.820885,2
27.6599827,113.312096,-65.95608,38.04392,-48.014122,7.837026,-55.28517,3.88398075,102.840057,2
27.7212334,113.587555,-65.97721,38.0227928,-48.10412,7.837098,-54.82651,3.88394165,102.861153,2
27.7722111,113.839607,-90.27646,13.7235394,-48.1861076,7.8371644,-54.4086227,3.88394165,127.1604,4
27.8269081,114.141594,-90.29947,13.7005291,-48.283905,7.837243,-53.91022,3.88394165,127.183411,4
27.8807735,114.371078,-90.31692,13.6830835,-48.3579063,7.83730268,-53.5330544,3.88394165,127.200859,4
27.9383125,114.659081,-90.33876,13.6612387,-48.4504,7.837377,-53.06164,3.88394165,127.2227,4
27.98838,114.9091,-90.3577652,13.642231,-48.53037,7.83744144,-52.6540833,3.883854,127.241623,4
28.0432186,115.219849,-90.3812256,13.6187744,-48.6293335,7.8375206,-52.1497154,3.883854,127.265083,4
28.2220669,115.341583,-90.3903961,13.609602,-48.6679764,7.837552,-51.952755,3.883854,127.274254,4
28.4411144,116.27713,-90.46056,13.5394335,-48.9626732,7.83779,-50.4508171,3.883854,127.344421,4
28.6098423,117.289528,-90.5359955,13.4640055,-49.27723,7.838044,-48.847683,3.88372421,127.419716,4
28.7714062,118.171623,-90.60134,13.3986588,-49.5478439,7.83826256,-47.4684944,3.88345718,127.484795,4
28.9323959,119.025711,-90.6638947,13.3361073,-49.8069725,7.838472,-46.14785,3.88345718,127.547348,4
29.0929947,119.885735,-91.5866241,12.4133739,-50.0651779,7.83868027,-44.8319054,3.02325821,127.609886,4
29.266592,120.752411,-91.64919,12.3508081,-50.3227577,7.838888,-43.5191536,3.02325821,127.672447,4
29.4320755,121.69883,-91.7174454,12.2825518,-50.6011848,7.83911276,-42.1001434,3.0228138,127.740265,4
29.5956078,122.610092,-91.78224,12.2177553,-50.8666,7.83932734,-40.74745,3.0228138,127.805061,4
29.6462173,123.7543,-91.86348,12.13652,-51.1963539,7.83959341,-39.06685,3.02226067,127.885742,4
29.7055759,124.07605,-91.88603,12.1139669,-51.2884064,7.839668,-38.5977058,3.02226067,127.908295,4
29.7564583,124.366341,-91.9063339,12.09367,-51.371212,7.83973455,-38.1756821,3.02226067,127.928589,4
29.8152981,124.698036,-91.92947,12.0705347,-51.4655457,7.839811,-37.6948929,3.02226067,127.951729,4
30.015543,124.84964,-91.94002,12.05998,-51.508564,7.83984566,-37.47564,3.02226067,127.96228,4
30.0708542,125.819557,-92.008,11.9919968,-51.7954445,7.83884335,-36.1008644,3.021494,128.0295,4
30.122366,126.103416,-92.02758,11.9724226,-51.8878059,7.837725,-35.7146034,3.021494,128.049072,4
30.178688,126.458122,-92.05197,11.9480247,-52.00294,7.83633,-35.23311,3.021494,128.073471,4
30.23018,126.757454,-92.07251,11.9274893,-52.09987,7.83515549,-34.827774,3.021494,128.094009,4
30.4380531,127.060333,-92.09324,11.90676,-52.1977272,7.833969,-34.4185524,3.021494,128.114731,4
30.4977283,128.342361,-67.90148,36.09852,-52.6095924,7.82897758,-32.6962242,3.02045441,103.921936,2
30.5525417,128.721008,-67.92707,36.07293,-52.7305336,7.82751131,-32.1904945,3.02045441,103.947525,2
30.6075134,129.0017,-67.94599,36.0540123,-52.81998,7.826427,-31.8164463,3.02045441,103.966446,2
30.661726,129.386566,-67.97186,36.0281372,-52.94235,7.82494354,-31.3047218,3.02045441,103.992317,2
30.72076,129.71669,-67.9939957,36.006,-53.0470619,7.82367373,-30.8668232,3.02045441,104.01445,2
30.77979,130.068161,-68.0185852,35.98141,-53.1583,7.82232571,-30.4016476,3.01936722,104.037956,2
30.83521,130.445251,-68.04373,35.9562645,-53.27736,7.820883,-29.9037724,3.01936722,104.0631,2
30.8877773,130.737625,-68.06318,35.93682,-53.36947,7.81976652,-29.5185719,3.01936722,104.08255,2
30.9459515,131.096146,-68.08697,35.9130325,-53.4821854,7.81840038,-29.0472,3.01936722,104.106331,2
30.99671,131.4098,-68.10773,35.8922768,-53.5805931,7.81720734,-28.6356754,3.01936722,104.12709,2
31.0558949,131.7609,-68.1309,35.8691025,-53.6905174,7.815875,-28.1760025,3.01936722,104.150269,2
31.1113873,132.136139,-68.1556,35.8444,-53.80774,7.81445456,-27.6857986,3.01936722,104.174965,2
31.1640034,132.440735,-68.1756,35.8244,-53.9027,7.813304,-27.2887039,3.01936722,104.194969,2
31.2205029,132.811783,-68.20148,35.79852,-54.01814,7.811904,-26.8059444,3.017788,104.219269,2
31.2721462,133.114456,-68.22125,35.7787476,-54.1121254,7.81076527,-26.4129333,3.017788,104.239037,2
31.32918,133.487411,-68.24555,35.7544479,-54.2276955,7.80936337,-25.929615,3.017788,104.263344,2
31.3877316,133.858383,-68.26966,35.7303429,-54.3424072,7.807974,-25.4499168,3.017788,104.287445,2
31.4449062,134.219223,-68.293045,35.70696,-54.4537544,7.80662441,-24.9842815,3.017788,104.310829,2
31.49655,134.534515,-71.61015,32.38985,-54.55086,7.80544758,-24.5781975,-0.2789421,104.331207,2
31.55248,134.903412,-71.633934,32.3660622,-54.6642647,7.80407333,-24.1039677,-0.2789421,104.354996,2
31.6026745,135.22493,-71.65461,32.3453865,-54.7629128,7.80287838,-23.6914425,-0.2789421,104.375671,2
31.65362,135.541275,-71.67568,32.3243179,-54.8598061,7.801703,-23.286253,-0.2797165,104.395966,2
31.7043858,135.850067,-71.69545,32.30455,-54.9542274,7.80055857,-22.8914185,-0.2797165,104.415733,2
31.7619762,136.202255,-71.71794,32.2820625,-55.03789,7.799344,-22.4101715,-0.2797165,104.438225,2
31.8149662,136.499435,-71.73687,32.26313,-55.10834,7.798321,-22.0049744,-0.2797165,104.457153,2
31.8688831,136.8612,-71.75986,32.24014,-55.1939125,7.79707766,-21.5127945,-0.2797165,104.480141,2
31.9207859,137.164261,-71.77907,32.22093,-55.2654457,7.796039,-21.1014347,-0.2797165,104.499352,2
31.9714947,137.455948,-71.79752,32.2024765,-55.3341637,7.795041,-20.7062416,-0.2797165,104.517807,2
32.028923,137.810043,-71.81987,32.18013,-55.4174042,7.793833,-20.2275085,-0.2797165,104.540154,2
32.08001,138.109329,-71.83969,32.16031,-55.48762,7.7928133,-19.82372,-0.280694962,104.559,2
32.131424,138.4153,-71.85891,32.1410866,-55.5592728,7.79177332,-19.4117,-0.280694962,104.578217,2
32.2901764,138.491333,-71.8636856,32.13632,-55.5770569,7.79151535,-19.3094387,-0.280694962,104.582985,2
32.34533,139.743835,-71.94189,32.0581169,-55.86882,7.78727865,-17.6317329,-0.280694962,104.661186,2
32.39604,140.0821,-71.96288,32.037117,-55.9472427,7.78614044,-17.1807861,-0.280694962,104.68219,2
32.4460831,140.366226,-71.980484,32.019516,-56.0129929,7.785186,-16.80273,-0.280694962,104.699791,2
32.5051727,140.723221,-72.0036545,31.99635,-56.0954475,7.783989,-16.32861,-0.281801224,104.721848,2
32.563118,141.08252,-72.0258,31.9742,-56.1782722,7.782787,-15.8524122,-0.281801224,104.743996,2
32.78038,141.39769,-72.04518,31.9548168,-56.250782,7.781734,-15.4354982,-0.281801224,104.763382,2
32.83988,142.178986,-72.09305,31.9069557,-56.3910446,7.77699661,-14.3579578,-0.281801224,104.811241,2
32.8950043,142.526062,-72.11422,31.8857784,-56.41844,7.772999,-13.8392038,-0.281801224,104.83242,2
32.9489746,142.7892,-72.13024,31.8697567,-56.4391556,7.769975,-13.4469585,-0.281801224,104.848442,2
32.9990845,143.076981,-72.14897,31.85103,-56.4617538,7.76667452,-13.0189629,-0.2830391,104.865929,2
33.2128525,143.368958,-72.16668,31.8333225,-56.484623,7.76333427,-12.5858116,-0.2830391,104.883636,2
33.2700272,144.61412,-72.24179,31.7582111,-56.5815239,7.7491765,-10.7502651,-0.2830391,104.958748,2
33.32045,144.888062,-72.2582245,31.7417736,-56.6027222,7.7460804,-10.3489418,-0.2830391,104.975189,2
33.37712,145.2285,-72.27861,31.7213879,-56.6290131,7.74224234,-9.851408,-0.2830391,104.995575,2
33.4274,145.530579,-72.2980347,31.7019672,-56.6522751,7.738845,-9.411029,-0.284412384,105.013618,2
33.6196442,145.773056,-72.31249,31.6875076,-56.67091,7.736124,-9.05829,-0.284412384,105.028084,2
33.6742172,146.86174,-72.37712,31.622879,-56.6493721,7.72574234,-7.362813,-0.284412384,105.092705,2
33.7250824,147.045135,-72.38796,31.61204,-56.56423,7.72538757,-6.986236,-0.284412384,105.103546,2
33.78306,147.279419,-96.68346,7.31654167,-56.45612,7.72493553,-6.50764,-0.286083221,129.397369,4
33.834465,147.471649,-96.6947861,7.30521154,-56.3679161,7.72456551,-6.11693144,-0.286083221,129.4087,4
33.88598,147.675369,-96.70678,7.29322147,-56.2749138,7.7241745,-5.70479774,-0.286083221,129.4207,4
33.94142,147.916443,-96.72095,7.27905369,-56.1654549,7.7237134,-5.219541,-0.286083221,129.43486,4
34.10073,147.950928,-96.72297,7.27702856,-56.1498451,7.72364759,-5.15033054,-0.286083221,129.43689,4
34.1600342,148.7917,-96.7738647,7.22613573,-55.7730446,7.7220583,-3.47907972,-0.287755966,129.486115,4
34.2150726,149.045227,-96.78865,7.21134853,-55.66081,7.72158432,-2.98098874,-0.287755966,129.5009,4
34.2746124,149.278915,-96.80226,7.19774055,-55.55787,7.72114849,-2.52412772,-0.287755966,129.514511,4
34.3374634,149.519424,-96.81624,7.18375826,-55.45245,7.720703,-2.05621076,-0.287755966,129.528488,4
34.39248,149.774536,-96.83105,7.16895,-55.3411751,7.72023249,-1.56227982,-0.287755966,129.543289,4
34.4601364,150.020584,-96.84531,7.154693,-55.2343979,7.71978,-1.08826458,-0.287755966,129.557556,4
34.51895,150.306351,-96.86366,7.13634,-55.111,7.719258,-0.540508,-0.2895794,129.574081,4
34.6913757,150.318268,-96.86435,7.135651,-55.0401421,7.71942139,-0.448889434,-0.2895794,129.574768,4
34.7442169,149.346313,-72.52801,31.4719963,-53.3520966,7.727135,-0.110452875,-0.2895794,105.238426,2
34.8011627,149.0662,-72.5116959,31.4883022,-52.8607254,7.729379,-0.011561594,-0.2895794,105.222115,2
34.85147,148.839325,-72.49847,31.5015316,-52.4612427,7.731203,0.0688643456,-0.2895794,105.208885,2
34.90705,148.564362,-72.48459,31.5154114,-51.9751968,7.733422,0.166737989,-0.2917614,105.192825,2
34.9682,148.310028,-72.4697,31.5302925,-51.5238,7.73548269,0.257647067,-0.2917614,105.177948,2
35.0256653,148.040848,-72.4539261,31.546072,-51.0440941,7.737672,0.3542639,-0.2917614,105.162163,2
35.0766754,147.805252,-72.440094,31.559906,-50.6225967,7.73959541,0.439159364,-0.2917614,105.148331,2
35.13553,147.542908,-96.70466,7.29533768,-50.15136,7.74174643,0.534074366,-0.2917614,129.4129,4
35.19114,147.272263,-96.68871,7.311285,-49.66314,7.743974,0.6324095,-0.2917614,129.396957,4
35.24128,147.049149,-96.6777,7.32230473,-49.2590332,7.74581861,0.71380043,-0.29391098,129.383789,4
35.4401932,146.984009,-96.67384,7.32615328,-49.1407623,7.746359,0.7376222,-0.29391098,129.379929,4
35.4905777,145.9277,-96.6112,7.3888,-47.2048149,7.75519562,1.12753785,-0.29391098,129.317291,4
35.54267,145.7137,-96.59845,7.40154743,-46.8082962,7.75700569,1.20738971,-0.29391098,129.304535,4
35.59884,145.45929,-96.58583,7.41417027,-46.33493,7.75916624,1.30271566,-0.296466827,129.289368,4
35.6504669,145.245529,-96.57306,7.426944,-45.93003,7.7531805,1.38686013,-0.296466827,129.2766,4
35.7010651,145.028809,-96.56009,7.43991327,-45.51785,7.747074,1.47250628,-0.296466827,129.263626,4
35.7512054,144.811676,-96.54707,7.45292759,-45.10315,7.74092054,1.55866826,-0.296466827,129.25061,4
35.8112869,144.568527,-72.25248,31.7475224,-44.63669,7.73398972,1.655577,-0.296466827,104.956009,2
35.9983978,144.38443,-72.24141,31.75859,-44.28202,7.72871542,1.72925687,-0.296466827,104.944939,2
36.0496521,143.562256,-72.19431,31.80569,-42.6818848,7.70489454,2.06165838,-0.298969269,104.89534,2
36.09999,143.354477,-72.18173,31.81827,-42.27317,7.69880438,2.14656162,-0.298969269,104.882759,2
36.1561356,143.1151,-72.16721,31.8327866,-41.8000031,7.691754,2.24485445,-0.298969269,104.86824,2
36.21383,142.86824,-72.15222,31.84778,-41.30953,7.684443,2.34674287,-0.298969269,104.853249,2
36.27337,142.640228,-72.13834,31.8616562,-40.8540764,7.67765427,2.441356,-0.298969269,104.839378,2
36.3304138,142.39064,-72.12609,31.87391,-40.35291,7.670184,2.54546618,-0.301923752,104.824165,2
36.38098,142.196838,-72.11426,31.8857422,-39.9617729,7.66435432,2.626719,-0.301923752,104.812332,2
36.43215,141.994385,-72.10188,31.898119,-39.5513,7.658235,2.71199059,-0.301923752,104.799957,2
36.489418,141.754364,-72.08719,31.9128113,-39.06219,7.65094376,2.8135972,-0.301923752,104.785263,2
36.5396347,141.5546,-72.0749359,31.9250622,-38.65295,7.64484358,2.89861155,-0.301923752,104.773018,2
36.59024,141.362976,-72.06317,31.9368286,-38.2585526,7.638964,2.98054314,-0.301923752,104.761246,2
36.6465149,141.129181,-72.0516739,31.9483261,-37.77486,7.631754,3.08102369,-0.304801941,104.746872,2
36.697998,140.927155,-72.03923,31.96077,-37.3546371,7.625489,3.16832137,-0.304801941,104.734428,2
36.74819,140.743149,-72.0278854,31.9721184,-36.9700432,7.61975574,3.24821687,-0.304801941,104.723083,2
36.9731,140.608612,-72.01958,31.9804249,-36.6876945,7.615547,3.30687165,-0.304801941,104.714775,2
37.13849,139.8385,-96.25525,7.74474764,-35.05232,7.5911684,3.646604,-0.30818367,128.947067,4
37.1979065,139.03511,-96.20521,7.794793,-33.2956734,7.536461,4.01428747,-0.30818367,128.897018,4
37.2503738,138.83046,-68.64764,35.3523636,-32.8293228,7.49668,4.114332,2.95659351,104.604233,2
37.4233627,138.80632,-68.6461258,35.3538742,-32.77413,7.49195957,4.126172,2.95659351,104.602722,2
37.6253281,138.04129,-68.6049347,35.3950653,-31.0007114,7.339613,4.50667858,2.94978046,104.554718,2
37.6824036,137.327515,-68.56787,35.43213,-29.3026638,7.19287968,4.87101364,2.94181728,104.509689,2
37.889328,137.21489,-68.5607452,35.43926,-29.03066,7.16935349,4.929372,2.94181728,104.502563,2
37.9414978,136.456665,-68.52108,35.4789162,-27.1683941,7.008254,5.32892036,2.93334675,104.45443,2
38.151474,136.2753,-68.50953,35.4904671,-26.714529,6.96898556,5.42629433,2.93334675,104.442879,2
38.20745,135.621368,-44.18775,59.81225,-25.049017,6.8248806,5.78361464,2.93334675,80.1211,0
38.27542,135.434479,-44.18477,59.81523,-24.5641937,6.782932,5.88762856,2.9243536,80.10912,0
38.4762955,135.233246,-44.1718521,59.8281479,-24.0375748,6.73736572,6.000609,2.9243536,80.09621,0
38.530426,134.6147,-44.14067,59.85933,-22.387064,6.594555,6.35470772,2.91571331,80.05639,0
38.5815353,134.460876,-44.13074,59.86926,-21.968792,6.55836439,6.44444227,2.91571331,80.0464554,0
38.631752,134.314377,-44.121273,59.878727,-21.5810623,6.526992,6.52194738,2.91571331,80.03699,0
38.829216,134.167221,-44.11175,59.88825,-21.23204,6.50579929,6.573375,2.91571331,80.0274658,0
38.8855057,133.448639,-44.0751381,59.9248619,-19.49855,6.400378,6.829737,2.9056797,79.98082,0
38.9374924,133.283432,-44.06438,59.93562,-19.092535,6.37565136,6.8901577,2.9056797,79.97006,0
38.99534,133.099655,-44.0523949,59.9476051,-18.63768,6.347946,6.95789671,2.9056797,79.95808,0
39.0504074,132.898849,-44.03928,59.96072,-18.1367073,6.317428,7.03255749,2.9056797,79.94496,0
39.1009827,132.737,-44.028698,59.971302,-17.72986,6.292642,7.09322357,2.9056797,79.93438,0
39.15242,132.577347,-44.0298424,59.9701576,-17.32576,6.268022,7.15350533,2.894081,79.92392,0
39.20559,132.404282,-43.1856155,60.8143845,-16.8845921,6.24114227,7.21933937,3.72696114,79.9125748,0
39.2566376,132.245148,-43.17517,60.82483,-16.47597,6.216245,7.28033543,3.72696114,79.90213,0
39.3148575,132.061478,-43.1630974,60.8369026,-16.000721,6.187288,7.351295,3.72696114,79.89006,0
39.37172,131.8904,-43.15184,60.84816,-15.5544682,6.160096,7.41794062,3.72696114,79.8788,0
39.4275742,131.701324,-43.1529121,60.8470879,-15.0571928,6.129795,7.492221,3.71342659,79.86634,0
39.4783478,131.541885,-43.14239,60.85761,-14.6344032,6.104033,7.55538464,3.71342659,79.85582,0
39.537262,131.366653,-43.1308136,60.8691864,-14.16599,6.07549047,7.625374,3.71342659,79.84424,0
39.59234,131.187927,-43.118988,60.881012,-13.6840849,6.04612541,7.6973877,3.71342659,79.83241,0
39.6426,131.033127,-43.10873,60.89127,-13.2632179,6.02048,7.760286,3.71342659,79.82216,0
39.6942825,130.890015,-43.09924,60.90076,-12.8711691,5.99658966,7.81888151,3.71342659,79.81267,0
39.744545,130.744232,-43.10515,60.89485,-12.468792,5.97207069,7.879024,3.69783974,79.8029861,0
39.8019638,130.566483,-43.09333,60.90667,-11.9739714,5.94191837,7.952988,3.69783974,79.79117,0
39.861496,130.400787,-43.0823021,60.9176979,-11.5083933,5.913548,8.022585,3.69783974,79.78014,0
39.9121475,130.256226,-43.0726662,60.9273338,-11.09878,5.88858747,8.08381748,3.69783974,79.77051,0
39.96279,129.970459,-43.05359,60.94641,-10.6923494,5.87270355,7.978912,3.69783974,79.75143,0
40.0181732,129.634125,-43.0310822,60.9689178,-10.21161,5.853884,7.855701,3.69783974,79.72892,0
40.07155,129.364853,-43.02949,60.97051,-9.8249445,5.838729,7.75716925,3.68136978,79.71086,0
40.12594,129.025513,-43.00668,60.99332,-9.335565,5.819533,7.63304567,3.68136978,79.68805,0
40.178894,128.7523,-42.988266,61.011734,-8.939926,5.80400467,7.53309155,3.68136978,79.66964,0
40.2370071,128.438812,-42.96709,61.03291,-8.484184,5.786111,7.418309,3.68136978,79.64846,0
40.2870255,128.151932,-42.94767,61.05233,-8.065578,5.76967049,7.313154,3.68136978,79.6290359,0
40.3450623,127.831718,-42.9259377,61.0740623,-7.59659624,5.75124836,7.1956,3.68136978,79.60731,0
40.4039459,127.512016,-42.90419,61.09581,-7.126559,5.73278332,7.0780015,3.68136978,79.585556,0
40.45916,127.188782,-42.8995247,61.1004753,-6.649523,5.714041,6.95883751,3.663988,79.5635147,0
40.5117569,126.92907,-42.88177,61.11823,-6.26492739,5.69893074,6.86287737,3.663988,79.54576,0
40.5688,126.604668,-42.8595428,61.1404572,-5.78290224,5.67999172,6.742723,3.663988,79.52353,0
40.6194534,126.3428,-42.8415565,61.1584435,-5.39245033,5.66465044,6.645476,3.663988,79.50555,0
40.6780624,126.0231,-42.8195534,61.1804466,-4.914192,5.645859,6.52643967,3.663988,79.48354,0
40.7284775,125.753265,-42.8009338,61.1990662,-4.509118,5.629944,6.425677,3.663988,79.46492,0
40.784523,125.442513,-42.79933,61.20067,-4.04103565,5.61155224,6.30929661,3.64410114,79.44343,0
40.83612,125.155052,-42.7794037,61.2205963,-3.60651469,5.59447956,6.20130444,3.64410114,79.42351,0
40.8873,124.8988,-42.7616,61.2384,-3.2179203,5.579212,6.10475826,3.64410114,79.4057,0
40.9426956,124.543839,-42.73688,61.26312,-2.805133,5.5668745,5.907769,3.64410114,79.38098,0
40.99379,124.129913,-42.7079659,61.2920341,-2.55343652,5.568535,5.56425667,3.64410114,79.352066,0
41.04563,123.756554,-43.4338379,60.5661621,-2.32555175,5.56998348,5.25475836,2.89206123,79.3259,0
41.1013031,123.273834,-43.3998947,60.6001053,-2.02997017,5.571807,4.8549614,2.89206123,79.291954,0
41.1513138,122.872734,-43.3715858,60.6284142,-1.78370154,5.57329035,4.52299,2.89206123,79.26365,0
41.2024078,122.46769,-43.342907,60.657093,-1.53451848,5.574767,4.187898,2.89206123,79.23497,0
41.25344,122.087517,-43.3159,60.6841,-1.300274,5.57613754,3.87348676,2.89206123,79.20796,0
41.3118439,121.6044,-43.28146,60.71854,-1.00217927,5.577864,3.47401452,2.89206123,79.17352,0
41.3618774,121.198952,-43.2524529,60.7475471,-0.7517071,5.57930374,3.13879824,2.89206123,79.144516,0
41.41971,120.731171,-43.2188644,60.7811356,-0.4624536,5.580956,2.7520628,2.89206123,79.11092,0
41.4796448,120.275642,-43.1860275,60.8139725,-0.180532664,5.58256,2.37543964,2.89206123,79.07809,0
41.5368042,119.794952,-43.1512451,60.8487549,0.117172182,5.584249,1.97798479,2.89206123,79.0433044,0
41.5958252,119.337219,-43.1179924,60.8820076,0.400839269,5.58585453,1.59946179,2.89206123,79.0100555,0
41.65129,118.850456,-43.0824928,60.9175072,0.7026646,5.58756,1.196867,2.89206123,78.974556,0
41.7032166,118.467606,-43.0722656,60.9277344,0.9401694,5.588901,0.880159557,2.87426376,78.9465256,0
41.76139,117.987236,-43.036972,60.963028,1.23829734,5.59058237,0.482703626,2.87426376,78.91124,0
41.8200836,117.529228,-43.00319,60.99681,1.522664,5.5921855,0.103670985,2.87426376,78.87746,0
41.8701248,117.11277,-42.97236,61.02764,1.78133416,5.59364271,-0.24105826,2.87426376,78.84662,0
41.9206467,116.707787,-42.94227,61.05773,2.03295755,5.59506035,-0.576356947,2.87426376,78.8165359,0
41.9778442,116.255646,-42.9085541,61.0914459,2.167519,5.60386372,-1.02134645,2.87426376,78.782814,0
42.0288773,115.862953,-42.8791656,61.1208344,2.23449421,5.61397076,-1.43204165,2.87426376,78.7534256,0
42.0879,115.423141,-42.84613,61.15387,2.309786,5.625277,-1.89211237,2.87426376,78.72039,0
42.1443863,114.945,-42.79228,61.20772,2.39187169,5.63755941,-2.39243031,2.89206123,78.68434,0
42.1946564,114.556679,-42.7628822,61.2371178,2.458661,5.64753,-2.7989068,2.89206123,78.6549454,0
42.2532349,114.107323,-42.7287445,61.2712555,2.536045,5.65906525,-3.26946,2.89206123,78.6208038,0
42.30403,113.721542,-42.69933,61.30067,2.602543,5.66896963,-3.67361879,2.89206123,78.59139,0
42.3620148,113.261162,-42.6640968,61.3359032,2.68195438,5.68079138,-4.156152,2.89206123,78.55616,0
42.4120331,112.867966,-42.63389,61.36611,2.7498138,5.69089,-4.56846666,2.89206123,78.52595,0
42.4709625,112.427628,-42.5999374,61.4000626,2.82584214,5.702203,-5.030434,2.89206123,78.492,0
42.5267944,111.951324,-44.92883,59.07117,2.90811682,5.714445,-5.53041124,0.5262909,78.4551239,0
42.578392,111.5784,-44.89985,59.10015,2.97255945,5.724035,-5.922079,0.5262909,78.42614,0
42.6362457,111.120735,-44.8641472,59.1358528,3.0516727,5.73580837,-6.402986,0.5262909,78.39044,0
42.68718,110.717026,-44.8325348,59.1674652,3.12148619,5.746199,-6.82742548,0.5262909,78.3588257,0
42.7392273,110.324425,-44.8016777,59.1983223,3.18940163,5.75630856,-7.240387,0.5262909,78.32797,0
42.7943878,109.875076,-44.7662277,59.2337723,3.26716661,5.76788568,-7.71330452,0.5262909,78.29252,0
42.8467178,109.49826,-44.73639,59.26361,3.33240485,5.77759933,-8.11009,0.5262909,78.26268,0
42.9016571,109.025406,-44.6888924,59.3111076,3.414306,5.78979445,-8.608279,0.536197662,78.22509,0
42.9538422,108.642,-44.6582947,59.3417053,3.480745,5.799689,-9.012457,0.536197662,78.19449,0
43.0039368,108.260864,-44.62777,59.37223,3.54681826,5.8095293,-9.414444,0.536197662,78.16396,0
43.0615234,107.793205,-44.590168,59.409832,3.62793064,5.82161045,-9.907966,0.536197662,78.1263657,0
43.1197739,107.35714,-44.55496,59.44504,3.70360541,5.8328824,-10.3684378,0.536197662,78.091156,0
43.1714478,106.970581,-44.5236244,59.4763756,3.77072215,5.84288025,-10.7768593,0.536197662,78.05982,0
43.2277679,106.496727,-44.4850655,59.5149345,3.853041,5.85514355,-11.2778149,0.536197662,78.02126,0
43.2868652,106.059784,-44.4493523,59.5506477,3.92899132,5.86645746,-11.7400379,0.536197662,77.98555,0
43.3432159,105.590958,-44.4108734,59.5891266,4.01053572,5.878607,-12.2363234,0.536197662,77.94707,0
43.39467,105.201981,-44.37882,59.62118,4.07823038,5.88869143,-12.6483288,0.536197662,77.9150162,0
43.4512863,104.761505,-44.3423729,59.6576271,4.154932,5.900119,-13.1151686,0.536197662,77.87857,0
43.5114,104.313545,-44.3051529,59.6948471,4.242428,5.911777,-13.5851622,0.536197662,77.84135,0
43.57025,103.856712,-44.2583961,59.7416039,4.33502,5.923684,-14.062953,0.5448322,77.80323,0
43.6290359,103.402527,-44.22033,59.77967,4.427147,5.93552971,-14.5382586,0.5448322,77.76516,0
43.6873627,102.929779,-44.1805229,59.8194771,4.523111,5.94786549,-15.0332937,0.5448322,77.72536,0
43.73771,102.553719,-44.14873,59.85127,4.59949827,5.95768452,-15.4272938,0.5448322,77.6935654,0
43.7927628,102.088181,-44.1092148,59.8907852,4.694124,5.96984625,-15.9153242,0.5448322,77.6540451,0
43.84529,101.699226,-48.2353745,55.7646255,4.77323627,5.980014,-16.32331,-3.61448479,77.62089,0
43.90204,101.244392,-48.19644,55.80356,4.86580849,5.99191,-16.8006763,-3.61448479,77.581955,0
43.96141,100.801514,-48.1583633,55.8416367,4.95601225,6.003501,-17.2657986,-3.61448479,77.54388,0
44.02021,100.336433,-48.1181946,55.8818054,5.050802,6.015681,-17.7545414,-3.61448479,77.50371,0
44.07023,99.95916,-48.0854721,55.9145279,5.127748,6.02556753,-18.1512642,-3.61448479,77.4709854,0
44.1280975,99.49573,-48.04511,55.95489,5.22232771,6.03771973,-18.6388874,-3.61448479,77.4306259,0
44.1789322,99.11886,-48.012146,55.987854,5.299291,6.04760838,-19.035675,-3.61448479,77.39766,0
44.2374573,98.66829,-47.9693756,56.0306244,5.39136553,6.05943871,-19.5103569,-3.611288,77.3580856,0
44.29284,98.1994,-47.928,56.072,5.487254,6.07175827,-20.0046883,-3.611288,77.31671,0
44.35005,97.7802658,-47.89085,56.10915,5.573031,6.08277845,-20.4468822,-3.611288,77.2795639,0
44.40808,97.3241,-47.85023,56.14977,5.66645241,6.09478,-20.92848,-3.611288,77.238945,0
44.46608,96.88467,-47.8109245,56.1890755,5.756514,6.106351,-21.392746,-3.611288,77.19964,0
44.5248871,96.42834,-47.7699165,56.2300835,5.850107,6.118375,-21.8752155,-3.611288,77.15863,0
44.58252,95.98562,-47.7299461,56.2700539,5.940979,6.13004875,-22.3436546,-3.611288,77.11866,0
44.64305,95.58682,-47.6937866,56.3062134,6.022894,6.14057255,-22.7659187,-3.611288,77.0825,0
44.7044144,95.05987,-47.6457672,56.3542328,6.13122,6.15448856,-23.32432,-3.611288,77.03448,0
44.7595673,94.6035461,-47.6039734,56.3960266,6.22511,6.166549,-23.8083019,-3.611288,76.99268,0
44.8185577,94.15883,-47.5630455,56.4369545,6.31668472,6.17831326,-24.28035,-3.611288,76.95176,0
44.8698349,93.7858353,-47.5255547,56.4744453,6.393547,6.1881876,-24.67656,-3.60827446,76.91728,0
44.9247131,93.31238,-47.4815941,56.5184059,6.491188,6.20073128,-25.1798782,-3.60827446,76.87332,0
44.9774551,92.93436,-49.1459656,54.8540344,6.56921,6.210754,-25.582058,-5.307905,76.83806,0
45.03544,92.50468,-49.1057167,54.8942833,6.657963,6.22215462,-26.0395489,-5.307905,76.79781,0
45.0867767,92.12173,-49.0696831,54.9303169,6.737125,6.23232365,-26.4476051,-5.307905,76.76178,0
45.1435928,91.66615,-49.0266228,54.9733772,6.83137751,6.2444315,-26.933445,-5.307905,76.71872,0
45.20263,91.22969,-48.9851646,55.0148354,6.92175436,6.256042,-27.399313,-5.307905,76.67726,0
45.2601929,90.76224,-48.9405441,55.0594559,7.018638,6.26848745,-27.8987179,-5.307905,76.63264,0
45.3188248,90.32001,-48.89812,55.10188,7.11037827,6.280273,-28.37161,-5.307905,76.59022,0
45.37703,89.87438,-48.85516,55.14484,7.20290852,6.29215956,-28.84858,-5.307905,76.54726,0
45.4270325,89.50654,-48.8177643,55.1822357,7.27935553,6.30197954,-29.2426376,-5.30613136,76.5116348,0
45.47857,89.1136856,-48.7795563,55.2204437,7.361066,6.31247568,-29.66383,-5.30613136,76.47343,0
45.534584,88.6630859,-73.0155258,30.9844761,7.45487356,6.32452631,-30.1473789,-5.30613136,100.709389,2
45.5945358,88.22998,-72.97299,31.02701,7.55051374,6.337332,-30.6089268,-5.30613136,100.666862,2
45.65142,87.77422,-72.92801,31.0719929,7.65209866,6.35100842,-31.0944824,-5.30613136,100.621872,2
45.71244,87.35468,-72.88639,31.11361,7.74570465,6.36360836,-31.5418682,-5.30613136,100.580261,2
45.7652969,86.9117355,-72.84223,31.1577644,7.84463167,6.37692451,-32.01465,-5.30613136,100.5361,2
45.8242722,86.47923,-72.7989044,31.2010975,7.941323,6.389939,-32.4767227,-5.30613136,100.492775,2
45.87429,86.07858,-72.75857,31.2414322,8.03098,6.40200567,-32.9051628,-5.30613136,100.452438,2
45.9322739,85.64129,-68.64046,35.3595428,8.128935,6.415189,-33.37323,-1.23225975,100.408195,2
45.983757,85.26163,-68.60187,35.3981323,8.214063,6.426645,-33.779995,-1.23225975,100.369606,2
46.0352478,84.8844452,-68.5633545,35.43664,8.298712,6.438036,-34.18446,-1.23225975,100.3311,2
46.0907745,84.43962,-68.51772,35.48228,8.398643,6.45148373,-34.6619225,-1.23225975,100.285461,2
46.1410065,84.0522461,-68.47778,35.5222168,8.485757,6.46320629,-35.0781441,-1.23225975,100.245522,2
46.1927032,83.66787,-68.43797,35.56203,8.572281,6.474849,-35.49153,-1.23225975,100.205711,2
46.24717,83.2274246,-68.39213,35.6078758,8.67153,6.488204,-35.96571,-1.23225975,100.159866,2
46.2988968,82.86796,-68.35453,35.6454735,8.752616,6.499115,-36.3531036,-1.23225975,100.122269,2
46.3536148,82.4269,-68.3081741,35.6918259,8.852209,6.512516,-36.82891,-1.23225975,100.075912,2
46.4063873,82.06662,-68.26616,35.7338371,8.933648,6.523474,-37.2179947,-1.22829628,100.037865,2
46.465416,81.63371,-68.22022,35.7797775,9.031609,6.53665543,-37.686,-1.22829628,99.99193,2
46.51935,81.1837845,-68.17222,35.82778,9.133547,6.55037069,-38.173,-1.22829628,99.943924,2
46.57083,80.7976,-68.1308,35.8691978,9.221144,6.56215668,-38.5914841,-1.22829628,99.902504,2
46.6228638,80.43035,-68.09123,35.9087677,9.304534,6.57337761,-38.98987,-1.22829628,99.86294,2
46.6734924,80.0582047,-68.05095,35.94905,9.389128,6.58475971,-39.394,-1.22829628,99.8226547,2
46.73078,79.61362,-68.00258,35.99742,9.490306,6.598373,-39.87737,-1.22829628,99.7742844,2
46.7885971,79.17531,-65.02455,38.97545,9.590185,6.61181164,-40.3545341,1.70178032,99.72633,2
46.8395767,78.79579,-64.97623,39.0237732,9.676777,6.62346268,-40.76821,1.70836735,99.68459,2
46.89724,78.37665,-64.9299,39.0701,9.772527,6.636346,-41.22564,1.70836735,99.63827,2
46.9480438,77.98625,-64.88653,39.113472,9.861823,6.64836073,-41.65224,1.70836735,99.5948944,2
47.0053558,77.558,-64.8387,39.1613,9.95991,6.661558,-42.1208229,1.70836735,99.5470657,2
47.055397,77.19636,-64.7981,39.2018967,10.0428457,6.67271662,-42.51702,1.70836735,99.50647,2
47.10639,76.82892,-64.75666,39.24334,10.1272116,6.684068,-42.920063,1.70836735,99.46503,2
47.1566,76.4567642,-64.7144852,39.2855148,10.2127657,6.69557953,-43.3287735,1.70836735,99.42285,2
47.212677,76.00082,-64.6556854,39.3443146,10.3177338,6.709702,-43.8302345,1.71521568,99.3709,2
47.2724838,75.59203,-64.60884,39.39116,10.4119854,6.722384,-44.2804947,1.71521568,99.32406,2
47.32274,75.21514,-64.56542,39.4345741,10.4990063,6.734092,-44.69621,1.71521568,99.28064,2
47.3810425,74.77513,-64.5144653,39.48554,10.6007519,6.747782,-45.18227,1.71521568,99.2296753,2
47.4312744,74.4234,-64.47351,39.52649,10.6822014,6.758741,-45.571373,1.71521568,99.18873,2
47.48883,73.98406,-64.42208,39.57792,10.784091,6.77245,-46.0581322,1.71521568,99.1373,2
47.5474,73.56592,-63.0175858,40.9824142,10.8812237,6.78551865,-46.52216,3.07048225,99.0880661,2
47.60681,73.13921,-62.9583244,41.0416756,10.9805088,6.798877,-46.99648,3.079217,99.0375443,2
47.6641159,72.69808,-62.905777,41.094223,11.083333,6.812711,-47.4876938,3.079217,98.98499,2
47.7147751,72.34108,-62.863018,41.136982,11.1666813,6.823925,-47.8858681,3.079217,98.94224,2
47.7726,71.9068146,-62.81072,41.18928,11.2682371,6.83758926,-48.3710175,3.079217,98.88994,2
47.82271,71.5315857,-62.765274,41.234726,11.3561373,6.849416,-48.79094,3.079217,98.84449,2
47.8809433,71.13382,-62.7168427,41.2831573,11.4494734,6.86197329,-49.2368279,3.079217,98.79606,2
47.9383926,70.69214,-62.65453,41.34547,11.5533056,6.87594366,-49.7328644,3.087429,98.74196,2
47.9892654,70.3459244,-62.6118851,41.3881149,11.6348419,6.88691425,-50.12238,3.087429,98.69932,2
48.0449448,69.90973,-62.5578575,41.4421425,11.7377548,6.90076065,-50.61402,3.087429,98.64529,2
48.0968628,69.54852,-62.5128632,41.4871368,11.8231354,6.912248,-51.021904,3.087429,98.600296,2
48.15622,69.1471939,-62.3348465,41.6651535,11.9181728,6.92503548,-51.4759254,3.21517944,98.5500259,2
48.2142563,68.7089,-62.2796135,41.7203865,12.0221815,6.93902969,-51.9727974,3.21517944,98.4948,2
48.2739868,68.29808,-62.2203,41.7797,12.1198769,6.95217371,-52.4395065,3.22240829,98.4427,2
48.33107,67.8671951,-62.1653252,41.8346748,12.2225666,6.9659915,-52.93008,3.22240829,98.38773,2
48.3895645,67.4462662,-62.1112862,41.8887138,12.4234591,6.97380352,-53.3319473,3.22240829,98.3336945,2
48.4470139,66.96047,-62.0484962,41.9515038,12.7407494,6.977981,-53.7296066,3.22240829,98.2709045,2
48.4973831,66.5662842,-61.9972153,42.0027847,12.9986963,6.98135948,-54.05223,3.22240829,98.21962,2
48.55133,66.17053,-61.94542,42.05458,13.2580528,6.984744,-54.37615,3.22240829,98.16782,2
48.6065,65.71387,-61.8852654,42.1147346,13.5577488,6.9886446,-54.7499771,3.22240829,98.10767,2
48.6644669,65.2395248,-62.8672562,41.1327438,13.8694792,6.992693,-55.13839,2.177496,98.044754,2
48.7225723,64.79209,-62.80748,41.19252,14.1638937,6.996509,-55.5049171,2.177496,97.98498,2
48.7779846,64.35125,-62.74818,41.25182,14.530117,6.996924,-55.8068275,2.177496,97.9256744,2
48.8294373,64.07435,-62.7107239,41.2892761,14.9582567,6.988489,-55.84289,2.177496,97.88822,2
48.8803253,63.8104057,-62.68059,41.31941,15.3697329,6.9803586,-55.87678,2.171772,97.85236,2
48.9364624,63.5019264,-62.6385,41.3615,15.8547087,6.97075224,-55.91597,2.171772,97.81027,2
48.98767,63.2278557,-62.6009331,41.3990669,16.289175,6.96213055,-55.95058,2.171772,97.7727051,2
49.0385742,62.9879837,-62.57461,41.42539,16.6721821,6.9545207,-55.9807968,2.165079,97.73969,2
49.0965729,62.67803,-62.53176,41.46824,17.1708965,6.944602,-56.0198441,2.165079,97.69684,2
49.1469879,62.4210434,-62.49608,41.50392,17.5876789,6.936306,-56.05228,2.165079,97.6611557,2
49.2055054,62.1334343,-64.89091,39.1090927,18.0577049,6.92694569,-56.0887222,-0.269863129,97.62104,2
49.26293,61.8285561,-64.84818,39.15182,18.5601959,6.916934,-56.1275558,-0.269863129,97.5783157,2
49.31311,61.5770836,-64.81278,39.1872177,18.9780521,6.908606,-56.15977,-0.269863129,97.5429153,2
49.363533,61.35118,-64.78525,39.214756,19.3924313,6.89941931,-56.1639938,-0.274251938,97.510994,2
49.4222641,61.2615662,-64.77255,39.22745,19.8332081,6.883316,-55.97935,-0.274251938,97.4983,2
49.4793,61.1738434,-64.76433,39.2356758,20.2841434,6.86681747,-55.7901764,-0.2784748,97.48585,2
49.5377655,61.0902557,-64.75245,39.24755,20.7338066,6.85035,-55.6013947,-0.2784748,97.4739761,2
49.59841,61.0106,-64.7460251,39.2539749,21.1829,6.83389044,-55.4128075,-0.283382416,97.46264,2
49.6532059,60.9324532,-64.73489,39.26511,21.6458263,6.81691742,-55.2184219,-0.283382416,97.45151,2
49.70558,60.8738556,-64.72653,39.2734642,22.0096416,6.80357456,-55.06568,-0.283382416,97.44315,2
49.76175,60.8026924,-64.72205,39.2779427,22.4738464,6.78654575,-54.8708458,-0.2890644,97.43299,2
49.8132858,60.74664,-64.71404,39.2859535,22.85953,6.77239656,-54.7090149,-0.2890644,97.42498,2
49.86477,60.69475,-64.7121353,39.28786,23.2350388,6.75861931,-54.5515,-0.29458046,97.41756,2
49.9193649,60.6356735,-64.70368,39.29632,23.6882648,6.741991,-54.36143,-0.29458046,97.4090958,2
49.9717331,60.5884933,-64.7032852,39.2967148,24.0736485,6.72785,-54.1998634,-0.3009472,97.4023361,2
50.0299149,60.5888863,-64.70334,39.2966576,24.4778957,6.71095467,-53.9738846,-0.3009472,97.4024,2
50.08612,60.92712,-64.75169,39.2483025,24.6006584,6.690976,-53.4992,-0.3009472,97.45075,2
50.138176,61.2242622,-64.8007,39.1993027,24.7076454,6.67349434,-53.0847054,-0.307689667,97.4930038,2
50.18817,61.5088463,-64.84097,39.1590233,24.8096123,6.65681,-52.68974,-0.307689667,97.53329,2
50.23884,61.79967,-64.88195,39.1180534,24.9134579,6.639816,-52.2880135,-0.307689667,97.57426,2
50.2967,62.14515,-64.9375,39.0624962,25.0364056,6.61970949,-51.8131943,-0.314823151,97.62268,2
50.3555,62.4970169,-64.98654,39.0134544,25.16124,6.59932041,-51.33216,-0.314823151,97.67172,2
50.40587,62.7970352,-65.0281448,38.97186,25.2673969,6.582008,-50.9239845,-0.314823151,97.71332,2
50.4638824,63.1408768,-65.0837555,38.9162445,25.3887424,6.56224871,-50.45837,-0.323007584,97.76075,2
50.5213547,63.5063477,-65.13389,38.8661156,25.4478188,6.5446043,-50.0000343,-0.323007584,97.8108749,2
50.571846,63.9079857,-62.7988739,41.2011261,25.3468838,6.53303242,-49.578846,2.066763,97.86564,2
50.63111,64.33912,-62.8572731,41.1427269,25.2391987,6.520597,-49.12694,2.066763,97.9240341,2
50.6880341,64.808075,-62.9203529,41.0796471,25.12274,6.50706339,-48.63568,2.066763,97.987114,2
50.7467346,65.25732,-62.98036,41.01964,25.0117664,6.494096,-48.16537,2.066763,98.04712,2
50.8027344,65.68966,-63.0377121,40.9622879,24.9054413,6.481618,-47.7130623,2.066763,98.10448,2
50.86029,66.1257248,-63.09518,40.90482,24.79863,6.469036,-47.25716,2.066763,98.16194,2
50.9112167,66.52679,-63.1625137,40.8374863,24.70072,6.45747042,-46.8381538,2.05195332,98.21446,2
50.9627151,66.95592,-63.21836,40.78164,24.5962582,6.44510174,-46.39014,2.05195332,98.27032,2
51.0153351,67.33208,-63.26702,40.73298,24.5049267,6.43426657,-45.9977074,2.05195332,98.31898,2
51.06578,67.64431,-62.29469,41.70531,24.4292622,6.42527771,-45.6721764,3.0644722,98.35916,2
51.11676,68.11045,-62.35434,41.64566,24.31652,6.411867,-45.1865158,3.0644722,98.41881,2
51.1760559,68.56724,-62.4123955,41.5876045,24.2062836,6.39873648,-44.7110062,3.0644722,98.47687,2
51.2325668,69.03681,-62.4716759,41.5283241,24.0931721,6.385251,-44.2226067,3.0644722,98.53615,2
51.28282,69.42326,-62.5201645,41.4798355,24.00023,6.37416,-43.8209724,3.0644722,98.58463,2
51.3328323,69.81563,-62.5691147,41.4308853,23.9059925,6.362908,-43.4134865,3.0644722,98.63359,2
51.3843536,70.1964951,-62.61637,41.38363,23.8146324,6.35199261,-43.01821,3.0644722,98.68085,2
51.44268,70.66669,-62.67436,41.32564,23.70198,6.33852768,-42.5306168,3.0644722,98.73883,2
51.49787,71.12795,-62.73087,41.26913,23.5916119,6.325331,-42.0526733,3.0644722,98.79534,2
51.5510635,71.49381,-62.7950439,41.2049561,23.5041618,6.314871,-41.6738625,3.04486,98.8399048,2
51.6084,71.96215,-62.9748154,41.0251846,23.3923321,6.30149174,-41.18929,2.92180252,98.89662,2
51.6589279,72.36323,-63.02309,40.97691,23.29666,6.290042,-40.7746277,2.92180252,98.94489,2
51.71631,72.8147354,-63.0771179,40.9228821,23.1890545,6.277162,-40.30815,2.92180252,98.9989243,2
51.7669144,73.21723,-63.125,40.875,23.0932178,6.26568842,-39.8926125,2.92180252,99.0468,2
51.81742,73.5978,-63.17003,40.82997,23.0026741,6.25484753,-39.4999657,2.92180252,99.091835,2
51.8752747,74.06663,-63.2251854,40.7748146,22.898983,6.243897,-39.01222,2.92180252,99.14699,2
51.9310837,74.52189,-63.27841,40.72159,22.80112,6.234118,-38.53742,2.92180252,99.20021,2
51.9828262,74.8968048,-63.322,40.678,22.7205811,6.22606945,-38.1467133,2.92180252,99.2438049,2
52.0331573,75.30853,-63.3696175,40.6303825,22.6321945,6.21723557,-37.71794,2.92180252,99.29142,2
52.093605,75.74322,-63.41961,40.58039,22.5389442,6.207916,-37.2656021,2.92180252,99.34141,2
52.1480331,76.2117,-63.4731674,40.5268326,22.4385128,6.197878,-36.7784576,2.92180252,99.3949661,2
52.1994476,76.59519,-64.8499,39.1501,22.35636,6.18966675,-36.37998,1.58866787,99.43857,2
52.250206,77.0002747,-64.89571,39.1042862,22.2696342,6.18099833,-35.9593353,1.58866787,99.48438,2
52.3014755,77.3790359,-64.93833,39.0616646,22.1885929,6.172898,-35.5662727,1.58866787,99.527,2
52.35633,77.86266,-64.9924545,39.00755,22.085186,6.162562,-35.0647354,1.58866787,99.58112,2
52.41651,78.2942352,-65.04047,38.9595375,21.9929714,6.15334463,-34.61749,1.58866787,99.62913,2
52.4748,78.75365,-65.09128,38.90872,21.8948727,6.14353943,-34.14172,1.58866787,99.67995,2
52.53398,79.22537,-65.14315,38.8568459,21.7942162,6.13347864,-33.65354,1.58866787,99.73182,2
52.5914,79.67454,-65.19226,38.8077431,21.6984367,6.12390566,-33.1890221,1.58866787,99.78093,2
52.6421051,80.08785,-65.2372,38.7628,21.6103554,6.115103,-32.7618446,1.58866787,99.82587,2
52.7001724,80.5289459,-65.2849045,38.71509,21.5164089,6.105713,-32.3062325,1.58866787,99.87357,2
52.7587433,80.9878,-65.33426,38.66574,21.41874,6.095952,-31.8325748,1.58866787,99.92293,2
52.8142624,81.46994,-65.38582,38.6141853,21.3161812,6.085702,-31.3351955,1.58866787,99.97448,2
52.867897,81.85815,-65.42711,38.5728951,21.2336521,6.07745361,-30.9349556,1.58866787,100.01577,2
52.9262238,82.3194351,-68.3518143,35.6481857,21.13564,6.06765842,-30.459631,-1.28723145,100.064583,2
52.98336,82.7907639,-68.41108,35.5889244,21.0355568,6.05765533,-29.97426,-1.29690361,100.114174,2
53.0415649,83.2447739,-68.45858,35.5414238,20.93921,6.048025,-29.5069962,-1.29690361,100.161674,2
53.0958633,83.63602,-68.4993057,35.5006943,20.8562241,6.039731,-29.10454,-1.29690361,100.2024,2
53.1482468,84.0930252,-68.54664,35.45336,20.7593384,6.030048,-28.6346855,-1.29690361,100.249733,2
53.19915,84.4852142,-68.58705,35.41295,20.676239,6.021742,-28.2316742,-1.29690361,100.290146,2
53.2559662,84.94584,-68.63428,35.36572,20.5786915,6.011992,-27.7585869,-1.29690361,100.337379,2
53.3157578,85.40164,-68.68076,35.3192368,20.4822121,6.002349,-27.290699,-1.29690361,100.383858,2
53.3736038,85.87945,-68.7292252,35.2707748,20.3811321,5.99224663,-26.8004875,-1.29690361,100.43232,2
53.42373,86.27612,-68.76925,35.2307472,20.2972565,5.983863,-26.3937149,-1.29690361,100.472351,2
53.481514,86.74275,-68.8161,35.1839,20.198637,5.97400665,-25.9154453,-1.29690361,100.519196,2
53.5321121,87.14557,-68.8563461,35.1436539,20.1135445,5.96550226,-25.50277,-1.29690361,100.559441,2
53.5895233,87.60155,-68.90167,35.0983238,20.0172672,5.95588,-25.0358486,-1.29690361,100.604774,2
53.64038,88.00286,-68.9413757,35.0586243,19.9325714,5.94741535,-24.6250877,-1.29690361,100.64447,2
53.6904449,88.4118958,-73.01487,30.98513,19.84628,5.938791,-24.2066078,-5.33012,100.684746,2
53.74051,88.8188553,-73.0547562,30.9452419,19.7604675,5.93021345,-23.79043,-5.33012,100.72464,2
53.79883,89.2681961,-73.09859,30.90141,19.6657524,5.92074728,-23.3311062,-5.33012,100.768471,2
53.8581772,89.7196,-48.8665352,55.1334648,19.57065,5.911242,-22.8698826,-5.33425331,76.53228,0
53.9143066,90.20934,-48.9138222,55.0861778,19.467514,5.900934,-22.3697071,-5.33425331,76.57957,0
53.96517,90.58546,-48.94996,55.05004,19.3883419,5.89302158,-21.985754,-5.33425331,76.61571,0
54.0241928,91.05042,-48.99443,55.00557,19.2905064,5.88324261,-21.51128,-5.33425331,76.66018,0
54.0741959,91.46917,-49.0342827,54.9657173,19.20243,5.87444,-21.0841484,-5.33425331,76.70003,0
54.13231,91.91811,-49.0768127,54.9231873,19.1080437,5.865006,-20.6263943,-5.33425331,76.74256,0
54.19123,92.40308,-49.12252,54.87748,19.0061245,5.8548193,-20.1321239,-5.33425331,76.78827,0
54.2483063,92.8707657,-49.16637,54.83363,18.9078827,5.84500027,-19.6556721,-5.33425331,76.8321152,0
54.2990723,93.27209,-49.2038231,54.7961769,18.82361,5.83657742,-19.2469864,-5.33425331,76.86957,0
54.34925,93.6654739,-49.24038,54.75962,18.750061,5.82831955,-18.8429012,-5.33425331,76.90613,0
54.4066772,94.11698,-49.28215,54.71785,18.6756878,5.818842,-18.3753052,-5.33425331,76.9479,0
54.4575043,94.5316238,-49.32033,54.67967,18.6073952,5.81014061,-17.9460831,-5.33425331,76.98608,0
54.5160065,94.99296,-49.3626175,54.6373825,18.5314312,5.800465,-17.4687634,-5.33425331,77.0283661,0
54.5715637,95.46152,-47.7180824,56.2819176,18.454298,5.790643,-16.9842033,-3.64697838,77.071106,0
54.6216125,95.8608551,-47.75434,56.24566,18.3885784,5.782276,-16.571413,-3.64697838,77.10736,0
54.67357,96.25356,-47.7898521,56.2101479,18.3239651,5.77405071,-16.1656418,-3.64697838,77.1428757,0
54.7239456,96.6629639,-47.8267174,56.1732826,18.2566223,5.76547861,-15.7427855,-3.64697838,77.17974,0
54.7750244,97.0369339,-47.8667068,56.1332932,18.1951256,5.75765228,-15.356679,-3.65342712,77.21328,0
54.8329849,97.4973145,-47.9078178,56.0921822,18.1194458,5.74802065,-14.8815517,-3.65342712,77.25439,0
54.89044,97.98511,-47.9511642,56.0488358,18.0392857,5.73782,-14.3783579,-3.65342712,77.29774,0
54.949295,98.42662,-47.9902153,56.0097847,17.96676,5.728591,-13.9231071,-3.65342712,77.3367844,0
55.00715,98.90337,-48.0321846,55.9678154,17.8884735,5.71863,-13.4317236,-3.65342712,77.37876,0
55.058403,99.296,-48.066597,55.933403,17.8240242,5.71043062,-13.0272141,-3.65342712,77.41317,0
55.1157532,99.77401,-48.10831,55.89169,17.7455826,5.700452,-12.5349283,-3.65342712,77.45489,0
55.1743546,100.242241,-48.14898,55.85102,17.66878,5.690681,-12.0529079,-3.65342712,77.49555,0
55.22467,100.629349,-48.182457,55.817543,17.6053028,5.682606,-11.6545486,-3.65342712,77.52903,0
55.2818,101.105659,-48.2234726,55.7765274,17.5272236,5.6726737,-11.1645794,-3.65342712,77.5700455,0
55.3322525,101.488914,-48.2563362,55.7436638,17.46442,5.664685,-10.7704725,-3.65342712,77.6029053,0
55.3827438,101.888237,-48.2904434,55.7095566,17.3990059,5.65636349,-10.3599825,-3.65342712,77.63702,0
55.4407043,102.3748,-48.3318253,55.6681747,17.3193283,5.64622831,-9.859988,-3.65342712,77.6784,0
55.4990921,102.835,-48.37078,55.62922,17.2439976,5.636646,-9.387271,-3.65342712,77.7173538,0
55.54959,103.223007,-48.403492,55.596508,17.1805038,5.62856865,-8.988851,-3.65342712,77.75007,0
55.5998459,103.629738,-48.4376526,55.5623474,17.1139622,5.620105,-8.571329,-3.65342712,77.7842255,0
55.65837,104.093193,-48.47641,55.52359,17.038168,5.610463,-8.095734,-3.65342712,77.82298,0
55.7156067,104.57132,-44.4168358,59.5831642,16.9600048,5.60052,-7.605264,0.445951462,77.8627853,0
55.76716,104.961113,-44.4688148,59.5311852,16.8963,5.59241772,-7.20554256,0.4262886,77.8951,0
55.82396,105.4563,-44.509697,59.490303,16.8153954,5.58212662,-6.69791174,0.4262886,77.93599,0
55.8740234,105.848274,-44.5419235,59.4580765,16.7513771,5.573984,-6.29621553,0.4262886,77.96821,0
55.9320145,106.317535,-44.5803452,59.4196548,16.6747589,5.56423855,-5.81546164,0.4262886,78.00664,0
55.99022,106.783386,-44.61832,59.38168,16.5987263,5.55456734,-5.33836842,0.4262886,78.04461,0
56.0491867,107.250755,-44.6562538,59.3437462,16.5224686,5.54486656,-4.859873,0.4262886,78.08254,0
56.09958,107.643539,-44.6880074,59.3119926,16.4583988,5.53671741,-4.45786333,0.4262886,78.114296,0
56.15692,108.12204,-44.726532,59.273468,16.3803711,5.52679157,-3.96826935,0.4262886,78.1528244,0
56.2078552,108.509621,-44.7576141,59.2423859,16.31719,5.518755,-3.571819,0.4262886,78.1839,0
56.2655563,108.990814,-44.7960472,59.2039528,16.2387676,5.50877953,-3.07975745,0.4262886,78.2223358,0
56.32563,109.460144,-44.83337,59.16663,16.1623058,5.499054,-2.59997845,0.4262886,78.25966,0
56.38138,109.943047,-44.8716049,59.1283951,16.05545,5.483772,-2.11781263,0.4262886,78.29789,0
56.43289,110.330292,-44.90214,59.09786,15.9697886,5.47151566,-1.73123062,0.4262886,78.32843,0
56.4883575,110.8281,-44.941246,59.058754,15.8597,5.455758,-1.23435426,0.4262886,78.36753,0
56.55027,111.284775,-44.976963,59.023037,15.7587452,5.44130325,-0.778630137,0.4262886,78.40325,0
56.6067429,111.765945,-45.01444,58.98556,15.6524057,5.4260726,-0.298537552,0.4262886,78.44073,0
56.6568,112.169472,-45.045742,58.954258,15.5632553,5.41330051,0.104011446,0.4262886,78.47203,0
56.7162476,112.650055,-45.0828743,58.9171257,15.45711,5.39809132,0.5833447,0.4262886,78.50916,0
56.77162,113.136559,-45.1203079,58.8796921,15.3496876,5.382697,1.06850517,0.4262886,78.54659,0
56.8223877,113.551353,-45.1520958,58.8479042,15.2581234,5.369574,1.48208272,0.4262886,78.5783844,0
56.8741837,113.953087,-45.18277,58.81723,15.1694641,5.35686541,1.88257039,0.4262886,78.6090546,0
56.9331055,114.430557,-45.21909,58.78091,15.0641136,5.341764,2.35849023,0.4262886,78.64538,0
56.9908447,114.912155,-42.9582176,61.0417824,14.9578781,5.32653427,2.83843637,2.72363663,78.6818542,0
57.0492554,115.3658,-42.9924431,61.0075569,14.857832,5.312191,3.29044843,2.72363663,78.71608,0
57.09935,115.790337,-43.0243454,60.9756546,14.7642231,5.29877,3.713394,2.72363663,78.7479858,0
57.1556549,116.271408,-43.06036,60.93964,14.6581717,5.283564,4.19258165,2.72363663,78.784,0
57.20688,116.657707,-43.08917,60.91083,14.5730276,5.27135563,4.577313,2.72363663,78.8128052,0
57.25744,117.081833,-43.1557426,60.8442574,14.4795618,5.25795364,4.99965525,2.68858337,78.84433,0
57.3157043,117.561867,-43.1912842,60.8087158,14.3737946,5.242787,5.477599,2.68858337,78.87987,0
57.3759766,118.03405,-43.2260971,60.7739029,14.2697792,5.227871,5.947639,2.68858337,78.91468,0
57.4324875,118.515007,-43.26142,60.73858,14.1638479,5.21268,6.426345,2.68858337,78.9500046,0
57.49066,118.987831,-43.2960052,60.7039948,14.0597277,5.197748,6.89688253,2.68858337,78.98459,0
57.5487,119.4623,-43.33057,60.66943,13.9552631,5.18276644,7.36898,2.68858337,79.01916,0
57.5989227,119.872032,-43.36031,60.63969,13.8650656,5.16983175,7.776604,2.68858337,79.0489,0
57.65673,120.352577,-43.39506,60.60494,13.7592945,5.15466261,8.254608,2.68858337,79.08364,0
57.708374,120.787872,-43.42642,60.57358,13.6635008,5.14092445,8.687535,2.68858337,79.1150055,0
57.75882,121.162506,-43.45332,60.54668,13.49639,5.13280249,9.031365,2.68858337,79.1419,0
57.8166733,121.532028,-43.4797668,60.5202332,13.0999384,5.13493443,9.29142,2.68858337,79.16835,0
57.8674622,121.857208,-43.467926,60.532074,12.7527876,5.13676548,9.520231,2.72363663,79.19156,0
57.92534,122.234886,-43.4948044,60.5051956,12.3512726,5.1388545,9.785819,2.72363663,79.21844,0
57.9754333,122.563576,-43.5181274,60.4818726,12.0031,5.140647,10.0167732,2.72363663,79.24177,0
58.0348969,122.927361,-43.5438728,60.4561272,11.6189671,5.142609,10.2721376,2.72363663,79.26751,0
58.0901337,123.322929,-43.5717773,60.4282227,11.20255,5.144724,10.5494709,2.72363663,79.29541,0
58.1417923,123.663292,-43.5957146,60.4042854,10.8452091,5.14653,10.7877865,2.72363663,79.31935,0
58.2014465,124.025917,-43.6211472,60.3788528,10.46538,5.148445,11.0413561,2.72363663,79.34479,0
58.257782,124.43087,-43.6494637,60.3505363,10.0421925,5.15057325,11.3241,2.72363663,79.3731,0
58.31611,124.80513,-43.64262,60.35738,9.651967,5.15253258,11.5850048,2.75656414,79.3991852,0
58.3745041,125.187859,-43.6692162,60.3307838,9.253729,5.15452957,11.8513994,2.75656414,79.42578,0
58.4303436,125.570808,-43.6957474,60.3042526,8.8381815,5.1567626,12.1107893,2.75656414,79.45231,0
58.48059,125.8429,-43.7145462,60.2854538,8.449804,5.159602,12.259304,2.75656414,79.47111,0
58.53383,126.102577,-43.7324524,60.2675476,8.080315,5.162303,12.4006767,2.75656414,79.48901,0
58.5904846,126.421188,-43.7543678,60.2456322,7.628418,5.16560459,12.57366,2.75656414,79.51093,0
58.6491165,126.749245,-43.77688,60.22312,7.16476,5.16899061,12.7512131,2.75656414,79.53345,0
58.7053223,127.07341,-43.0390434,60.9609566,6.70817137,5.17232561,12.9261074,3.5165863,79.55563,0
58.75772,127.34523,-43.0576057,60.9423943,6.326481,5.17511272,13.0723381,3.5165863,79.57419,0
58.8082581,127.621178,-43.0764046,60.9235954,5.940073,5.177934,13.220397,3.5165863,79.5929947,0
58.8587341,127.8958,-43.0950737,60.9049263,5.55657053,5.180734,13.3673563,3.5165863,79.6116638,0
58.91536,128.232025,-43.11788,60.88212,5.08841467,5.184152,13.546771,3.5165863,79.63447,0
58.96602,128.503036,-43.13622,60.86378,4.71218252,5.18689966,13.6909647,3.5165863,79.6528,0
59.01642,128.781265,-43.1550026,60.8449974,4.32690668,5.18971157,13.8386307,3.5165863,79.67159,0
59.0668335,128.943756,-43.13558,60.86442,3.909607,5.20267773,13.8468828,3.5469656,79.68254,0
59.1236877,129.059921,-43.1434,60.8566,3.4313674,5.22260046,13.7786207,3.5469656,79.69036,0
59.1746368,129.160049,-43.150135,60.849865,3.026043,5.23944473,13.721137,3.5469656,79.6971,0
59.2329025,129.275024,-43.1578636,60.8421364,2.56755352,5.258467,13.6563683,3.5469656,79.70483,0
59.28923,129.402557,-43.1664276,60.8335724,2.06680226,5.27921438,13.5858135,3.5469656,79.7133942,0
59.34098,129.503479,-43.1445351,60.8554649,1.67584121,5.29539776,13.5307961,3.57562923,79.72016,0
59.3915329,129.614853,-43.1520042,60.8479958,1.249438,5.31303835,13.4708233,3.57562923,79.72763,0
59.4495163,129.736252,-43.1601334,60.8398666,0.7903925,5.33202076,13.4062653,3.57562923,79.73576,0
59.50686,129.868835,-43.1690063,60.8309937,0.2956198,5.35247231,13.3366718,3.57562923,79.74464,0
59.55745,129.980591,-43.17648,60.82352,-0.116456293,5.369502,13.2786865,3.57562923,79.7521057,0
59.6075,130.088989,-43.1584663,60.8415337,-0.5119243,5.385843,13.2230158,3.60088062,79.759346,0
59.65776,130.207169,-43.1663551,60.8336449,-0.9384994,5.403467,13.16294,3.60088062,79.7672348,0
59.715538,130.34021,-43.1752243,60.8247757,-1.413247,5.42307949,13.0960464,3.60088062,79.77611,0
59.7658,130.454132,-43.18281,60.81719,-1.81524253,5.43968534,13.0393782,3.60088062,79.78369,0
59.8250046,130.5912,-43.1919327,60.8080673,-2.2937057,5.45944929,12.9719028,3.60088062,79.7928162,0
59.8803024,130.737,-43.1794319,60.8205681,-2.796581,5.48022032,12.9009533,3.62307549,79.8025055,0
59.9319458,130.856537,-43.18737,60.81263,-3.20429349,5.49706125,12.8434105,3.62307549,79.81045,0
59.9825439,130.9794,-43.1955223,60.8044777,-3.61929059,5.51420259,12.7848215,3.62307549,79.8185959,0
60.0412827,131.120758,-43.20489,60.79511,-4.09175062,5.533717,12.7181044,3.62307549,79.8279648,0
60.09851,131.26593,-43.2145,60.7855,-4.57158756,5.553536,12.6503286,3.62307549,79.83758,0
60.14965,131.390381,-43.2017059,60.7982941,-4.978725,5.570352,12.59281,3.64410114,79.84581,0
60.2070541,131.540329,-43.2116127,60.7883873,-5.46433,5.59040976,12.5241928,3.64410114,79.85571,0
60.25721,131.6685,-43.2200737,60.7799263,-5.875228,5.60738134,12.4661226,3.64410114,79.8641739,0
60.3077774,131.792389,-43.22824,60.77176,-6.2688427,5.62363958,12.4104872,3.64410114,79.872345,0
60.35798,131.925262,-43.2369957,60.7630043,-6.68728876,5.640923,12.3513355,3.64410114,79.8810959,0
60.4096375,132.06105,-43.24593,60.75407,-7.11099,5.65842342,12.2914381,3.64410114,79.89003,0
60.46428,132.2234,-43.2367134,60.7632866,-7.612557,5.679141,12.2205238,3.663988,79.9007,0
60.5244675,132.368225,-43.2462234,60.7537766,-8.055525,5.69743729,12.15789,3.663988,79.91021,0
60.5840149,132.5287,-43.25675,60.74325,-8.541606,5.71751356,12.0891571,3.663988,79.92074,0
60.6407166,132.666336,-43.2657623,60.7342377,-9.010583,5.742897,12.0024271,3.663988,79.92975,0
60.6985321,132.802475,-43.2746735,60.7253265,-9.501501,5.772535,11.9011555,3.663988,79.93866,0
60.7486725,132.914719,-43.26463,60.73537,-9.901629,5.79668,11.8185816,3.68136978,79.946,0
60.79873,133.030914,-43.2722168,60.7277832,-10.31161,5.82141352,11.7339468,3.68136978,79.95359,0
60.85785,133.163528,-43.2808723,60.7191277,-10.7744846,5.849332,11.6383591,3.68136978,79.96224,0
60.90889,133.2796,-43.28844,60.71156,-11.1753254,5.87350464,11.5555563,3.68136978,79.96981,0
60.9658661,133.425629,-43.29795,60.70205,-11.6740952,5.903581,11.4524908,3.68136978,79.9793243,0
61.0245056,133.563278,-43.29044,60.70956,-12.1388445,5.93160343,11.3564291,3.69783974,79.98828,0
61.08304,133.700485,-43.2993546,60.7006454,-12.5970507,5.95922947,11.2616968,3.69783974,79.99719,0
61.1407852,133.845139,-43.30875,60.69125,-13.0748472,5.98803568,11.1628914,3.69783974,80.00659,0
61.19104,133.972916,-43.3170357,60.6829643,-13.4925394,6.013217,11.076499,3.69783974,80.01488,0
61.2412338,134.093231,-43.3248329,60.6751671,-13.8822184,6.03671074,10.9958887,3.69783974,80.0226746,0
61.2988358,134.246719,-44.162735,59.837265,-14.3744268,6.066384,10.8940525,2.869876,80.03261,0
61.3547058,134.396317,-44.1594467,59.8405533,-14.84894,6.09499025,10.795866,2.88283539,80.04228,0
61.40722,134.526947,-44.1678848,59.8321152,-15.259284,6.119728,10.7109509,2.88283539,80.05072,0
61.4589844,134.652267,-44.1759758,59.8240242,-15.6495571,6.143256,10.63018,2.88283539,80.05881,0
61.5155029,134.804825,-44.18581,59.81419,-16.1201782,6.17162752,10.532774,2.88283539,80.06864,0
61.5660629,134.945282,-44.1948547,59.8051453,-16.5493641,6.197501,10.4439383,2.88283539,80.07769,0
61.6243134,135.101624,-44.1936646,59.8063354,-17.0225754,6.22603,10.3459845,2.894081,80.0877457,0
61.6750336,135.237411,-44.2023926,59.7976074,-17.4298153,6.25058126,10.2616816,2.894081,80.09647,0
61.73104,135.397812,-44.21269,59.78731,-17.9065113,6.27931929,10.1629992,2.894081,80.1067657,0
61.7829056,135.5355,-44.2215157,59.7784843,-18.3120785,6.30376959,10.0790377,2.894081,80.1156,0
61.83882,135.698242,-44.23194,59.76806,-18.7871838,6.332412,9.980678,2.894081,80.12602,0
61.8907166,135.833542,-44.2405968,59.7594032,-19.1788177,6.35602236,9.899598,2.894081,80.1346741,0
61.948494,135.99826,-44.2395248,59.7604752,-19.6515656,6.38452244,9.801721,2.9056797,80.1452,0
62.00022,136.1436,-44.2488022,59.7511978,-20.0651131,6.40945435,9.716099,2.9056797,80.15448,0
62.0575943,136.315826,-44.25978,59.74022,-20.55096,6.438744,9.615505,2.9056797,80.16546,0
62.10862,136.457016,-44.2687759,59.7312241,-20.9459553,6.462557,9.533722,2.9056797,80.17445,0
62.165657,136.6337,-44.280014,59.719986,-21.43614,6.49210835,9.43223,2.9056797,80.18569,0
62.2160721,136.781189,-44.27935,59.72065,-21.8456,6.520282,9.346495,2.91571331,80.19506,0
62.2735519,136.946457,-44.28984,59.71016,-22.3085518,6.55961752,9.247501,2.91571331,80.20555,0
62.3247147,137.087677,-44.29879,59.70121,-22.7009335,6.59293842,9.163594,2.91571331,80.21451,0
62.3810272,137.262054,-44.3098335,59.6901665,-23.1815338,6.633733,9.060816,2.91571331,80.22555,0
62.4423,137.4301,-44.32046,59.67954,-23.640707,6.672696,8.962614,2.91571331,80.2361755,0
62.49906,137.6119,-44.3319435,59.6680565,-24.1331787,6.714476,8.857286,2.91571331,80.24766,0
62.5574265,137.779785,-44.3338928,59.6661072,-24.58416,6.75273,8.760825,2.9243536,80.25825,0
62.6084747,137.929718,-44.343338,59.656662,-24.9838886,6.786633,8.67532349,2.9243536,80.26769,0
62.66532,138.114288,-44.3549538,59.6450462,-25.4721375,6.8280406,8.570883,2.9243536,80.27931,0
62.7178574,138.2684,-44.3646431,59.6353569,-25.876688,6.8623476,8.48434448,2.9243536,80.2889938,0
62.77433,138.4499,-44.3760376,59.6239624,-26.349596,6.902451,8.383182,2.9243536,80.30039,0
62.82518,138.605515,-44.38579,59.61421,-26.7520123,6.93657637,8.297094,2.9243536,80.31015,0
62.8823624,138.7901,-68.66836,35.3316422,-27.2258739,6.976758,8.195723,2.93334675,104.601707,2
62.9405823,138.975555,-68.6799545,35.32004,-27.69826,7.01681471,8.094664,2.93334675,104.613304,2
62.9909439,139.138138,-68.69011,35.3098869,-28.10941,7.051678,8.006703,2.93334675,104.623459,2
63.0513229,139.323563,-68.70168,35.29832,-28.57499,7.091157,7.907098,2.93334675,104.635025,2
63.10681,139.515228,-68.71362,35.28638,-29.05263,7.131658,7.80490971,2.93334675,104.646965,2
63.1578064,139.674423,-68.71506,35.2849426,-29.4466152,7.165066,7.72061825,2.94181728,104.656876,2
63.216713,139.86441,-68.72686,35.2731361,-29.9136448,7.20466661,7.620698,2.94181728,104.668678,2
63.27472,140.057449,-68.7388458,35.261158,-30.3847332,7.24461174,7.519909,2.94181728,104.680656,2
63.332222,140.256989,-68.7512054,35.24879,-30.8681183,7.28559971,7.416488,2.94181728,104.693024,2
63.3904266,140.456924,-72.02069,31.97931,-31.348938,7.32637024,7.31361628,-0.315292358,104.7054,2
63.4492264,140.656128,-72.033,31.967,-31.8245888,7.366702,7.21184969,-0.315292358,104.717705,2
63.49981,140.8236,-72.039505,31.9604969,-32.2219,7.40039158,7.126844,-0.3114586,104.728043,2
63.55773,141.021133,-72.05168,31.9483223,-32.6875839,7.43987846,7.02720976,-0.3114586,104.740219,2
63.6155,141.230042,-72.06454,31.9354649,-33.17664,7.481346,6.92257452,-0.3114586,104.753075,2
63.6742249,141.426544,-72.0766144,31.9233875,-33.6335754,7.520092,6.824811,-0.3114586,104.765152,2
63.73307,141.643524,-72.08993,31.9100723,-34.1194,7.53856468,6.72529173,-0.3114586,104.778473,2
63.78885,141.876282,-72.100914,31.899086,-34.62971,7.54655838,6.62299442,-0.30818367,104.792732,2
63.8389664,142.06572,-96.3925,7.607496,-35.0425034,7.552882,6.54028654,-0.30818367,129.08432,4
63.8909531,142.2541,-96.4040146,7.595986,-35.4507675,7.55904627,6.458514,-0.30818367,129.095825,4
63.94851,142.479218,-96.41775,7.582252,-35.9358368,7.566283,6.361388,-0.30818367,129.109558,4
64.0001144,142.666016,-96.42913,7.57087135,-36.3360977,7.572203,6.28126,-0.30818367,129.120941,4
64.05705,142.901474,-96.44345,7.556548,-36.8377876,7.579577,6.180845,-0.30818367,129.135269,4
64.10875,143.085251,-96.45461,7.545385,-37.22722,7.58527374,6.10290956,-0.30818367,129.146439,4
64.16554,143.322449,-72.18562,31.8143787,-37.7271347,7.592564,6.002875,-0.304801941,104.880821,2
64.21626,143.518158,-72.19747,31.8025265,-38.1373558,7.59853172,5.92079353,-0.304801941,104.89267,2
64.27313,143.742371,-72.21104,31.7889671,-38.6048927,7.605322,5.82725239,-0.304801941,104.906235,2
64.33272,143.96904,-72.22472,31.77528,-39.0749474,7.61213875,5.733211,-0.304801941,104.919914,2
64.387886,144.20282,-72.2388153,31.7611885,-39.5570526,7.61912346,5.636766,-0.304801941,104.934013,2
64.4398,144.411423,-72.2513657,31.7486324,-39.98502,7.625321,5.55115271,-0.304801941,104.946564,2
64.48992,144.604568,-72.2601,31.7399,-40.3794022,7.63102865,5.47225952,-0.301923752,104.958176,2
64.5417252,144.80661,-72.2722244,31.7277737,-40.7901154,7.63697147,5.390102,-0.301923752,104.970306,2
64.59663,145.045288,-72.28653,31.7134686,-41.27284,7.643954,5.293541,-0.301923752,104.984604,2
64.64949,145.247742,-72.298645,31.7013531,-41.680336,7.64984751,5.2120285,-0.301923752,104.996727,2
64.70487,145.488068,-72.313,31.6869946,-42.1616478,7.65680742,5.115755,-0.301923752,105.011086,2
64.75705,145.693726,-72.32528,31.6747246,-42.5715752,7.66273451,5.03376,-0.301923752,105.023354,2
64.81364,145.927658,-72.33626,31.6637421,-43.035675,7.669445,4.94092941,-0.298969269,105.037285,2
64.86607,146.139282,-72.34885,31.6511555,-43.453537,7.675487,4.85734844,-0.298969269,105.049873,2
64.92338,146.382965,-72.36331,31.6366844,-43.9324226,7.68241024,4.7615633,-0.298969269,105.064346,2
64.97481,146.581772,-72.37511,31.624897,-44.3213539,7.68803358,4.6837697,-0.298969269,105.076134,2
65.0332947,146.833649,-72.3900146,31.6099834,-44.8118668,7.69512463,4.5856595,-0.298969269,105.091049,2
65.09194,147.0793,-72.40453,31.5954647,-45.2878952,7.70200634,4.490446,-0.298969269,105.105568,2
65.1488342,147.329239,-72.41928,31.5807171,-45.7699051,7.70897532,4.39403534,-0.298969269,105.120316,2
65.199646,147.533,-72.42879,31.5712147,-46.1611061,7.7146306,4.31579065,-0.296466827,105.132317,2
65.2575455,147.773575,-72.44294,31.5570621,-46.6369171,7.718416,4.20863056,-0.296466827,105.146469,2
65.3161,148.0062,-72.4566,31.5434,-47.11002,7.719283,4.09083128,-0.296466827,105.160133,2
65.37498,148.239258,-96.75027,7.2497344,-47.5815544,7.7201395,3.97339034,-0.296466827,129.4538,4
65.42513,148.440826,-96.76207,7.23793173,-47.9874039,7.7208724,3.87228727,-0.296466827,129.4656,4
65.48291,148.684418,-96.7763062,7.22369051,-48.4754829,7.721751,3.750679,-0.296466827,129.479843,4
65.5389938,148.92511,-96.7878,7.212197,-48.955246,7.722613,3.63112736,-0.29391098,129.4939,4
65.5902252,149.1293,-96.7997055,7.200295,-49.36035,7.7233386,3.53017,-0.29391098,129.5058,4
65.64117,149.3336,-96.81159,7.188404,-49.7638969,7.72406054,3.42959428,-0.29391098,129.517685,4
65.70032,149.566376,-96.82513,7.174876,-50.2215919,7.724879,3.31551623,-0.29391098,129.531219,4
65.7580948,149.813965,-96.83949,7.16050863,-50.70606,7.725744,3.19476,-0.29391098,129.545578,4
65.81657,150.055237,-96.85347,7.146532,-51.17579,7.726582,3.07767367,-0.29391098,129.559555,4
65.8746,150.299835,-96.86546,7.13453436,-51.6497154,7.72742748,2.95953727,-0.2917614,129.5737,4
65.93284,150.536285,-96.87912,7.12088,-52.1056862,7.72824,2.84587288,-0.2917614,129.587357,4
65.9920044,150.791672,-96.8938446,7.1061573,-52.5958023,7.72911358,2.723696,-0.2917614,129.602081,4
66.04881,151.038742,-72.62807,31.3719368,-53.067688,7.72995472,2.606061,-0.2917614,105.3363,2
66.10016,151.249771,-72.64019,31.35981,-53.468998,7.73067,2.50601983,-0.2917614,105.348427,2
66.15758,151.50087,-72.6546,31.3454,-53.9444656,7.731518,2.38748956,-0.2917614,105.362839,2
66.21578,151.740646,-72.668335,31.331665,-54.3964424,7.732323,2.27481651,-0.2917614,105.376572,2
66.27416,151.999344,-72.68095,31.3190517,-54.88186,7.73318768,2.153806,-0.2895794,105.391373,2
66.33248,152.246979,-72.69509,31.3049126,-55.3444328,7.73401165,2.03848886,-0.2895794,105.40551,2
66.39121,152.450974,-72.70672,31.2932816,-55.7919121,7.734624,1.87392139,-0.2895794,105.417137,2
66.44875,152.332565,-72.69997,31.30003,-56.0335274,7.7337966,1.45244265,-0.2895794,105.410393,2
66.5073,152.215637,-96.9733,7.02670145,-56.2747879,7.732968,1.03135312,-0.2895794,129.683716,4
66.55989,152.116287,-96.96763,7.032372,-56.48195,7.732257,0.669637,-0.2895794,129.678055,4
66.61339,152.002762,-96.95932,7.040681,-56.7213974,7.731434,0.2514537,-0.287755966,129.67157,4
66.66499,151.906616,-96.95383,7.046176,-56.92644,7.73072863,-0.106722057,-0.287755966,129.666061,4
66.71574,151.807892,-96.94817,7.05182266,-57.13932,7.729996,-0.4786478,-0.287755966,129.660416,4
66.76599,151.712784,-96.94273,7.05726671,-57.3467331,7.729283,-0.8410619,-0.287755966,129.654984,4
66.81948,151.613419,-96.93704,7.062958,-57.56596,7.728529,-1.22415686,-0.287755966,129.649292,4
